price_tomans,area_sqm,year_built,num_rooms,building_total_floors,unit_floor,has_elevator,has_parking,has_storage_unit,neighborhood
8200000000,150,1389,3,5,3,1,1,1,فرهنگ
7200000000,115,1403,2,4,1,1,1,1,کلاهدوز
14000000000,200,1404,3,6,6,1,1,1,کلاهدوز
3800000000,80,1382,2,4,2,0,1,1,سناباد
4600000000,90,1401,2,4,3,1,1,1,سناباد
2700000000,90,1396,1,4,4,0,0,1,گلبرگ شمالی
12500000000,165,1404,3,5,1,1,1,1,رضاشهر
31900000000,290,1404,4,6,6,1,1,1,سجاد شهر
13000000000,160,1403,3,4,4,1,1,1,فرهنگ
13560000000,180,1404,3,5,5,1,1,1,امام رضا (ع)
13000000000,250,1404,4,5,5,1,1,1,آزادشهر
2950000000,78,1390,2,4,3,1,1,1,الهیه
4400000000,85,1388,2,0,0,1,1,1,سید رضی
16520000000,180,1404,3,6,3,1,1,1,فرهنگ
1900000000,90,1395,2,4,4,0,0,1,فدک
12700000000,165,1404,3,2,2,1,1,1,آزادشهر
11200000000,160,1403,3,6,2,1,1,1,آزادشهر
7200000000,160,1392,3,2,2,1,1,1,آزادشهر
13000000000,170,1404,3,6,2,1,1,1,آزادشهر
8400000000,163,1392,3,5,1,1,1,1,آزادشهر
8950000000,163,1397,3,6,1,1,1,1,آزادشهر
9300000000,166,1404,3,6,4,1,1,1,سید رضی
18200000000,182,1404,3,6,2,1,1,1,آزادشهر
4750000000,90,1386,2,4,0,1,1,1,آزادشهر
1720000000,95,1390,2,4,0,0,1,0,یوسفیه (شهرک غرب)
10600000000,165,1395,3,4,4,1,1,1,آزادشهر
3950000000,84,1389,2,3,1,0,0,1,زیبا شهر
3500000000,72,1390,2,4,4,1,1,0,هفت تیر (آب و برق)
3150000000,67,1396,2,4,1,1,1,1,شاهد (شهرک غرب)
5450000000,115,1404,2,3,3,1,1,1,الهیه
5000000000,100,1403,2,6,1,1,1,1,فرهنگیان (شهرک غرب)
4200000000,90,1401,2,5,2,1,1,1,حسابی جنوبی (شهرک غرب)
4260000000,120,1401,2,6,6,1,1,1,حسین‌آباد
6240000000,104,1404,2,1,1,1,1,1,سید رضی
7850000000,162,1404,3,4,4,1,1,1,تربیت (صدف)
8000000000,167,1401,3,6,3,1,1,1,آزادشهر
10200000000,167,1404,3,6,5,1,1,1,دانشجو
10400000000,157,1404,3,6,1,1,1,1,آزادشهر
9000000000,172,1404,3,6,3,1,1,1,شهید رضوی
8150000000,156,1392,3,5,4,1,1,1,سید رضی
10200000000,160,1404,3,6,3,1,1,1,دانشجو
8000000000,115,1404,2,6,3,1,1,1,دانشجو
2100000000,125,1403,2,5,5,1,1,0,توس (بلوار توس)
1300000000,75,1392,1,2,2,0,0,1,بهمن
8000000000,190,1404,3,2,2,1,1,1,الهیه
1350000000,90,1398,2,1,1,0,0,1,طبرسی شمالی
4700000000,117,1404,2,5,3,1,1,1,الهیه
1200000000,55,1404,1,6,2,1,0,1,کوی ولیعصر
8850000000,135,1400,2,5,2,1,1,1,هفت تیر (آب و برق)
3500000000,120,1404,2,6,1,1,1,1,ایثارگران
3950000000,95,1404,2,6,2,1,1,1,الهیه
1400000000,85,1401,2,4,4,0,0,0,نظام دوست
7600000000,155,1404,3,5,3,1,1,1,فرهنگیان (شهرک غرب)
11400000000,160,1403,3,6,3,1,1,1,فرهنگ
15500000000,160,1403,3,6,3,1,1,1,فرهنگ
5200000000,100,1400,2,2,2,0,1,1,همت آباد
5900000000,100,1404,2,5,3,1,1,1,خرمشهر
6200000000,100,1396,3,1,1,1,1,1,امام رضا (ع)
4350000000,100,1402,2,5,2,1,1,1,الهیه
3880000000,100,1404,2,3,3,1,1,1,امیریه
3850000000,100,1399,2,4,1,1,1,1,الهیه
1980000000,100,1404,2,3,3,1,1,1,توس (بلوار توس)
2650000000,100,1396,2,5,2,1,1,1,امیر
6000000000,100,1396,2,6,2,1,1,1,حرم مطهر رضوی
7500000000,100,1402,2,1,1,1,1,1,امام خمینی
6997000000,100,1404,2,6,4,1,1,1,آزادشهر
1900000000,100,1404,2,5,2,1,0,1,رستگار
3550000000,100,1404,2,2,2,1,1,1,حسین‌آباد
4980000000,100,1404,2,5,5,1,1,1,فرهنگیان (شهرک غرب)
4200000000,100,1398,2,1,1,1,1,1,هفت تیر (آب و برق)
1350000000,100,1400,1,1,1,0,0,1,طبرسی شمالی
3100000000,100,1403,2,1,1,1,0,1,هنرور
1550000000,100,1400,2,0,0,0,0,1,نوید
1250000000,100,1400,2,4,4,1,0,0,مشهدقلی
4800000000,100,1404,2,3,3,1,1,1,الهیه
4350000000,100,1402,2,3,3,1,1,1,الهیه
2300000000,100,1398,2,3,3,0,1,1,یاس
1600000000,100,1400,2,3,3,1,0,1,کشف
4000000000,101,1399,2,4,4,1,1,0,الهیه
6450000000,102,1404,2,6,5,1,1,1,آزادشهر
10200000000,102,1404,2,4,4,1,1,1,امام رضا (ع)
3750000000,100,1404,2,1,1,1,1,1,حسین‌آباد
4600000000,102,1404,2,6,1,1,1,1,حجاب (شهرک غرب)
4577000000,103,1391,2,1,1,0,1,1,صیاد شیرازی
7200000000,103,1403,2,2,2,1,1,1,امام رضا (ع)
8900000000,103,1401,2,4,4,1,1,1,حرم مطهر رضوی
4429000000,103,1396,2,4,1,1,1,1,شهرک لشکر (شهرک غرب)
4850000000,104,1403,2,5,2,1,1,1,الهیه
2700000000,105,1390,2,3,2,0,0,1,حسین‌آباد
4100000000,105,1397,2,4,4,1,1,1,هفت تیر (آب و برق)
4500000000,105,1400,2,4,4,1,1,1,فرهنگیان (شهرک غرب)
7400000000,105,1404,2,6,3,1,1,1,نیروی هوایی
4100000000,105,1404,2,4,3,1,1,1,امیریه
3900000000,106,1399,2,3,3,1,1,1,جاهد شهر
4580000000,106,1401,2,4,3,1,1,1,الهیه
4400000000,106,1393,2,4,4,1,1,1,الهیه
4750000000,107,1393,2,4,1,1,1,1,اقبال
2670000000,107,1380,2,3,3,0,1,0,استاد یوسفی (شهرک غرب)
3750000000,107,1396,2,2,2,1,1,1,الهیه
4500000000,107,1401,2,3,3,1,1,1,الهیه
5000000000,108,1404,2,6,5,1,1,1,الهیه
4400000000,108,1395,2,4,4,1,1,1,جاهد شهر
3300000000,108,1390,2,3,3,0,0,1,هفده شهریور
4650000000,110,1391,2,2,2,0,1,1,هفت تیر (آب و برق)
2295000000,110,1403,2,5,5,1,0,1,امیر
2300000000,110,1397,2,2,2,0,0,1,توس (بلوار توس)
5100000000,110,1404,2,1,1,1,1,1,هفت تیر (آب و برق)
7300000000,111,1404,2,6,5,1,1,1,اقبال
3680000000,110,1404,2,4,4,1,1,1,حسین‌آباد
2600000000,110,1395,2,4,4,1,0,1,جانباز
8250000000,110,1403,2,2,2,1,1,1,حرم مطهر رضوی
7700000000,110,1403,2,3,3,1,1,1,امام رضا (ع)
5750000000,112,1404,2,3,3,1,1,1,الهیه
5400000000,110,1404,2,5,3,1,1,1,شهرک لشکر (شهرک غرب)
5900000000,110,1404,2,5,3,1,1,1,شهرک لشکر (شهرک غرب)
8000000000,110,1402,3,6,5,1,1,1,امام رضا (ع)
3200000000,110,1403,2,3,3,1,1,1,شهید مطهری
2100000000,110,1394,2,4,0,0,0,1,ایثارگران
4480000000,112,1400,2,2,2,1,1,1,الهیه
5550000000,112,1404,2,3,3,1,1,1,جاهد شهر
5850000000,113508500,1400,2,5,5,1,1,1,الهیه
5100000000,113,1404,2,3,3,1,1,1,الهیه
8500000000,113,1399,2,4,1,1,1,1,حرم مطهر رضوی
3000000000,113,1388,2,7,6,1,1,0,الهیه
4450000000,114,1398,2,1,1,1,1,1,شهرک لشکر (شهرک غرب)
4500000000,114,1400,2,2,2,1,1,1,الهیه
4674000000,114,1404,2,5,5,1,1,1,حجاب (شهرک غرب)
5800000000,125,1403,2,4,4,1,1,1,جاهد شهر
4800000000,115,1403,2,4,4,1,1,1,جاهد شهر
7700000000,115,1401,2,6,6,1,1,1,امام رضا (ع)
2600000000,115,1404,2,5,5,1,0,0,شفا
3950000000,115,1404,2,6,1,1,1,1,شهید مطهری
3350000000,115,1401,2,2,2,0,0,1,شهید مطهری
4800000000,115,1397,3,3,1,1,1,1,شهرک لشکر (شهرک غرب)
3500000000,115,1400,2,6,5,1,1,1,یاس
5350000000,117,1404,3,1,1,1,1,1,هفده شهریور
4600000000,117,1395,2,3,3,1,1,1,هنرور
6000000000,117,1404,2,4,2,1,1,1,هفده شهریور
2400000000,117,1404,2,5,1,1,1,1,بهمن
7200000000,118,1404,2,4,4,1,1,1,الهیه
4900000000,120,1392,2,5,5,1,1,1,شهرآرا
13000000000,123,1404,3,5,5,1,1,1,احمدآباد
4950000000,120,1385,2,3,3,0,1,1,هفت تیر (حافظ)
1820000000,120,1403,2,1,1,0,1,1,کشف
6000000000,120,1386,2,1,1,1,1,1,نیروی هوایی
4320000000,120,1403,2,2,2,1,1,1,حسین‌آباد
5250000000,120,1401,2,5,5,1,1,1,الهیه
1300000000,120,1395,2,0,0,0,0,1,حضرت حجت
5400000000,120,1404,2,2,2,1,1,1,حسین‌آباد
6200000000,120,1403,2,5,4,1,1,1,چهارچشمه
6350000000,120,1394,2,2,2,0,1,1,پنجتن
8100000000,120,1404,2,6,6,1,1,1,صیاد شیرازی
3300000000,120,1404,2,2,2,1,1,1,موسوی قوچانی
6400000000,120,1396,2,5,1,1,1,1,هفت تیر (آب و برق)
4750000000,120,1394,3,1,1,1,1,1,الهیه
5150000000,120,1395,3,4,4,1,1,1,فرهنگیان (شهرک غرب)
6350000000,117,1404,2,1,1,1,1,1,هفت تیر (آب و برق)
6550000000,122,1403,3,5,1,1,1,1,هفده شهریور
6100000000000,122,1394,3,4,3,1,1,1,هفده شهریور
7500000000,123,1396,3,6,4,1,1,1,حرم مطهر رضوی
7800000000,123,1403,3,6,6,1,1,1,اقبال
6000000000,124,1390,2,3,1,0,1,1,کوثر
2800000000,125,1402,2,6,4,1,1,1,حضرت حجت
3250000000,125,1404,2,5,2,1,1,1,امیر
7600000000,125,1402,2,6,6,1,1,1,امام رضا (ع)
3450000000,125,1398,2,2,2,1,1,1,شهید مطهری
3850000000,125,1404,2,4,1,1,1,1,چهارچشمه
2360000000,127,1402,2,2,2,0,1,1,کشف
5000000000,127,1380,2,1,1,0,1,1,شهرک رازی (شهرک غرب)
5334000000,127,1403,2,1,1,1,1,1,الهیه
8300000000,127,1395,3,4,3,1,1,1,ارشاد
4850000000,128,1400,3,3,3,1,1,1,حسین‌آباد
1450000000,130,1402,2,4,4,1,0,1,طبرسی شمالی
7000000000,150,1403,3,3,3,1,1,1,جاهد شهر
5700000000,130,1389,3,4,4,1,1,1,سرافرازان
7600000000,130,1404,3,0,0,1,1,1,هفت تیر (حافظ)
6000000000,130,1404,3,3,3,1,1,1,نرگس (شهرک غرب)
7500000000,130,1391,3,5,2,1,1,0,آزادشهر
6250000000,130,1404,3,6,4,1,1,1,میعاد (شهرک غرب)
1800000000,130,1404,2,4,1,1,1,0,حضرت حجت
6000000000,130,1404,2,5,2,1,1,1,هفده شهریور
7100000000,130,1399,3,2,2,1,1,1,امام خمینی
4400000000,130,1401,2,1,1,1,1,1,الهیه
4224000000,132,1402,3,5,5,1,1,1,حسین‌آباد
4360000000,132,1402,2,3,3,1,1,1,حسین‌آباد
5350000000,135,1404,2,3,3,1,1,1,کارمندان دوم
9200000000,135,1404,3,3,3,1,1,1,امام رضا (ع)
4250000000,135,1404,3,3,3,1,1,1,جانباز
9400000000,135,1404,3,5,3,1,1,1,هنرستان
6075000000,135,1404,2,4,4,1,1,1,هفده شهریور
5350000000,135,1404,3,5,4,1,1,1,نرگس (شهرک غرب)
4050000000,135,1404,3,1,1,1,1,1,شهید مطهری
5700000000,135,1392,3,4,4,1,1,1,فرهنگیان (شهرک غرب)
5400000000,135,1402,3,5,4,1,1,1,حسابی جنوبی (شهرک غرب)
7600000000,138,1404,3,5,1,1,1,1,نیروی هوایی
6800000000,140,1404,3,1,1,1,1,1,هنرور
7000000000,140,1385,3,4,4,1,1,1,فرهنگ
8900000000,140,1398,3,5,3,1,1,1,هنرستان
4050000000,140,1403,3,4,4,1,1,1,هنرور
5500000000,140,1401,3,2,2,1,1,1,جاهد شهر
7000000000,110,1403,3,5,2,1,1,1,هفده شهریور
4600000000,140,1404,3,2,2,1,1,1,شهید مطهری
3700000000,143,1403,2,4,3,1,0,1,امیر
7750000000,144,1401,3,5,2,1,1,1,نیروی هوایی
6500000000,145,1402,3,2,2,1,1,1,الهیه
5400000000,145,1402,3,3,3,1,1,1,شهرک لشکر (شهرک غرب)
5400000000,145,1402,3,3,3,1,1,1,شهرک لشکر (شهرک غرب)
8300000000,145,1388,3,5,2,1,1,1,هنرستان
5950000000,145,1401,3,5,5,1,1,1,هنرور
6670000000,145,1404,3,5,3,1,1,1,جاهد شهر
15250000000,145,1403,3,5,4,1,1,0,دانش
6000000000,145,1402,3,4,4,1,1,1,الهیه
6150000000,145,1400,3,5,4,1,1,1,الهیه
7050000000,145,1389,3,4,4,1,1,1,امام خمینی
5600000000,140,1380,2,4,1,0,1,1,تربیت (صدف)
4890000000,148,1404,3,3,3,1,1,1,حسین‌آباد
5500000000,148,1402,3,4,4,1,1,1,الهیه
9450000000,140,1404,3,6,2,1,1,1,امام رضا (ع)
12000000000,150,1404,3,4,4,1,1,1,شهید فرامرز عباسی
7300000000,150,1402,3,2,2,1,1,1,نیروی هوایی
4725000000,150,1404,3,7,1,1,1,1,شهید مطهری
1750000000,150,1397,2,3,3,0,1,1,شهرک امام هادی (شهرک غرب)
4500000000,150,1403,3,5,3,1,1,1,موسوی قوچانی
6100000000,150,1384,3,4,3,0,1,1,امام خمینی
5850000000,150,1404,3,3,3,1,1,1,حسین‌آباد
6500000000,150,1390,3,3,2,0,1,1,دانشجو
8200000000,150,1398,3,5,1,1,1,1,دانشجو
7100000000,151,1393,3,4,4,1,1,1,صیاد شیرازی
7900000000,152,1403,3,5,5,1,1,1,امام رضا (ع)
22490000000,155,1404,3,2,2,1,1,1,ملک‌آباد
11000000000,155,1404,3,5,5,1,1,1,گوهرشاد
6500000000,155,1403,3,2,2,1,1,1,جاهد شهر
8650000000,155,1404,3,4,4,1,1,1,سید رضی
5270000000,155,1404,3,2,2,1,1,1,هنرور
4690000000,155,1398,3,5,1,1,1,1,الهیه
12400000000,155,1404,3,1,1,1,1,1,فرهنگ
6800000000,155,1404,3,2,1,1,1,1,الهیه
19500000000,155,1404,3,5,5,1,1,1,سجاد شهر
10000000000,155,1403,3,6,3,1,1,1,امام رضا (ع)
10250000000,156,1404,3,6,6,1,1,1,آزادشهر
6300000000,156,1403,3,4,4,1,1,1,جاهد شهر
6100000000,158,1403,3,4,4,1,1,1,جاهد شهر
12550000000,160,1404,3,6,4,1,1,1,رضاشهر
5100000000,160,1402,3,3,3,1,1,1,حسین‌آباد
12000000000,160,1404,3,6,2,1,1,1,فرهنگ
6400000000,160,1404,3,2,2,1,1,1,نرگس (شهرک غرب)
7500000000,160,1403,3,5,3,1,1,1,الهیه
5150000000,160,1403,3,3,3,1,1,1,هنرور
8100000000,160,1402,3,5,3,1,1,1,هفت تیر (آب و برق)
11600000000,155,1404,3,4,4,1,1,1,شهید فرامرز عباسی
9500000000,160,1404,3,6,2,1,1,1,دانشجو
8400000000,160,1401,3,5,3,1,1,1,خرمشهر
11800000000,160,1404,3,5,1,1,1,1,رضاشهر
5800000000,160,1404,3,2,2,1,1,1,الهیه
12000000000,161,1403,3,6,3,1,1,1,وکیل‌آباد
6500000000,162,1396,3,5,5,1,1,1,سرافرازان
10880000000,163,1393,3,6,5,1,1,1,هنرستان
10100000000,163,1404,3,6,2,1,1,1,سید رضی
13200000000,163,1403,3,6,1,1,1,1,شهرک شهید باهنر
7890000000,164,1401,3,6,2,1,1,1,زیبا شهر
10800000000,165,1404,3,6,4,1,1,1,امام خمینی
12700000000,165,1404,3,4,4,1,1,1,دانشجو
7350000000,165,1402,3,5,3,1,1,1,فرهنگیان (شهرک غرب)
10500000000,165,1393,3,6,4,1,1,1,هنرستان
6600000000,165,1403,3,5,5,1,1,1,الهیه
9000000000,165,1404,3,6,6,1,1,1,سید رضی
8700000000,165,1404,3,3,3,1,1,1,صیاد شیرازی
8100000000,165,1403,3,6,1,1,1,1,خرمشهر
10700000000,166,1404,3,6,5,1,1,1,آزادشهر
9498000000,168,1404,3,6,4,1,1,1,سید رضی
15120000000,168,1404,3,6,6,1,1,1,شهید فرامرز عباسی
10200000000,170,1404,3,6,4,1,1,1,خرمشهر
13300000000,170,1404,3,4,4,1,1,1,سناباد
6500000000,170,1398,3,2,2,1,1,1,هفت تیر (آب و برق)
6700000000,170,1404,3,3,3,1,1,1,الهیه
7600000000,170,1404,3,2,2,1,1,1,الهیه
10000000000,170,1400,3,2,2,1,1,1,امام رضا (ع)
14300000000,170,1404,3,6,4,1,1,1,کوثر
7300000000,170,1403,3,6,6,1,1,1,میعاد (شهرک غرب)
12300000000,170,1403,3,4,4,1,1,1,هنرستان
8500000000,170,1401,3,6,3,1,1,1,امام خمینی
10500000000,170,1403,3,1,1,1,1,1,سرافرازان
10350000000,170,1401,3,2,2,1,1,1,فردوسی
10000000000,170,1400,3,6,1,1,1,1,فرهنگ
12500000000,170,1404,3,6,4,1,1,1,رضاشهر
5800000000,170,1404,3,7,5,1,1,1,شهید مطهری
7000000000,170,1384,2,4,1,0,1,1,دانشجو
8500000000,170,1404,3,1,1,1,1,1,رضاشهر
5600000000,175,1402,3,3,3,1,1,1,حسین‌آباد
11000000000,175,1404,3,3,3,1,1,1,کوثر
18540000000,180,1404,3,2,2,1,1,1,آزادشهر
9500000000,180,1395,3,5,2,1,1,1,رضاشهر
5600000000,180,1402,3,6,6,1,1,1,ایمان
13500000000,180,1404,3,2,2,1,1,1,شهید فرامرز عباسی
8200000000,170,1404,3,3,3,1,1,1,الهیه
8190000000,181,1394,3,5,5,1,1,1,آزادشهر
8050000000,183,1404,3,4,4,1,1,1,فرهنگیان (شهرک غرب)
13900000000,185,1404,3,2,2,1,1,1,جاهد شهر
10200000000,186,1394,3,1,1,1,1,1,فرهنگ
8400000000,187,1404,3,3,3,1,1,1,الهیه
9290000000,188,1404,3,6,3,1,1,1,آزادشهر
9200000000,191,1404,3,6,4,1,1,1,خرمشهر
7500000000,190,1404,3,7,2,1,1,1,شهید مطهری
9600000000,190,1404,3,3,3,1,1,1,الهیه
10290000000,190,1388,3,5,5,1,1,1,هنرستان
8500000000,190,1403,3,6,5,1,1,1,الهیه
12650000000,195,1401,3,5,2,1,1,1,رضاشهر
3200000000,100,1394,2,4,4,1,1,0,ابوذر
3500000000,82,1385,2,3,3,1,1,1,هفت تیر (حافظ)
11000000000,197,1402,4,4,4,1,1,1,شهید فرامرز عباسی
8100000000,200,1402,3,5,2,1,1,1,فرهنگیان (شهرک غرب)
11000000000,200,1403,3,4,4,1,1,1,امام خمینی
6500000000,200,1400,3,6,6,1,1,1,الهیه
13000000000,200,1403,4,6,6,1,1,1,امام رضا (ع)
8790000000,201,1403,3,5,4,1,1,1,الهیه
6400000000,200,1401,3,3,3,1,1,1,امیر
9200000000,203,1404,3,4,4,1,1,1,الهیه
11600000000,200,1404,3,4,4,1,1,1,الهیه
16000000000,205,1404,3,6,3,1,1,1,فردوسی
10500000000,210,1404,3,4,4,1,1,1,الهیه
10500000000,215,1404,3,4,4,1,1,1,الهیه
17000000000,220,1404,3,2,2,1,1,1,سناباد
19800000000,220,1404,3,6,6,1,1,1,کوثر
17600000000000,220,1403,3,6,5,1,1,1,هنرستان
14200000000,210,1404,3,4,4,1,1,1,شهید فرامرز عباسی
18600000000000,230,1404,3,2,2,1,1,1,سناباد
17250000000,230,1404,3,6,4,1,1,1,شهید فرامرز عباسی
8400000000,235,1404,3,4,4,1,1,1,الهیه
9000000000,235,1404,3,3,3,1,1,1,الهیه
12700000000,235,1404,3,2,2,1,1,1,الهیه
7200000000,242,1404,3,7,7,1,1,1,جانباز
9500000000,250,1404,3,1,1,1,1,1,الهیه
16250000000,250,1404,3,4,4,1,1,1,فارغ التحصیلان
16250000000,250,1404,4,2,2,1,1,1,چهارچشمه
19950000000,285,1403,4,5,1,1,1,1,کوثر
19500000000,280,1404,4,5,5,1,1,1,فارغ التحصیلان
5500000000,71,1386,2,4,1,0,1,1,فرهنگ
4750000000,77,1386,2,4,1,0,1,1,فرهنگ
8950000000,125,1403,3,6,2,1,1,1,امام خمینی
12300000000,170,1404,3,6,6,1,1,1,سناباد
12250000000,175,1404,3,3,3,1,1,1,ارشاد
5812000000,155,1402,3,6,3,1,1,1,حسین‌آباد
7200000000,118,1372,3,4,4,1,1,1,دانشجو
11000000000,150,1404,3,1,1,1,1,1,کلاهدوز
26000000000,300,1403,4,1,1,1,1,1,کوثر
30000000000,310,1404,4,3,3,1,1,1,رضاشهر
1000,358,1404,4,0,0,0,1,0,سجاد شهر
27000000000,393,1402,4,5,5,1,1,1,فارغ التحصیلان
13750000000,177,1404,3,0,0,1,1,1,احمدآباد
500000000,47,1395,1,2,1,0,0,0,امیرآباد
1900000000,50,1385,1,4,3,0,0,0,الهیه
1760000000,42,1381,1,1,1,0,1,0,الهیه
1070000000,50,1395,1,3,1,0,0,1,یوسفیه (شهرک غرب)
30000000000,500,1404,4,6,6,1,1,1,آزادشهر
1050000000,55,1397,1,1,1,0,0,0,تلگرد
770000000,55,1402,1,3,2,0,1,1,طبرسی شمالی
1100000000,55,1395,1,3,3,0,1,1,یوسفیه (شهرک غرب)
1850000000,55,1395,1,4,4,0,1,1,امیریه
1600000000,56,1404,1,1,1,1,1,1,حرم مطهر رضوی
2300000000,56,1390,1,3,3,1,1,0,الهیه
2700000000,58,1389,1,4,3,0,1,1,خرمشهر
2500000000,58,1394,1,4,4,1,1,0,موسوی قوچانی
1370000000,60,1404,1,4,3,0,0,1,عامل
850000000,60,1398,1,3,2,0,0,1,طبرسی شمالی
800000,60,1403,1,3,1,0,0,1,شهید بصیر
1250000000,60,1404,1,3,3,0,0,1,تلگرد
1150000000,60,1401,1,3,3,0,0,0,سپاد
6000000000,60,1404,1,2,2,1,1,1,حرم مطهر رضوی
590000000,60,1404,2,1,1,1,1,1,شهید بصیر
3050000000,63,1385,2,3,0,0,1,1,سرافرازان
5500000000,63,1390,1,4,4,1,1,1,حرم مطهر رضوی
1500000000,65,1397,2,4,1,1,1,1,شهید قربانی
1550000000,67,1397,2,4,4,1,1,1,یوسفیه (شهرک غرب)
1300000000,70,1395,1,4,0,0,0,1,شهرک امام هادی (شهرک غرب)
3600000000,70,1385,2,1,1,0,1,1,رضاشهر
2500000000,70,1393,2,4,2,1,1,0,نظام دوست
950000000,70,1399,1,1,1,0,0,1,توس (بلوار توس)
1580000000,70,1404,2,4,4,1,0,0,طلاب
3300000000,70,1389,1,5,3,1,1,1,صیاد شیرازی
2100000000,73,1388,2,4,2,0,1,0,الهیه
2800000000,74,1395,2,1,1,0,0,1,جاهد شهر
1630000000,75,1394,2,4,3,0,0,1,هنرور
1300000000,75,1403,2,3,3,0,1,1,کشف
1100000000,74,1404,2,3,3,0,1,1,کشف
3198000000,75,1388,2,8,4,0,1,1,آزادشهر
1800000000,75,1392,2,4,4,1,1,0,نیزه
4580000000,75,1386,2,4,1,0,1,1,هنرستان
2270000000,75,1392,2,4,4,1,1,1,الهیه
1350000000,75,1404,2,3,3,0,0,0,نظام دوست
4500000000,75,1390,2,4,2,1,1,1,سید رضی
3300000000,75,1387,2,4,3,0,1,1,سید رضی
3780000000,75,1390,2,4,4,1,1,1,شریف
3780000000,75,1388,2,1,1,0,1,1,زیبا شهر
3600000000,75,1386,2,3,3,0,1,1,امام خمینی
1700000000,75,1389,1,4,2,0,0,0,ایثارگران
1650000000,75,1404,2,4,0,0,0,1,فاطمیه
2950000000,75,1395,2,5,5,1,1,0,الهیه
3400000000,75,1390,2,4,2,1,1,1,فرهنگیان (شهرک غرب)
1350000000,76,1403,2,3,1,0,1,1,کشف
3600000000,76,1392,2,6,6,1,1,1,هفت تیر (آب و برق)
2870000000,76,1384,2,2,2,0,1,1,صیاد شیرازی
5400000000,76,1388,2,2,2,1,1,1,هنرستان
2150000000,77,1390,2,4,4,0,1,1,حجاب (شهرک غرب)
1420000000,77,1403,2,1,1,0,1,1,کشف
13500000000,77,1403,2,3,3,1,1,1,حرم مطهر رضوی
4300000000,78,1404,2,1,1,1,1,1,هفت تیر (آب و برق)
2150000000,78,1388,2,4,3,0,1,1,حجاب (شهرک غرب)
2750000000,78,1390,2,3,1,0,1,0,حسین‌آباد
2280000000,80,1396,2,8,4,1,1,1,الهیه
3800000000,80,1386,2,2,2,0,1,1,اقبال
1500000000,80,1404,2,2,2,0,1,1,کشف
3100000000,80,1387,2,3,3,0,1,1,زیبا شهر
3780000000,80,1392,2,1,1,0,1,0,شهرآرا
2100000000,80,1394,2,4,3,0,0,1,ایثار
2100000000,85,1389,2,9,2,0,0,1,شفا
4500000000,80,1388,2,4,2,1,1,1,آزادشهر
5400000000,80,1389,2,1,1,0,1,1,آزادشهر
2800000000,80,1390,2,2,2,0,1,1,شهرک رازی (شهرک غرب)
3500000000,80,1384,2,2,2,0,1,1,صیاد شیرازی
8400000000,80,1404,2,2,2,1,1,1,امام رضا (ع)
3600000000,80,1389,2,2,2,0,1,1,آزادشهر
2290000000,81,1404,1,6,4,1,0,0,امیر
3350000000,82,1388,2,5,3,0,1,1,رضاشهر
3300000000,82,1389,2,3,2,0,1,1,شاهد (شهرک غرب)
3900000000,82,1396,2,9,8,1,1,1,آبادگران
2730000000,82,1387,2,3,3,0,1,1,شهرک رازی (شهرک غرب)
2550000000,83,1392,2,1,1,1,1,1,الهیه
4600000000,93,1387,2,3,1,0,1,1,رضاشهر
4300000000,83,1390,2,4,1,0,1,1,فرهنگ
7500000000,84,1403,2,1,1,1,1,1,امام رضا (ع)
930000000,85,1390,1,2,0,0,0,1,شهید معقول
2490000000,85,1397,2,4,4,1,1,1,کوی المهدی
3350000000,85,1396,2,2,2,1,1,1,جاهد شهر
1500000000,85,1404,2,0,0,0,1,1,کشف
1800000000,85,1393,2,3,3,0,0,0,شهرک امام هادی (شهرک غرب)
3900000000,85,1392,2,3,3,0,1,1,امام خمینی
2100000000,85,1395,2,4,1,0,0,1,چهارچشمه
5100000000,85,1387,2,3,1,0,1,1,فرهنگ
1650000000,85,1390,2,5,2,0,0,0,رستگار
5100000000,85,1404,2,1,1,1,1,1,الهیه
6500000000,85,1403,2,2,2,1,1,1,امام رضا (ع)
1900000000,85,1404,2,4,4,1,1,0,طبرسی شمالی
4670000000,85,1404,2,5,1,1,1,1,شاهد (شهرک غرب)
2050000000,85,1399,2,2,2,0,1,0,تلگرد
3000000000,85,1394,2,4,3,1,1,1,الهیه
4600000000,85,1391,2,4,4,1,1,1,آزادشهر
4800000000,85,1386,2,4,1,0,1,1,دانشجو
3500000000,85,1379,2,7,1,0,1,1,سعد آباد
2450000000,85,1398,2,1,1,1,1,0,شهید مطهری
4550000000,85,1389,2,4,1,0,1,1,سید رضی
11440000000,88,1403,2,4,2,1,1,1,حرم مطهر رضوی
2850000000,88,1394,2,3,3,1,1,1,دانشجو
4200000000,88,1403,2,4,3,1,1,1,هفده شهریور
4750000000,88,1388,2,4,4,1,1,1,شهید فرامرز عباسی
8500000000,89,1403,2,6,6,1,1,1,امام رضا (ع)
7850000000,89,1404,2,2,2,1,1,1,امام رضا (ع)
4800000000,90,1387,2,0,0,0,1,1,صیاد شیرازی
1140000000,90,1398,2,1,1,0,0,1,کشف
3400000000,90,1400,2,5,5,1,1,1,امیریه
2850000000,90,1404,2,1,1,1,1,1,شهید مطهری
1380000000,90,1403,2,2,2,0,1,1,توس (بلوار توس)
4900000000,90,1390,2,4,0,1,1,1,دانشجو
6500000000,90,1404,2,3,3,1,1,1,امام رضا (ع)
5090000000,90,1394,2,4,1,1,1,1,امام خمینی
3800000000,90,1403,2,1,1,1,1,0,الهیه
4500000000,90,1390,2,4,0,1,1,1,هنرستان
4300000000,91,1401,2,6,1,1,1,1,امیریه
4300000000,92,1404,2,2,2,1,1,1,الهیه
3490000000,93,1392,2,2,2,0,1,1,شهرک لشکر (شهرک غرب)
3300000000,93,1401,2,4,4,1,1,1,حسین‌آباد
2800000000,93,1392,2,3,1,0,0,0,گلشور
3600000000,93,1390,2,2,2,0,1,1,هفت تیر (آب و برق)
4400000000,93,1392,2,4,2,1,1,1,اقبال
3900000000,94,1400,2,3,3,1,1,1,نرگس (شهرک غرب)
26700000000,95,1404,2,10,10,1,1,1,هنرستان
7500000000,95,1383,2,4,0,1,1,1,بهشت
1020000000,95,1398,2,1,1,0,0,1,کشف
3760000000,95,1404,2,6,6,1,1,1,الهیه
7120000000,95,1403,2,6,1,1,1,1,امام رضا (ع)
1620000000,95,1402,2,3,3,0,1,1,کشف
3600000000,95,1390,2,3,3,1,1,1,هفت تیر (آب و برق)
7200000000000,95,1404,2,2,2,1,1,1,حرم مطهر رضوی
5000000000,96,1399,2,1,1,1,1,1,هفده شهریور
3850000000,96,1397,2,4,1,1,1,0,جاهد شهر
3700000000,97,1397,2,6,6,1,1,1,الهیه
5100000000,97,1400,2,5,5,1,1,1,سید رضی
4500000000,97,1397,2,4,2,1,1,1,پروین اعتصامی
3100000000,97,1404,2,6,2,1,1,1,طلاب
3850000000,100,1394,2,12,3,1,1,1,الهیه
4700000000,98,1384,2,3,1,0,1,1,رضاشهر
5500000000,115,1385,2,1,1,0,1,1,سناباد
4250000000,97,1390,2,4,4,1,1,1,سعد آباد
10800000000,186,1402,3,7,1,1,1,1,هفت تیر (آب و برق)
780000000,75,1403,1,4,3,0,0,0,توس فردوسی
3250000000,72,1389,2,4,3,1,0,1,عبادی
2900000000,75,1390,2,5,3,1,1,1,فرهنگیان (شهرک غرب)
3290000000,70,1389,1,3,3,1,1,1,هفت تیر (آب و برق)
6580000000,112,1390,3,5,4,1,1,1,هنرستان
10700000000,155,1390,3,4,2,1,1,1,کوثر
13200000000,217,1395,3,1,1,1,1,1,هنرستان
1600000000,75,1400,1,3,1,0,0,1,حجت
1850000000,80,1404,2,5,1,1,1,1,توس (بلوار توس)
1300000000,60,1397,1,3,1,0,0,0,هفت تیر (نه دره)
9950000000,160,1404,3,5,5,1,1,1,فرهنگ
6300000000,141,1392,3,4,4,1,1,1,آزادشهر
3800000000,100,1404,3,6,5,1,1,1,حسین‌آباد
500000000,80,1404,2,3,2,0,0,0,چاهشک
5400000000,128,1389,3,3,3,0,1,1,کوثر
5100000000,100,1392,2,4,4,1,1,1,اقبال
5400000000,102,1394,2,3,3,1,1,1,اقبال
3350000000,90,1396,2,4,4,1,1,1,الهیه
4200000000,85,1404,2,5,3,1,1,1,الهیه
2400000000,86,1404,2,2,2,1,1,1,شهید بصیر
4950000000,110,1403,2,2,2,1,1,1,جاهد شهر
1860000000,70,1385,2,3,3,0,1,0,الهیه
4200000000,107,1393,2,2,2,1,1,1,الهیه
4300000000,105,1404,2,1,1,1,1,1,الهیه
5175000000,115,1403,2,6,5,1,1,1,الهیه
3390000000,86,1386,2,1,1,0,1,1,آزادشهر
5500000000,97,1399,2,5,4,1,1,1,زیبا شهر
4660000000,80,1387,2,8,4,1,1,1,آزادشهر
3800000000,77,1390,2,1,1,0,1,1,آزادشهر
3200000000,78,1381,2,4,3,0,1,1,زیبا شهر
3700000000,75,1386,1,2,2,0,1,0,آزادشهر
8960000000,160,1404,3,3,3,1,1,1,خرمشهر
8670000,170,1404,3,4,2,1,1,1,کوشش
2950000000,80,1388,2,3,3,0,1,1,کوشش
3500000000,100,1390,2,3,3,0,1,1,کوشش
1850000,100,1398,2,4,4,0,0,0,کوشش
4250000000,85,1404,2,4,2,1,1,1,الهیه
5500000000,163,1402,3,5,4,1,1,1,امیریه
4950000000,140,1402,3,6,2,1,1,1,امیریه
6950000000,151,1401,3,5,5,1,1,1,نیروی هوایی
3890000000,85,1390,2,4,0,1,1,1,دانشجو
4600000000,103,1400,2,4,4,1,1,1,جاهد شهر
10750000000,165,1402,3,3,3,1,1,1,آزادشهر
3880000000,93,1397,2,4,3,1,1,1,فرهنگیان (شهرک غرب)
23000000000,350,1404,4,4,4,1,1,1,دانشجو
6100000000,135,1385,3,3,1,0,1,1,کوثر
7200000000,133,1394,3,3,3,1,1,1,صیاد شیرازی
7300000000,110,1395,2,3,3,1,1,1,بهشت
3530000000,97,1399,2,2,2,1,1,1,جاهد شهر
3290000000,80,1390,2,3,3,1,1,1,جاهد شهر
3750000000,87,1398,2,4,4,1,1,1,شهرک لشکر (شهرک غرب)
3200000000000,110,1404,2,2,2,1,1,1,ایثارگران
1300000000,65,1397,1,4,0,0,0,1,ایثارگران
1380000000,75,1390,1,5,1,0,0,0,ایثارگران
10900000000,170,1390,3,3,3,1,1,1,بهشت
3370000000,74,1387,2,3,3,1,1,1,شهرآرا
3350000000,80,1385,2,4,4,1,1,1,هفت تیر (حافظ)
3000000000,85,1385,2,2,2,0,1,1,هفت تیر (نه دره)
4200000000,85,1388,2,4,4,1,1,1,سید رضی
21600000000,170,1403,3,6,6,1,1,1,کوثر
2200000000,120,1402,2,4,0,0,1,1,نظام دوست
8500000000,160,1404,2,0,0,1,1,1,هنرستان
550000000,55,1404,1,5,5,1,0,1,کوی سیدی
1770000000,90,1390,1,5,4,0,0,0,یاس
3100000000,75,1395,2,4,3,1,1,1,شهرک رازی (شهرک غرب)
10790000000,166,1403,3,5,5,1,1,1,دانشجو
1850000000,85,1400,2,3,3,0,0,0,امیر
1650000000,51,1386,1,4,4,0,0,0,عامل
980000000,53,1404,1,1,1,0,0,0,بهمن
1950000000,68,1403,1,3,3,1,0,1,گلبرگ شمالی
5490000000,122,1396,2,4,4,1,1,1,هفت تیر (آب و برق)
1840000000,85,1394,2,3,3,0,1,1,شفا
2370000000,85,1397,2,2,2,1,1,1,شفا
1700000000,100,1400,2,4,4,1,1,1,توس (بلوار توس)
1700000000,95,1388,1,2,2,0,1,1,طبرسی شمالی
1330000000,60,1401,1,2,2,0,0,1,رسالت
6350000000,142,1397,2,5,1,1,1,1,شهرآرا
3640000000,86,1395,2,4,1,1,1,1,صیاد شیرازی
4400000000,150,1404,3,2,1,1,1,1,کشف
2700000000,85,1404,2,6,6,1,1,0,ایثارگران
7500000000000,120,1403,2,4,4,1,1,0,سعد آباد
9075000000,165,1402,3,6,6,1,1,1,جاهد شهر
3700000000,80,1386,2,4,4,1,1,1,هفت تیر (حافظ)
4000000,95,1393,2,4,3,1,1,1,هفت تیر (نه دره)
1930000000,85,1390,1,4,2,0,0,0,کوی ولیعصر
7990000000,128,1391,2,5,3,1,1,1,فرهنگ
3600000000,87,0,2,4,3,0,1,1,ارشاد
20000000000,140,1404,3,6,1,1,1,1,سجاد شهر
1100000000,50,1404,1,3,3,0,0,0,حیدرآباد
3100000000,80,1388,2,0,0,1,1,1,صیاد شیرازی
3100000000,100,1385,2,3,3,0,1,1,حسابی جنوبی (شهرک غرب)
2500000000,76,1404,2,2,1,0,1,1,چاهشک
3850000000,150,1404,3,3,3,1,1,1,نظام دوست
7300000000,180,1396,3,4,1,1,1,1,فرهنگیان (شهرک غرب)
7760000000,165,1404,3,5,3,1,1,1,فرهنگیان (شهرک غرب)
1450000000,95,1400,2,5,3,0,0,1,نظام دوست
3470000000,52,1390,1,3,0,0,1,1,هنرستان
40000000000,300,1404,4,4,4,1,1,1,احمدآباد
28000000000,320,1404,4,6,3,1,1,1,رضاشهر
3500000000,100,1404,2,6,3,1,1,0,بلال
850000000,60,1403,1,3,0,0,0,0,نوده
1090000000,65,1404,1,4,1,0,0,1,شهرک مطهری
1080000000,80,1404,1,3,3,0,0,0,شهید بصیر
12500000000,205,1404,3,3,3,1,1,1,امام رضا (ع)
11500000000,160,1404,3,5,5,1,1,1,سید رضی
4000000000,85,1396,2,1,1,1,0,0,سمزقند
9800000000,164,1400,3,6,6,1,1,1,آزادشهر
1850000,90,1396,1,2,2,0,0,0,مشکینی (شهرک غرب)
7500000000,165,1390,3,3,3,0,1,1,رضاشهر
3100000000,75,1384,2,3,3,0,1,1,رضاشهر
3390000000,120,1394,2,5,1,1,1,0,سیلو
1050000000,50,1399,1,2,2,0,0,0,شهرک بهارستان
1250000000,110,1400,2,2,2,0,0,0,منزل آباد
4800000000,99,1383,2,2,2,0,1,1,رضاشهر
1150000000,117,1404,2,1,1,1,1,1,کشف
1580000000,105,1402,2,0,0,0,0,1,کشف
1000000000,85,1404,2,1,1,1,1,1,کشف
850000000,55,1400,1,4,0,0,1,1,کشف
2950000000,150,1404,3,6,2,1,1,1,حضرت حجت
2950000000,85,1396,2,3,2,1,1,1,حضرت حجت
700000000,100,1404,2,3,1,0,1,1,کوشک مهدی
1000000000,110,1401,2,4,4,1,0,0,مشهدقلی
1070000000,50,1401,1,0,0,1,0,0,حضرت حجت
1140000000,78,1404,2,0,0,0,1,0,کشف
740000000,55,1399,1,3,3,0,0,0,کشف
1460000000,125,1403,2,4,4,0,1,1,توس (بلوار توس)
950000000,90,1404,2,4,4,0,0,0,شهید بصیر
2240000000,112,1402,2,2,2,0,1,0,کشف
1170000000,72,1404,2,3,3,0,1,0,کشف
1300000000,80,1403,1,4,4,1,0,1,توس (بلوار توس)
3000000000,250,1395,3,5,4,1,0,1,نوید
1075000000,85,1398,1,3,3,0,0,0,کشف
3800000000,130,1397,2,5,5,1,0,1,گلبرگ
7400000000,200,1403,3,4,4,1,1,1,الهیه
1700000000,75,1389,1,2,2,0,0,1,امیر
4150000000,125,1386,2,3,2,1,1,1,حجت
4650000000,146,1399,2,4,1,1,1,1,حسین‌آباد
4700000000,170,1399,3,5,1,1,1,1,عامل
8580000000,165,1404,3,4,4,1,1,1,فرهنگیان (شهرک غرب)
12400000000,200,1404,3,6,4,1,1,1,سعد آباد
2900000000,100,1403,2,4,4,1,1,1,عامل
5000000000,120,1393,2,5,5,1,1,1,صیاد شیرازی
3500000000,140,1399,2,5,5,1,1,1,سمزقند
6550000000,125,1385,3,3,1,0,1,1,کوثر
4800000000,110,1397,2,4,4,1,1,1,فتح المبین
6500000000,174,1404,3,4,4,1,1,1,رستگار
4800000000,130,1404,3,6,1,1,1,1,نکاح
3500000000,115,1396,2,6,6,1,1,1,جانباز
4950000000,83,1388,2,3,3,1,0,1,آیت الله خامنه‌ای
6500000000,140,1394,3,4,3,1,1,1,شریف
5990000000,120,1404,3,1,1,1,1,1,صیاد شیرازی
19000000000,210,1403,3,6,5,1,1,1,کوه سنگی
10500000000,155,1403,3,5,5,1,1,1,دانشجو
1320000000,60,1401,1,3,3,0,0,1,گلشور
7360000000,184,1404,3,5,5,1,1,1,امیریه
7740000000,172,1402,3,5,3,1,1,1,فرهنگیان (شهرک غرب)
8170000000,190,1404,3,4,4,1,1,1,حسین‌آباد
12900000000,170,1404,3,2,2,1,1,1,سناباد
6500000000,137,1398,3,5,3,1,1,1,امامیه (شهرک غرب)
5570000000,138,1403,3,1,1,1,1,1,الهیه
6290000000,164,1404,3,3,3,1,1,1,الهیه
7000000000,153,1403,3,6,5,1,1,1,ولیعصر (شهرک غرب)
3400000000,102,1398,2,3,2,0,1,1,عبادی
4350000000,120,1394,2,3,3,1,1,1,شهید مطهری
5250000000,150,1404,3,7,3,1,1,1,امیر
6100000000,100,1390,2,5,4,1,1,1,هنرستان
8700000000,163,1390,3,2,2,1,1,1,هنرستان
7800000000,146,1392,3,3,3,1,1,1,هفت تیر (حافظ)
3550000000,150,1404,3,6,6,1,1,1,نظام دوست
1900000000,100,1402,2,2,2,0,0,1,نظام دوست
1980000000,80,1395,2,2,2,0,0,1,مشکینی (شهرک غرب)
1200000000,90,1400,2,1,1,0,0,0,خین عرب
1800000000,83,1403,1,4,2,1,0,0,رده
2280000000,100,1404,2,4,4,1,1,1,حسین‌آباد
8200000000,180,1393,3,3,3,1,1,1,کوثر
4500000000,85,1395,2,4,3,1,1,1,هفده شهریور
12500000000,185,1404,3,5,3,1,1,1,کوثر
3150000000,115,1398,2,2,2,1,1,1,امیر
7480000000,170,1404,3,5,1,1,1,1,ولیعصر (شهرک غرب)
2250000000,95,1395,2,7,6,1,0,1,شهید مطهری
7693000000,157,1403,3,6,4,1,1,1,ولیعصر (شهرک غرب)
2800000000,107,1399,2,5,4,1,1,0,گلبرگ شمالی
8475000000,113,1402,2,4,2,1,1,1,سلام
10800000000,155,1404,3,6,3,1,1,1,رضاشهر
6800000000,167,1378,3,3,2,0,1,1,فردوسی
6500000000,180,1404,3,7,4,1,1,1,نکاح
13000000000,165,1404,3,6,3,1,1,1,دانشجو
4000000000,115,1389,2,4,3,0,1,1,آزادشهر
6650000000,95,1401,2,5,3,1,1,1,کوشش
2850000000,110,1395,2,4,4,1,1,1,فاطمیه
4100000000,120,1402,2,2,2,1,1,1,گاز
3500000000,115,1400,2,5,4,1,1,1,کوی سیدی
6400000000,157,1402,3,6,2,1,1,1,الهیه
6200000000,180,1404,3,5,5,1,1,0,الهیه
28600000000,260,1404,4,6,6,1,1,1,سجاد شهر
54000000000,114,1375,2,5,4,1,0,0,گوهرشاد
6500000000,150,1388,3,3,3,0,1,1,فرهنگ
7425000000,135,1404,3,1,1,1,1,1,سید رضی
12970000000,150,1404,3,6,3,1,1,1,کوثر
9400000000,155,1400,3,2,2,1,1,1,آزادشهر
7150000000,300,1394,1,3,3,0,1,1,گاز
4670000000,102,1397,2,4,4,1,1,1,فرهنگیان (شهرک غرب)
4320000000,118,1395,2,2,2,1,1,1,الهیه
5980000000,120,1404,2,6,4,1,1,1,جاهد شهر
18350000000,196,1404,3,0,0,1,1,1,رضاشهر
4200000000,130,1404,3,3,3,1,1,0,کوی المهدی
12250000000,175,0,2,3,3,0,0,0,راهنمایی
1380000000,90,1398,2,3,2,0,0,0,مشهدقلی
2100000000,100,1395,2,1,1,0,0,0,شهرک امام هادی (شهرک غرب)
32000000000,75,1388,2,4,2,0,1,1,فتح المبین
1650000000,65,1397,1,3,3,0,0,1,ایثار
2850000000,100,1402,2,3,3,0,1,1,فاطمیه
2800000000,75,1391,2,3,1,0,0,1,نکاح
4000000000,135,1404,2,5,2,1,1,1,شهید مطهری
2850000000,74,1386,2,4,4,0,1,1,تربیت (صدف)
2900000000,72,1386,2,2,2,0,0,1,هفت تیر (حافظ)
1550000000,65,1399,1,0,0,0,0,1,ایثار
1350000000,65,1404,2,1,1,0,0,1,شهرک امام هادی (شهرک غرب)
8800000000,185,1403,3,5,5,1,1,1,سعد آباد
6800000000,106,1395,2,5,1,1,1,1,هنرستان
6500000000,165,1404,3,5,4,1,1,1,امیریه
4900000000,100,1387,2,1,1,0,1,1,هفت تیر (حافظ)
630000000,55,1403,1,2,2,0,0,1,حضرت حجت
870000000,75,1400,1,0,0,0,0,1,حضرت حجت
940000000,75,1403,2,3,3,0,0,1,حضرت حجت
1000000000,80,1401,1,1,1,0,0,1,حضرت حجت
4900000000,98,1393,2,5,3,1,1,1,شهرآرا
1890000000,85,1391,2,4,4,0,1,0,موسوی قوچانی
7300000000,120,1403,2,5,4,1,1,1,سعد آباد
5500000000,53,1400,1,3,3,1,1,0,عیدگاه
9000000000,90,1401,2,1,1,1,1,1,عنصری
10000000000,120,1401,2,6,1,1,1,1,امام رضا (ع)
7000000000,96,1393,2,3,2,0,1,1,سلام
5600000000,105,1385,2,4,2,1,1,1,امام رضا (ع)
6000000000,150,1403,3,4,4,1,1,1,مصلی (کارمندان اول)
4235000000,77,1404,2,5,2,1,1,1,فرهنگیان (شهرک غرب)
4700000000,103,1397,2,4,4,1,1,1,فرهنگیان (شهرک غرب)
6950000000,171,1400,3,5,1,1,1,1,فرهنگیان (شهرک غرب)
4150000000,102,1395,2,1,1,1,1,1,فرهنگیان (شهرک غرب)
15000000000,275,1404,3,1,1,1,1,1,هفت تیر (آب و برق)
6350000000,109,1403,2,9,3,1,1,1,عنصری
4800000000,135,1402,3,3,3,1,1,1,حسین‌آباد
5200000000,130,1386,2,4,4,0,1,1,عامل
2800000000,220,1396,4,2,1,0,1,1,پورسینا
1100000000,75,1390,1,0,0,0,0,1,توس (بلوار توس)
1300000000,55,1395,1,3,2,0,0,0,گاز
720000000,65,1404,1,3,1,0,0,1,شهید قربانی
1150000000,90,1404,2,2,2,0,0,0,توس (بلوار توس)
1820000000,100,1399,2,5,2,1,0,1,طبرسی شمالی
8980000000,138,1392,3,4,4,1,1,1,احمدآباد
5350000000,110,1386,2,3,3,1,1,1,شهرآرا
10920000000,168,1404,3,6,3,1,1,1,چهارچشمه
4400000000,105,1390,2,5,5,1,1,1,هفت تیر (آب و برق)
9600000000,158,1402,3,6,6,1,1,1,آزادشهر
3850000000,100,1398,2,4,3,1,1,1,جاهد شهر
11500000000,120,1404,2,5,1,1,1,1,فلسطین
3100000000,71,1383,2,3,3,0,1,1,عبادی
1090000000,50,1395,1,3,2,0,0,1,یوسفیه (شهرک غرب)
2870000000,78,1387,2,2,2,0,1,1,فرهنگیان (شهرک غرب)
50050000000,127,1399,3,5,3,1,1,1,جاهد شهر
4680000000,102,1397,2,5,5,1,1,1,شهرآرا
11830000000,169,1404,3,3,3,1,1,1,سعد آباد
13760000000,160,1404,3,6,6,1,1,1,امام رضا (ع)
6100000000,165,1404,3,3,3,1,1,1,حسین‌آباد
8350000000,100,1404,2,1,1,1,1,1,امام رضا (ع)
5500000000,60,1395,1,4,4,1,1,0,عیدگاه
12000000000,168,1396,3,5,4,1,1,1,سجاد شهر
4700000000,95,1395,2,4,1,1,1,1,هفت تیر (نه دره)
3750000000,102,1392,2,4,4,0,1,1,بهاران
100000,160,1404,2,6,3,1,1,1,آزادشهر
950000000,55,1402,1,3,3,0,0,1,کشف
1800000,75,1397,2,2,2,0,0,1,حجت
2500000000,96,1387,2,2,2,0,1,0,گلبرگ
3300000000,90,1386,2,4,0,0,1,0,شهرک رازی (شهرک غرب)
685000000,55,1395,1,0,0,0,0,0,شهرک امام هادی (شهرک غرب)
4300000000,140,1401,2,1,1,1,1,1,جانباز
12900000000,155,1404,3,6,3,1,1,1,آزادشهر
1350000000,75,1404,2,1,1,1,1,1,چاهشک
1200000000,80,1403,1,1,1,0,0,1,پورسینا
3390000000,130,1392,3,0,0,0,1,1,فاطمیه
11000000000,175,1404,3,6,3,1,1,1,کلاهدوز
2100000,70,1394,2,0,0,1,1,0,مشکینی (شهرک غرب)
4900000000,104,1387,2,5,1,1,1,1,شهرآرا
3000000000,68,1400,2,3,3,1,1,1,کارمندان دوم
12000000000,100,1404,2,4,4,1,1,1,امام رضا (ع)
4650000000,111,1386,2,3,3,0,1,1,نیروی هوایی
2450000000,81,1401,2,6,2,1,1,1,شفا
3850000000,104,1388,2,3,1,0,1,1,شهید مطهری
1600000000,70,1400,2,4,2,0,0,0,فدک
3800000000,113,1385,2,4,4,0,1,1,سعد آباد
1700000000,68,1388,1,3,0,0,0,1,شهید مطهری
5500000000,104,1387,2,4,2,1,1,1,نیروی هوایی
1500000000,126,1401,2,0,0,0,1,1,رباط طرق
3800000000,100,1402,2,1,1,1,1,1,الهیه
5800000000,157,1404,2,2,2,0,0,0,عامل
9900000000,160,1388,3,2,0,0,1,1,احمدآباد
2100000000,100,1400,2,3,2,0,0,1,شفا
1500000000,120,1400,1,2,3,0,0,1,نظام دوست
1800000000,130,1401,2,3,2,0,0,1,انقلاب
6000000000,200,1385,3,2,2,0,1,1,سرافرازان
10000000000,150,1400,2,6,6,1,1,0,امام رضا (ع)
14100000000,254,1382,4,3,1,0,1,1,فردوسی
1330000000,72,1404,0,2,1,0,0,1,رسالت
3100000000,120,1404,3,2,2,0,0,1,کوه سنگی
2650000000,180,1404,3,3,3,0,1,1,نظام دوست
2400000000,70,1404,2,2,1,0,0,1,کوه سنگی
3830000000,150,1403,2,4,4,1,1,1,یاس
2300000000,100,1404,2,2,2,0,0,1,طلاب
1770000000,130,1404,2,3,3,0,0,1,مهدی آباد (بلوار توس)
1600000000,170,1403,2,4,3,0,0,1,نظام دوست
1900000000,60,1387,1,1,1,0,0,1,قائم
2790000000,100,1404,2,0,0,0,0,1,سرافرازان
1420000000,100,1404,1,3,3,0,0,1,نظام دوست
10600000000,143,1403,3,5,5,1,1,1,حرم مطهر رضوی
2990000000,160,1390,2,5,5,1,1,1,حجت
2590000000,200,1395,3,3,3,0,0,1,یوسفیه (شهرک غرب)
1000000000,80,1402,2,4,3,0,0,1,حضرت حجت
4550000000,200,1397,2,2,2,0,1,1,کوی سیدی
3350000000,220,1402,2,4,4,0,1,1,حضرت حجت
2250000000,130,1396,2,3,2,0,0,1,ایثارگران
3550000000,95,1392,2,4,1,1,1,1,شهرآرا
2100000000,80,1402,2,5,2,1,1,1,نظام دوست
3550000000,100,1397,2,6,6,1,1,1,الهیه
1850000000,85,1390,2,4,3,0,1,1,مشکینی (شهرک غرب)
3270000000,107,1389,2,3,1,0,1,1,امامیه (شهرک غرب)
4000000000,125,1403,2,6,5,1,1,1,رستگار
1300000000,90,1403,2,5,5,0,0,1,انقلاب
1220000000,75,1400,2,2,2,0,0,1,طبرسی شمالی
1550000000,70,1400,2,2,2,0,0,0,ایثارگران
885000000,78,1399,2,0,0,0,0,1,حضرت حجت
3850000000,90,1401,2,5,1,1,1,1,شهرک لشکر (شهرک غرب)
1890000000,75,1390,2,4,1,1,1,0,موسوی قوچانی
1300000000,70,1393,2,1,1,0,0,1,شهرک امام هادی (شهرک غرب)
2950000000,79,1386,2,3,3,0,0,1,فارغ التحصیلان
850000,75,1400,2,0,0,0,0,0,حضرت حجت
5300000000,105,1391,2,4,1,1,1,1,صیاد شیرازی
1150000000,75,1400,2,4,3,0,0,1,بهمن
1620000000,75,1402,2,4,4,0,0,1,گلشور
3750000000,100,1397,2,4,4,1,1,1,جاهد شهر
4490000000,127,1401,2,2,2,1,1,1,حسین‌آباد
1220000000,115,1400,2,4,2,0,1,0,دوست آباد
1550000000,80,1404,2,4,0,1,0,1,گلشور
1740000000,90,1403,2,3,3,0,0,1,رده
1630000000,75,1404,2,3,3,0,1,1,رده
1700000000,75,1402,2,5,1,1,0,1,گلشور
3200000000,70,1393,2,4,4,1,1,1,پروین اعتصامی
2650000000,115,1393,2,0,0,1,1,1,گلبرگ شمالی
3000000000,85,1402,2,4,1,0,0,1,رضاییه
1650000000,60,1395,2,2,0,0,0,1,بهمن
4490000000,92,1393,2,8,2,1,1,1,اقبال
1330000000,90,1404,2,3,3,0,0,0,رستگار
3850000000,95,1403,2,1,1,1,1,1,الهیه
6090000000,145,1404,3,4,4,1,1,1,الهیه
2700000000,75,1389,2,4,1,0,1,1,الهیه
3700000000,100,1395,2,1,1,1,1,1,الهیه
3150000000,90,1404,2,7,6,1,0,0,شفا
5300000000,137,1399,3,4,4,1,1,1,الهیه
6300000000,165,1380,2,4,1,0,1,0,فردوسی
3850000000,105,1389,2,4,4,1,1,1,حسابی جنوبی (شهرک غرب)
2600000000,115,1404,2,2,2,1,1,0,نوید
3000000000,150,1402,2,6,3,1,1,1,نوید
2000000000,85,1404,2,6,2,1,1,1,خواجه ربیع
27000000000,150,1404,2,6,4,1,1,1,ملک‌آباد
6800000000,115,1404,2,0,0,1,1,1,نیروی هوایی
1250000000,70,1400,2,5,2,0,0,1,بهمن
3200000000,108,1378,2,0,0,0,1,1,شهرک رازی (شهرک غرب)
6850000000,106,1402,2,6,3,1,1,1,هفت تیر (آب و برق)
2980000000,85,1396,2,3,3,1,1,1,حسین‌آباد
1280000000,90,1403,2,2,2,0,0,1,طبرسی شمالی
6500000000,121,1390,2,2,2,1,1,1,نیروی هوایی
5500000000,66,1388,2,4,1,1,1,1,احمدآباد
1850000000,75,1401,2,3,0,0,0,1,گلشور
5000000000,100,1404,2,5,1,1,1,1,جاهد شهر
2500000000,65,1387,2,3,3,0,1,1,امامیه (شهرک غرب)
6600000000,110,1400,2,4,1,1,1,0,کلاهدوز
8200000000,107,1404,2,1,1,1,1,1,رضاشهر
1500000000,70,1404,2,4,3,0,0,0,طلاب
1700000000,70,1404,2,2,2,0,0,0,ابوذر
2350000000,125,1402,2,3,0,0,1,1,رده
1270000000,80,1403,2,3,3,0,0,1,رده
3900000000,100,1394,2,4,1,1,1,1,شهرک لشکر (شهرک غرب)
2900000000,66,1387,2,4,1,0,1,1,امامیه (شهرک غرب)
4500000000,99,1398,2,2,2,1,1,1,الهیه
3500000000,95,1397,2,2,2,1,1,1,الهیه
1000000000,120,1400,2,1,1,0,0,1,علی آباد
8450000000,120,1402,2,5,5,1,1,1,کوثر
3590000000,85,1389,2,2,2,1,1,1,نیروی هوایی
5700000000,98,1385,2,2,2,0,1,1,نیروی هوایی
4800000000,110,1403,2,6,5,1,1,1,الهیه
2800000000,80,1402,2,4,0,0,1,1,طلاب
4800000000,102,1400,2,4,3,1,1,1,جاهد شهر
3100000000,67,1390,2,4,0,0,1,1,هفده شهریور
4500000000,100,1393,2,4,1,1,1,1,شهرآرا
4400000000,105,1394,2,5,5,1,1,1,جاهد شهر
6960000000,120,1402,3,5,5,1,1,1,مقدم
2350000000,85,1398,2,3,3,1,1,1,رستگار
2450000000,120,1400,1,2,2,0,0,1,ایثارگران
25000000000,200,1403,3,1,1,1,1,1,سجاد شهر
4400000000,108,1396,2,5,5,1,1,1,الهیه
9150000000,188,1404,3,2,2,1,1,1,آزادشهر
850000000,95,1404,2,4,4,0,0,1,حضرت حجت
750000000,75,1396,1,1,1,0,0,1,مهدی آباد (بلوار توس)
950000000,50,1394,1,3,0,0,0,1,حضرت حجت
3900000000,110,1399,2,2,2,1,1,1,جاهد شهر
3550000000,98,1397,2,2,2,1,1,1,الهیه
3672000000,108,1389,2,3,3,0,1,1,جاهد شهر
1550000000,100,1401,2,2,1,0,0,1,همت آباد
1320000000,60,1394,2,2,2,1,1,0,سیس‌آباد
850000000,55,1400,1,3,2,0,0,1,سیس‌آباد
13780000000,180,1403,3,5,2,1,1,1,رضاشهر
2100000000,100,1397,2,2,2,0,0,1,شهرک امام هادی (شهرک غرب)
4620000000,110,1389,2,2,2,0,1,1,شهرآرا
4150000000,85,1389,2,1,1,0,1,1,اقبال
3850000000,85,1403,2,2,2,1,1,1,امیریه
10400000000,165,1404,3,1,1,1,1,1,سید رضی
1170000000,75,1390,1,2,2,0,0,0,توس (بلوار توس)
3800000000,116,1399,2,2,2,1,1,1,الهیه
5950000000,138,1387,3,4,2,1,1,0,بهاران
6768000000,188,1404,3,5,4,1,1,1,امیریه
59000000000,490,1404,4,7,4,1,1,1,سجاد شهر
62000000000,535,1404,4,7,4,1,1,1,سجاد شهر
42000000000,335,1404,4,3,3,1,1,1,سجاد شهر
36000000000,358,1404,4,0,0,0,1,1,سجاد شهر
41000000000,342,1404,4,3,3,1,1,1,سجاد شهر
41000000000,345,1404,4,4,4,1,1,1,سجاد شهر
49000000000,400,1404,4,6,4,1,1,1,سجاد شهر
7200000000000,122,1403,2,4,4,1,1,1,چهارچشمه
3550000000,75,1395,2,3,1,0,1,0,سرافرازان
10200000000,140,1404,3,6,3,1,1,1,جاهد شهر
1150000000,55,1398,1,4,2,0,0,1,شهرک بهارستان
4200000000,92,1388,2,2,2,0,1,1,رضاشهر
1650000000,80,1400,2,4,3,0,0,0,انقلاب
7800000000,130,1404,3,2,2,1,1,1,آزادشهر
1990000000,90,1404,2,1,1,1,1,1,طبرسی شمالی
4700000000,168,1404,3,7,7,1,1,1,امیر
657600000,65,1404,2,0,0,0,0,1,علی آباد
770000000,100,1404,2,2,2,0,0,1,کشف
1050000000,95,1396,2,3,3,0,0,0,طبرسی شمالی
115000000,120,1404,2,8,2,1,1,1,خواجه ربیع
700000000,100,1404,2,3,3,0,1,0,طبرسی شمالی
1200000000,100,1404,2,3,3,1,0,1,نظام دوست
1500000000,100,1403,2,4,3,1,1,0,شهرک امام هادی (شهرک غرب)
11330000000,320,1404,2,7,7,1,1,1,چاهشک
760000000,50,1404,1,3,3,0,0,1,نظام دوست
1170000000,70,1403,2,1,1,0,0,1,نظام دوست
1640000000,60,1378,1,2,2,0,1,0,حجاب (شهرک غرب)
4600000000,100,1403,2,5,3,1,1,1,جاهد شهر
3170000000,85,1403,2,4,1,0,1,1,ایثار
1950000000,50,1391,1,0,0,0,1,1,حسین‌آباد
3500000000,87,1392,2,4,2,1,1,0,امیر
4250000000,114,1396,2,2,2,0,1,1,فتح المبین
3550000000,103,1393,2,2,2,0,1,1,نکاح
3600000000,80,1375,1,4,4,1,1,1,جنت
7370000000,170,1404,3,6,2,1,1,1,شهید مطهری
2730000000,76,1386,2,2,2,0,1,0,زمرد
2600000000,58,1390,2,4,4,1,1,1,موسوی قوچانی
3700000000,85,1396,2,4,4,1,1,1,نکاح
2700000000,50,1394,1,3,3,0,0,0,رضاییه
1700000000,55,1380,1,2,1,0,1,0,ثامن
11200000000,165,1403,3,5,5,1,1,1,آزادشهر
4900000000,135,1403,3,7,2,1,1,1,امیر
2750000000,91,1395,2,6,3,0,1,0,حضرت حجت
5200000000,122,1392,2,5,5,1,1,1,نکاح
7700000000,140,1404,3,5,1,1,1,1,کلاهدوز
3500000000,101,1384,2,3,3,0,1,0,فتح المبین
4730000000,110,1404,2,5,5,1,1,1,نکاح
4199000000,105,1396,2,4,4,1,1,1,امیر
2200000000,78,1385,2,4,4,0,1,1,زمرد
3230000000,94,1397,2,5,4,1,1,0,حسین‌آباد
1550000000,55,1388,1,2,2,0,1,1,پنجتن
2900000000,79,1395,2,4,1,1,1,1,حسین‌آباد
4200000000,114,1388,2,3,1,0,1,1,شهید مطهری
4000000000,55,1404,1,4,4,1,1,1,حرم مطهر رضوی
9500000000,153,1390,3,4,2,1,1,0,فردوسی
8600000000,139,1401,3,3,3,1,1,1,امام رضا (ع)
11000,180,1404,3,6,2,1,1,1,سجاد شهر
3950000000,100,1404,3,5,1,1,1,1,مصلی (کارمندان اول)
6700000000,115,1390,3,4,4,1,1,1,هنرستان
15100000000,160,1404,3,2,2,1,1,1,هنرستان
10200000000,171,1404,3,2,2,1,1,1,امام رضا (ع)
7200000000,130,1404,3,5,5,1,1,1,سرافرازان
7040000000,185,1399,3,4,4,1,1,1,الهیه
4900000000,122,1397,3,2,2,1,1,1,الهیه
8950000000,136,1400,3,6,6,1,1,1,فرهنگ
10950000000,158,1392,3,4,1,1,1,1,احمدآباد
6500000000,155,1397,3,5,5,1,1,1,جاهد شهر
12560000000,157,1404,3,5,5,1,1,1,امام رضا (ع)
5000000000,115,1404,3,16,5,1,1,1,الهیه
10900000000,185,1393,3,4,2,1,1,1,رضاشهر
4950000000,143,1401,3,3,3,1,1,1,حسین‌آباد
3100000000,125,1398,3,5,1,1,1,1,حیدرآباد
11900000000,185,1403,3,6,4,1,1,1,زمانه
8500000000,132,1393,3,5,1,1,1,1,دانشجو
5450000000,135,1397,3,2,2,1,1,1,میعاد (شهرک غرب)
3300000000,105,1396,3,4,4,1,1,1,الهیه
2750000000,125,1404,3,5,5,1,0,1,خواجه ربیع
4500000000,160,1404,3,6,2,1,1,1,شفا
4600000000,140,1402,3,6,3,1,1,1,حسین‌آباد
6500000000,152,1387,3,2,2,0,1,1,بهاران
2350000000,170,1401,3,3,3,0,0,0,وحید
13700000000,165,1403,3,6,3,1,1,1,دانشجو
10800000000,150,1404,3,4,4,1,1,1,صیاد شیرازی
890000000,25,1380,0,3,3,0,0,0,یاس
2850000,165,1392,2,0,0,0,1,0,شهرک بهارستان
2650000000,110,1404,2,3,3,1,1,1,شهرک بهارستان
1200000000,80,1404,2,1,1,0,0,0,توس فردوسی
6000000000,100,1403,2,6,1,1,1,1,الهیه
1150000000,80,1403,2,4,4,0,0,1,نظام دوست
1950000000,85,1392,2,3,3,0,1,0,الهیه
3990000000,95,1388,2,1,1,1,1,1,شهرآرا
6000000000,275,1404,2,4,4,0,1,1,منزل آباد
2800000000,75,1398,1,5,2,1,1,1,الهیه
3390000000,110,1385,2,3,3,0,1,1,حجاب (شهرک غرب)
2100000000,66,1388,2,4,3,0,1,1,فرهنگیان (شهرک غرب)
2750000000,71,1387,2,1,1,0,1,1,فرهنگیان (شهرک غرب)
3350000000,95,1392,2,1,1,1,1,1,الهیه
3270000000,110,1397,2,4,4,1,1,1,الهیه
3300000000,82,1393,2,3,1,1,1,1,الهیه
14040000000,180,1403,3,5,1,1,1,1,بهشت
6300000000,150,0,3,0,0,0,1,1,ارشاد
2750000000,85,0,2,2,2,0,0,0,شهرک ابوذر
1230000000,65,1404,1,1,1,1,0,0,حضرت حجت
950000000,95,1403,2,4,4,0,0,0,حضرت حجت
1100000000,75,1403,2,0,0,0,0,0,کشف
1500000000,125,1398,2,4,4,0,1,0,حضرت حجت
2380000000,116,1402,2,4,1,1,1,0,پنجتن
880000000,55,1395,1,2,0,0,0,0,نوید
675000000,84,1395,2,1,1,1,0,1,وکیل‌آباد
2500000000,118,1391,2,1,1,0,0,1,نظام دوست
4100000000,83,1387,2,5,4,1,1,1,سید رضی
10000000000,168,1389,3,4,4,1,1,1,راهنمایی
1700000000,75,1404,2,3,2,0,0,0,گاز
3650000000,78,1381,2,2,1,0,1,1,بهاران
3600000000,72,1396,2,3,0,0,1,1,رضاشهر
1200000000,65,1400,1,3,3,0,0,0,فاطمیه
4250000000,133,1401,2,8,6,1,1,1,جانباز
5100000000,103,1402,2,5,3,1,1,1,میعاد (شهرک غرب)
2550000000,60,1399,1,4,4,1,1,1,موسوی قوچانی
6000000000,110,1395,2,6,2,1,1,1,صیاد شیرازی
1190000000,55,1398,1,4,2,0,0,0,ایثارگران
10000000000,160,1394,3,2,2,1,1,1,آبکوه
3400000000,85,1403,1,7,7,1,1,1,هنرور
3200000000,120,1385,1,2,1,0,0,1,محمدآباد
900000000,55,1396,1,0,0,0,1,1,یوسفیه (شهرک غرب)
9000000000,170,1403,3,1,1,1,1,1,دانشجو
990000000,55,1402,1,3,3,0,0,1,کوی سیدی
1500000000,99,1402,3,3,3,0,0,1,هفت تیر (نه دره)
4050000000,110,1397,2,4,4,1,1,1,جاهد شهر
3200000000,100,1399,2,5,5,1,1,1,چهارچشمه
5500000000,160,1404,3,6,4,1,1,1,امیر
8500000000,140,1404,3,5,4,1,1,1,شهید هاشمی نژاد
2250000000,80,1392,2,4,2,0,1,0,الهیه
1750000000,112,1401,2,1,1,1,0,1,شهرک امام هادی (شهرک غرب)
5200000000,113,1397,2,4,4,1,1,1,فرهنگیان (شهرک غرب)
6900000000,120,1404,2,3,3,1,1,1,الهیه
13340000000,230,1402,3,3,3,1,1,1,دانشجو
2950000000,100,1403,2,6,6,1,0,1,موسوی قوچانی
3400000000,75,1390,2,3,1,0,1,0,میعاد (شهرک غرب)
1300000000,75,1403,2,3,3,0,1,1,کشف
1650000000,75,1398,1,2,2,0,0,0,انقلاب
1210000000,85,1400,1,1,1,0,0,0,طبرسی شمالی
1475000000,73,1400,2,4,4,0,0,0,ایثارگران
2200000000,100,1400,2,1,1,0,1,1,توس (بلوار توس)
2100000000,120,1403,2,3,3,1,1,1,پنجتن
3800000000,135,1401,2,1,1,1,1,0,ایثارگران
3600000000,95,1387,2,3,3,0,1,1,تربیت (صدف)
3080000000,70,1384,2,4,3,0,1,1,تربیت (صدف)
1510000000,100,1404,2,1,1,0,0,1,طبرسی شمالی
8500000000,100,1404,2,6,6,1,1,1,بالا خیابان
2000000000,100,1401,2,4,1,0,0,1,نظام دوست
1100000000,100,1395,1,2,1,0,0,1,طبرسی شمالی
1100000000,100,1401,2,3,3,0,0,1,حضرت حجت
2800000000,100,1394,2,4,3,0,1,1,گلبرگ شمالی
1250000000,105,1395,1,2,2,0,0,0,کشف
9700000000,160,1404,3,2,2,1,1,1,خرمشهر
7150000000,135,1389,3,5,5,1,1,1,دانشجو
5000000000,100,1404,2,4,1,1,1,1,فرهنگیان (شهرک غرب)
6000000000,275,1404,2,3,1,0,1,1,منزل آباد
4600000000,115,1403,2,1,1,1,1,1,حسین‌آباد
12490000000,159,1404,3,6,1,1,1,1,فرهنگ
1400000000,60,1404,1,2,2,0,0,1,تلگرد
7000000000,90,1404,4,5,5,1,1,1,صیاد شیرازی
13200000000,160,1404,3,5,5,1,1,1,فرهنگ
10000000000,175,1404,3,6,4,1,1,1,آزادشهر
4400000000,125,1404,2,4,1,1,1,0,هفده شهریور
80000000000,392,1404,4,5,5,1,1,1,سجاد شهر
3090000000,110,1404,2,5,3,1,1,1,رستگار
7500000000,140,1404,3,4,4,1,1,1,هفده شهریور
18480000000,154,1404,3,2,2,1,1,1,فلسطین
8900000000,155,1404,3,2,2,1,1,1,آزادشهر
9990000000,160,1404,3,6,4,1,1,1,آزادشهر
1800000000,65,1404,2,5,1,1,1,1,ارمغان
2100000000,75,1404,2,2,2,1,0,1,گلشور
33000000000,330,1404,4,5,5,1,1,1,سجاد شهر
4000000000,100,1404,2,1,1,1,1,1,کوی ولیعصر
4300000000,83,1404,2,3,3,1,1,1,صیاد شیرازی
7700000000,112,1404,2,1,1,1,1,1,هفت تیر (آب و برق)
3100000000,94,1404,2,1,1,1,1,1,شهید مطهری
14000000000,192,1404,3,4,4,1,1,1,آزادشهر
4300000000,80,1390,2,4,3,1,1,1,آزادشهر
3977000000,97,1404,2,5,1,1,1,1,امیریه
1350000000,85,1403,2,4,4,1,1,0,استاد یوسفی (شهرک غرب)
7700000000,140,1404,3,6,1,1,1,1,وکیل‌آباد
5800000000,141,1404,3,5,1,1,1,1,امیریه
1990000000,103,1404,2,6,3,1,1,1,کوی سیدی
1210000000,80,1404,2,2,1,0,0,1,کشف
10370000000,155,1404,3,3,3,1,1,1,سید رضی
2180000000,109,1403,2,6,5,1,1,0,حضرت حجت
5050000000,155,1404,3,5,5,1,1,1,شهید مطهری
7500000000,95,1404,1,5,1,1,1,1,هفت تیر (آب و برق)
12300000000,170,1404,3,6,6,1,1,1,فردوسی
7300000000,215,1404,4,4,4,1,1,1,فاطمیه
2650000000,70,1404,2,4,1,1,0,0,ایثار
4400000000,125,1404,2,4,2,1,1,1,حسین‌آباد
11500000000,160,1404,3,5,5,1,1,1,شریف
2195000000,75,1404,2,6,5,1,1,0,تلگرد
7950000000,187,1404,3,5,5,1,1,1,امیریه
1850000000,85,1404,2,3,3,1,1,1,چاهشک
1250000000,70,1404,2,5,2,1,1,1,وکیل‌آباد
9900000000,130,1404,2,2,2,1,1,1,حرم مطهر رضوی
22000000000,200,1404,3,6,4,1,1,1,بهشت
9750000000,153,1404,3,1,1,1,1,1,فرهنگ
11600000000,155,1404,3,3,3,1,1,1,شهید فرامرز عباسی
5350000000,117,1404,3,3,1,1,1,1,پروین اعتصامی
5500000000,120,1404,2,5,1,1,1,0,مصلی (کارمندان اول)
10350000000,115,1404,2,6,0,1,1,1,کوشش
1520000000,70,1403,1,5,5,1,0,1,ایثار
5800000000,145,1403,3,6,4,1,1,1,طلاب
4850000000,125,1404,3,6,4,1,1,1,طلاب
12700000000,187,1404,3,3,3,1,1,1,شهید فرامرز عباسی
2250000000,90,1404,2,2,1,0,1,1,کوی سیدی
3000000000,90,1404,2,6,4,1,1,0,ابوذر
1650000000,70,1404,2,4,5,1,0,1,گلشور
4230000000,90,1402,2,5,5,1,1,1,الهیه
8500000000,155,1404,3,6,6,1,1,1,شهرآرا
3900000000,90,1404,2,4,1,1,1,1,الهیه
4450000000,105,1404,2,4,2,1,1,1,امیریه
3950000000,100,1404,2,2,2,1,1,1,امیریه
5600000000,110,1404,2,4,4,1,1,1,صیاد شیرازی
9300000000,112,1404,2,6,6,1,1,1,رضاشهر
4450000000,125,1404,2,5,5,1,1,1,موسوی قوچانی
6500000000,125,1404,3,1,1,1,1,1,صیاد شیرازی
3950000000,135,1404,2,6,6,1,1,1,حجت
11200000000,160,1404,3,6,1,1,1,1,کوه سنگی
9440000000,165,1404,3,6,5,1,1,1,آزادشهر
11500000000,180,1404,3,5,5,1,1,1,هفت تیر (حافظ)
12500000000,194,1404,3,6,1,1,1,1,هنرستان
17000000000,200,1404,3,6,3,1,1,1,رضاشهر
1600000000,70,1404,1,1,1,0,0,0,محمدآباد
4200000000,79,1404,2,2,2,1,1,1,فرهنگیان (شهرک غرب)
4000000000,96,1404,2,3,3,1,1,1,شهید فرامرز عباسی
3350000000,100,1403,2,5,5,1,1,0,کوی المهدی
4370000000,115,1404,2,3,3,1,1,1,امیریه
12460000000,160,1404,3,6,4,1,1,1,رضاشهر
8500000000,160,1404,3,6,6,1,1,1,پروین اعتصامی
1100000000,70,1402,2,1,1,0,0,1,منزل آباد
1180000,60,1403,2,0,0,0,0,0,یوسفیه (شهرک غرب)
7700000000,145,1404,3,2,2,1,1,1,چهارچشمه
1680000000,80,1404,2,1,1,0,0,1,هفت تیر (نه دره)
3500000000,85,1388,2,4,3,1,1,1,هفت تیر (نه دره)
6000000000,180,1404,3,8,8,1,1,1,گلشور
900000000,50,1402,1,4,4,0,0,1,طبرسی شمالی
2850000000,210,1404,3,6,6,1,0,1,نظام دوست
1020000000,90,1404,2,1,1,0,0,0,طبرسی شمالی
950000000,65,1403,2,4,4,0,0,0,طبرسی شمالی
1000000000,75,1399,1,0,0,0,1,0,طبرسی شمالی
1290000000,65,1404,1,0,0,0,1,0,طبرسی شمالی
1500000000,85,1402,2,0,0,0,1,0,طبرسی شمالی
880000000,75,1403,2,1,1,0,0,0,طبرسی شمالی
2000000000,100,1399,2,1,1,0,0,0,نظام دوست
2200000000,95,1402,2,0,0,0,1,1,طبرسی شمالی
2600000000,85,1403,2,4,4,1,1,1,طبرسی شمالی
1800000000,100,1401,2,3,3,0,0,1,طبرسی شمالی
1650000000,85,1395,1,0,0,0,0,1,طبرسی شمالی
1100000000,75,1403,2,3,3,0,0,1,طبرسی شمالی
1100000000,75,1403,2,3,3,0,0,1,نظام دوست
1200000000,55,1404,1,3,3,0,0,1,طبرسی شمالی
920000000,65,1396,2,1,1,0,0,1,طبرسی شمالی
1600000000,130,1403,2,3,3,0,0,1,طبرسی شمالی
1900000000,100,1395,2,2,2,0,0,1,طبرسی شمالی
1600000000,125,1403,2,3,3,0,0,1,طبرسی شمالی
1650000000,90,1401,2,2,2,0,0,1,نظام دوست
1600000000,75,1399,1,0,0,0,1,1,نظام دوست
1430000000,80,1400,2,1,1,0,0,1,نظام دوست
1800000000,100,1403,2,1,1,1,0,1,طبرسی شمالی
1600000000,85,1402,2,2,2,0,0,1,نظام دوست
1500000000,80,1404,2,3,3,0,0,1,نظام دوست
1280000000,90,1403,2,2,2,0,0,0,طبرسی شمالی
1450000000,130,1404,2,4,4,0,0,0,طبرسی شمالی
1300000000,90,1403,2,1,1,0,0,0,طبرسی شمالی
790000000,70,1400,2,3,3,0,0,0,طبرسی شمالی
1810000000,95,1401,2,1,1,0,0,0,طبرسی شمالی
1100000000,65,1400,1,2,2,0,0,1,طبرسی شمالی
1500000000,85,1403,2,2,2,0,0,1,طبرسی شمالی
1530000000,75,1401,1,0,0,0,1,1,طبرسی شمالی
1350000000,70,1399,1,0,0,0,1,1,طبرسی شمالی
1280000000,70,1400,1,1,1,0,0,1,طبرسی شمالی
2650000000,180,1404,3,3,3,0,1,1,طبرسی شمالی
1050000000,50,1404,1,0,0,0,0,1,طبرسی شمالی
1600000000,75,1399,1,0,0,0,1,1,نظام دوست
1650000000,100,1404,2,1,1,1,0,1,طبرسی شمالی
1189000000,60,1402,1,2,2,0,0,1,رده
1850000000,80,1401,2,4,4,1,0,1,نظام دوست
2000000000,100,1392,2,1,1,0,0,1,نظام دوست
2200000000,95,1402,2,0,0,0,1,1,نظام دوست
1000000000,60,1403,2,1,1,0,0,1,طبرسی شمالی
1530000000,75,1402,1,0,0,0,1,1,نظام دوست
1800000000,100,1401,2,2,2,0,0,1,نظام دوست
1550000000,95,1400,2,2,2,0,0,1,نظام دوست
2150000000,100,1402,2,1,1,1,1,1,نظام دوست
1500000000,90,1400,2,1,1,0,0,1,طبرسی شمالی
1430000000,80,1402,2,1,1,0,0,1,طبرسی شمالی
1250000000,75,1402,1,3,3,0,0,1,طبرسی شمالی
2000000000,100,1403,2,3,3,1,1,1,طبرسی شمالی
1850000000,160,1402,3,3,3,0,0,1,نظام دوست
1350000000,80,1402,2,1,1,0,0,1,نظام دوست
1200000000,65,1401,1,0,0,0,0,1,نظام دوست
1200000000,55,1404,1,3,3,0,0,1,نظام دوست
2750000000,125,1404,3,3,3,1,1,1,نظام دوست
1850000000,90,1402,2,5,5,1,0,0,طبرسی شمالی
4000000000,150,1403,3,1,1,1,1,1,نظام دوست
1350000000,75,1400,2,2,2,0,0,1,طبرسی شمالی
1680000000,130,1403,2,2,2,0,0,0,طبرسی شمالی
1350000000,80,1403,2,2,2,0,0,0,طبرسی شمالی
1350000000,75,1404,2,1,1,0,0,0,طبرسی شمالی
1300000000,75,1403,1,2,2,0,0,0,طبرسی شمالی
1350000000,90,1404,2,3,3,0,0,0,طبرسی شمالی
1270000000,90,1403,2,3,3,0,0,0,طبرسی شمالی
1450000000,125,1403,2,0,0,0,0,0,طبرسی شمالی
1230000000,60,1404,2,4,2,1,1,0,طبرسی شمالی
1050000000,55,1400,1,2,2,0,0,1,نظام دوست
1380000000,85,1395,1,1,1,0,0,1,نظام دوست
2200000000,100,1402,2,0,0,0,1,1,طبرسی شمالی
4800000000,95,1387,2,1,1,1,1,1,شریف
2700000000,75,1402,2,3,1,0,0,0,کوه سنگی
890000000,50,1400,1,1,1,0,0,0,بهمن
5750000000,126,1386,3,1,1,0,1,1,رضاشهر
1300000000,55,1390,1,3,1,0,0,1,شهرک بهارستان
2050000000,107,1403,2,2,1,0,1,1,کشف
2800000000,76,1384,2,1,1,0,1,1,حجاب (شهرک غرب)
950000000,50,1404,1,1,1,0,0,1,سجادیه
2500000000,80,1395,2,4,1,1,0,1,موسوی قوچانی
1260000000,55,1400,1,1,1,0,0,0,شهرک بهارستان
1650000000,90,1399,2,3,1,0,1,0,نظام دوست
1420000000,75,1402,1,1,1,0,0,1,رده
820000000,60,1394,1,3,1,0,0,0,حضرت حجت
1050000000,65,1402,1,3,1,0,0,0,نظام دوست
920000000,85,1390,2,1,1,0,0,1,طبرسی شمالی
1380000000,75,1400,2,1,1,0,0,1,رده
1650000000,85,1400,1,1,1,0,0,1,رده
950000000,70,1390,1,1,1,0,0,0,شهرک امام هادی (شهرک غرب)
2000000000,90,1390,1,1,1,0,0,1,کوی سیدی
1430000000,90,1401,1,1,1,0,0,1,نظام دوست
1500000,85,1397,1,1,1,0,1,1,فریزی
1750000000,85,1397,2,4,3,0,0,1,ایثار
1150000000,70,1397,1,4,2,0,0,1,بهمن
950000000,55,1402,1,2,2,0,0,1,طبرسی شمالی
2150000,90,1396,2,4,2,1,0,0,شفا
2150000000,100,1394,2,2,2,0,0,1,نظام دوست
2250000000,117,1403,2,6,2,1,0,0,خواجه ربیع
1350000000,90,1402,2,2,2,0,0,0,نظام دوست
1100000000,75,1402,2,2,2,0,0,1,طبرسی شمالی
5250000000,95,1385,2,3,2,0,1,1,فرهنگ
2400000000,120,1398,2,2,2,0,0,1,رده
1200000000,75,1400,2,2,2,0,0,0,نظام دوست
850000000,75,1404,2,2,2,0,0,1,نوده
870000000,90,1404,2,2,2,0,0,1,همت آباد
850000000,67,1400,1,2,2,0,0,1,بهمن
980000000,55,1400,1,2,2,0,0,0,نظام دوست
1400000000,55,1399,1,2,2,0,1,1,قائم
2300000000,110,1403,2,6,3,1,1,0,شهرک بهارستان
1650000000,75,1404,2,3,3,0,1,1,رده
1930000000,90,1401,2,3,3,1,0,1,کوی سیدی
3500000000,101,1390,2,3,3,0,1,0,نرگس (شهرک غرب)
1250000000,100,1402,2,3,3,0,0,1,طبرسی شمالی
720000000,70,1397,1,3,3,0,0,0,کشف
1600000000,104,1395,2,3,3,0,0,0,نظام دوست
1400000000,57,1396,1,0,0,0,0,0,گلبرگ
1300000000,125,1399,2,3,0,0,1,1,خواجه ربیع
1230000000,125,1402,2,0,0,0,1,0,کشف
1550000000,65,1395,2,0,0,0,0,0,تلگرد
1470000000,70,1400,1,0,0,0,1,0,رده
650000000,60,1393,1,0,0,0,0,1,دوست آباد
627000000,50,1400,1,0,0,0,0,0,طبرسی شمالی
1410000000,80,1390,1,3,0,0,0,0,امیر
1450000000,60,1402,1,0,0,0,0,0,ایثارگران
900000000,100,1401,1,4,0,0,0,0,خواجه ربیع
2600000000,105,1404,2,5,5,1,1,0,انقلاب
2000000000,115,1403,2,4,4,1,1,1,شهرک امام هادی (شهرک غرب)
1620000000,75,1404,2,4,4,0,0,1,رده
980000000,85,1402,2,2,1,0,0,1,طبرسی شمالی
970000000,100,1397,1,2,2,0,0,1,کشف
3200000000,80,1386,2,4,3,0,1,1,آزادشهر
2000000000,100,1401,2,4,4,0,0,1,تلگرد
1420000000,70,1399,2,2,2,0,0,1,نظام دوست
5000000000,100,1387,2,2,2,0,1,1,شهید فرامرز عباسی
1800000000,90,1393,2,3,1,0,0,0,شهرک بهارستان
5100000000,160,1401,3,7,1,1,1,1,طلاب
1000000000,40,1404,1,0,0,0,0,0,گاز
2950000000,90,1394,2,3,3,1,1,1,فاطمیه
2250000000,85,1395,2,3,2,0,0,1,نکاح
3200000000,94,1394,2,3,3,0,1,1,شهید مطهری
1900000000,80,1394,2,3,3,0,0,1,ایثار
3950000000,100,1388,2,4,3,0,1,1,اقبال
3850000000,132,1399,2,1,1,1,1,1,طلاب
3550000000,83,1389,2,5,4,1,1,1,فرهنگیان (شهرک غرب)
11350000000,183,1404,3,3,3,1,1,1,فارغ التحصیلان
11700000000,180,1400,3,1,1,1,1,1,فارغ التحصیلان
25000000000,200,1404,3,4,4,1,1,1,ملک‌آباد
11000000000,176,1400,3,1,1,1,1,1,فارغ التحصیلان
7450000000,210,1404,3,5,4,1,1,1,گاز
13600000000,172,1399,3,5,2,1,1,1,احمدآباد
1000000000,55,1404,1,3,0,0,0,0,قائم
1750000000,50,1384,1,4,0,0,1,1,الهیه
6200000000,125,1404,3,5,3,1,1,1,الهیه
3300000000,90,1391,2,5,4,0,1,1,خرمشهر
3850000000,90,1398,2,2,2,1,1,1,امیریه
4100000000,110,1390,2,4,3,1,1,1,مشکینی (شهرک غرب)
8700000000,150,1394,3,5,5,1,1,1,هفت تیر (حافظ)
19450000000000,141,1403,3,4,4,1,1,1,سجاد شهر
4350000000,97,1403,2,3,3,1,1,1,الهیه
6200000000,113,1390,2,4,4,1,1,1,نیروی هوایی
640000000,55,1390,1,2,1,0,0,1,نوده
4500000000,140,1401,3,1,1,1,1,1,گلبرگ
565000000,70,1401,2,4,0,0,0,0,نوده
1600000000,120,1402,2,3,3,1,0,1,مشهدقلی
2500000000,120,1403,2,4,4,1,1,1,شهرک مطهری
12000000000,200,1394,3,5,1,1,1,1,ارشاد
1200000000,50,1390,1,5,3,0,0,1,یوسفیه (شهرک غرب)
8600000000,160,1395,3,4,4,1,1,1,دانشجو
1890000000,100,1402,2,3,3,1,1,1,توس (بلوار توس)
4500000000,100,1385,2,3,3,0,1,1,بهشت
4500000000,135,1401,3,6,5,1,1,1,امیر
3600000000,120,1403,2,1,1,1,1,1,گاز
11200000,160,1404,3,5,5,1,1,1,دانشجو
2500000000,95,1388,2,4,2,0,0,1,مشکینی (شهرک غرب)
2100000000,80,1395,2,4,4,1,1,1,میعاد (شهرک غرب)
2250000000,55,1402,1,3,3,1,1,1,رضاشهر
1270000000,70,1395,2,3,3,0,0,0,شهرک امام هادی (شهرک غرب)
1165000000,90,1404,2,2,2,0,0,1,نوده
800000000,60,1398,1,3,3,0,0,0,خواجه ربیع
4100000000,108,1395,2,4,2,1,1,1,الهیه
1070000000,65,1403,1,4,4,0,0,1,کوی سیدی
6500000000,145,1403,3,5,5,1,1,1,فرهنگیان (شهرک غرب)
2300000000,49,1404,1,3,3,1,0,0,عنصری
3650000000,130,1398,2,5,3,1,0,1,هفت تیر (آب و برق)
5800000000,140,1403,3,7,7,1,1,1,شاهد (شهرک غرب)
1250000000,85,1400,2,4,4,0,0,1,مهدی آباد (بلوار توس)
60000000,115,1390,2,4,4,1,1,0,عنصری
1860000000,98,1404,2,3,2,1,1,1,منزل آباد
1250000000,100,1396,2,0,0,0,0,1,منزل آباد
4410000000,105,1404,2,5,1,1,1,1,الهیه
4750000000,118,1385,2,2,2,0,1,1,سرافرازان
4600000000,105,1399,2,1,1,1,1,1,شهرک لشکر (شهرک غرب)
3250000000,82,1393,2,5,3,1,1,1,جاهد شهر
1300000000,93,1395,1,1,1,0,0,0,همت آباد
1320000000,63,1390,2,2,2,1,1,0,سیس‌آباد
9400000000,175,1395,3,4,4,1,1,1,رضاشهر
4290000000,120,1400,2,5,2,1,1,0,انقلاب
4400000000,160,1401,3,3,3,1,1,1,شفا
4700000000,130,1404,3,7,4,1,1,1,انقلاب
2180000000,85,1394,2,3,3,0,1,1,انقلاب
1550000000,60,1401,1,3,3,1,1,1,پنجتن
2000000000,105,1404,2,4,4,1,1,1,پنجتن
1130000000,55,1402,1,0,0,0,0,1,پنجتن
1550000000,102,1404,2,5,5,1,0,1,پنجتن
1550000000,80,1401,2,2,2,1,1,1,پنجتن
1450000000,105,1400,2,4,4,1,0,1,پنجتن
1600000000,95,1400,2,3,2,0,1,1,بهمن
1150000000,75,1402,1,0,0,0,0,1,طبرسی شمالی
3300000000,85,1395,2,2,2,1,1,1,رضاییه
1500000000,100,1404,2,3,3,1,0,1,طبرسی شمالی
1750000000,110,1400,1,3,0,0,1,1,شهرک مطهری
1070000000,60,1395,1,0,0,0,1,1,یوسفیه (شهرک غرب)
1360000000,80,1402,1,4,4,1,0,1,طبرسی شمالی
5250000000,150,1404,2,1,1,1,1,1,حسین‌آباد
2500000000,76,1391,2,4,2,0,0,0,ابوذر
2350000000,95,1404,2,4,3,1,0,0,رسالت
16000000000,160,1404,3,6,3,1,1,1,فلسطین
2600000000,106,1395,2,1,1,1,1,1,الهیه
12420000000,207,1402,3,1,1,1,1,1,ویلاشهر
1900000000,75,1392,2,4,3,0,1,0,مشکینی (شهرک غرب)
2700000000,85,1389,2,3,3,0,1,1,شهید مطهری
1080000000,75,1402,2,3,1,0,0,1,منزل آباد
1800000000,95,1404,2,4,1,1,1,1,منزل آباد
1550000000,95,1404,2,3,3,0,1,1,منزل آباد
1590000000,85,1404,2,3,1,1,1,1,منزل آباد
1320000000,77,1404,2,3,1,0,1,1,منزل آباد
1270000000,95,1402,2,2,2,0,1,0,منزل آباد
7150000000,110,1404,2,5,2,1,1,1,نیروی هوایی
7950000000,175,1375,2,0,0,0,1,1,هفت تیر (حافظ)
1450000000,85,1399,2,4,3,0,0,1,ایثارگران
2360000000,105,1403,2,2,2,1,1,1,شهرک بهارستان
6500000000,180,1404,3,7,6,1,1,1,کوی سیدی
36000000000,83,1386,2,4,3,1,1,1,هفت تیر (حافظ)
770000000,50,1400,1,0,0,0,0,0,بهمن
2600000000,110,1402,2,4,4,0,1,0,کارمندان دوم
7100000000,183,1380,3,0,0,0,1,1,گوهرشاد
4700000000,110,1390,2,1,1,0,1,1,گوهرشاد
3200000000,75,1385,2,3,2,0,1,1,نیروی هوایی
2300000000,105,1394,2,3,3,0,1,0,فدک
1700000000,100,1395,2,1,1,0,0,1,نوید
6200000000,100,1395,2,2,2,1,1,0,امام رضا (ع)
4680000000,104,1395,2,4,1,1,1,1,اقبال
4500000000,105,1396,2,9,4,1,1,1,آبادگران
3300000000,110,1399,2,6,4,1,1,0,شهرک بهارستان
6350000000,111,1390,2,4,2,0,1,1,امام رضا (ع)
6100000000,116,1396,2,4,2,1,1,1,هفت تیر (آب و برق)
4200000000,125,1404,2,3,3,1,1,1,کوی سیدی
8840000000,130,1404,3,2,2,1,1,1,امام خمینی
6900000000,130,1404,3,5,5,1,1,1,رستگار
3300000000,85,1400,2,1,1,0,0,0,هفده شهریور
10700000000,197,1404,3,5,4,1,1,1,شهید رضوی
17700000000,205,1404,3,6,6,1,1,1,دانشجو
2350000000,100,1401,2,6,1,1,1,1,شهرک بهارستان
6700000000,153,1404,3,6,6,1,1,1,نرگس (شهرک غرب)
1460000000,60,1394,1,3,3,0,0,1,چهارچشمه
720000000,65,1400,1,4,4,0,0,1,طبرسی شمالی
3100000000,70,1390,2,0,0,0,0,1,خرمشهر
950000000,73,1395,1,3,1,0,0,1,منزل آباد
2500000000,75,1373,1,3,3,0,1,1,کارمندان دوم
2650000000,75,1388,2,4,2,0,1,1,حجاب (شهرک غرب)
2550000000,75,1386,2,4,4,0,1,1,سعد آباد
2300000000,80,1396,2,0,0,0,1,1,هدایت
1350000000,85,1402,2,1,1,1,1,1,کشف
2750000000,90,1404,2,6,6,1,1,1,شهید مطهری
46000000000,98,1392,2,4,4,1,1,1,شهرآرا
2700000000,100,1397,2,3,3,1,1,1,امیر
2200000000,130,1401,2,3,3,0,0,1,هنرور
3500000000,147,1390,3,3,2,1,1,1,کوی المهدی
18400000000,230,1404,4,1,1,1,1,1,شهید فرامرز عباسی
950000000,60,1404,1,5,4,0,0,1,شهید قربانی
1090000000,65,1392,1,3,1,0,0,0,شهرک بهارستان
1500000000,75,1404,1,2,1,0,0,1,کوی ولیعصر
1800000000,70,1403,2,5,5,1,0,1,یوسفیه (شهرک غرب)
2500000000,75,1398,2,2,2,0,0,1,فاطمیه
1370000000,75,1403,2,4,4,1,1,0,یوسفیه (شهرک غرب)
1490000000,80,1404,1,0,0,0,1,1,طبرسی شمالی
1200000000,80,1400,2,2,1,0,0,1,کوی ولیعصر
1610000000,87,1404,2,1,1,0,1,1,کشف
23000000,130,1392,3,2,2,0,0,0,تلگرد
1800000000,85,1391,2,3,3,0,0,1,شفا
5550000000,100,1390,2,3,2,0,1,0,آزادشهر
1150000000,50,1398,1,3,3,0,0,1,گاز
1250000000,60,1401,1,3,3,1,0,0,طبرسی شمالی
9200000000,163,1395,3,2,2,1,1,0,رضاشهر
1450000000,100,1404,2,5,4,1,1,0,شهرک امام هادی (شهرک غرب)
4500000000,115,1402,2,4,1,1,1,1,گاز
1800000000,80,1403,2,0,0,0,1,0,موعود
890000000,68,1402,1,4,3,0,0,1,نوید
1200000000,75,1394,1,3,3,0,0,1,پورسینا
4100000000,85,1385,2,4,4,1,1,1,تربیت (صدف)
860000000,55,1398,1,0,0,0,0,0,کشاورز
4200000000,82,1390,2,4,1,1,1,1,سعد آباد
3550000000,95,1403,2,4,4,1,1,1,ایثار
1380000000,90,1396,1,3,2,0,0,0,سپاد
15000000000,200,1404,3,3,3,1,1,1,رضاشهر
1600000000,95,1394,1,4,3,0,0,1,کوی سیدی
4250000000,80,1385,2,3,0,0,1,1,امام خمینی
3800000000,91,1395,2,4,2,1,1,1,الهیه
650000000,55,1394,1,2,2,0,0,0,حضرت حجت
6000000000,147,1388,3,3,3,0,1,1,رضاشهر
2800000000,100,1388,2,1,1,0,1,1,مشکینی (شهرک غرب)
880000000,57,1404,1,3,1,0,0,0,بهمن
2500000,90,1395,2,2,2,1,1,1,امیر المومنین
1050000000,70,1400,1,3,3,0,0,1,مهدی آباد (بلوار توس)
2300000000,105,1404,2,5,3,1,1,0,نوده
2550000000,75,1395,2,3,1,0,1,0,وکیل‌آباد
1400000000,60,1389,1,1,1,0,0,0,قائم
1900000000,80,1390,2,3,3,0,0,0,طلاب
4200000000,120,1378,2,2,2,0,1,1,شهرک رازی (شهرک غرب)
3300000000,120,1387,2,3,3,0,1,1,گلشور
3950000000,76,1386,2,3,3,1,1,1,فارغ التحصیلان
740000000,65,1404,1,3,3,0,0,1,رده
8500000000,161,1390,3,5,2,1,1,1,هفت تیر (آب و برق)
5560000000,85,1404,2,2,2,1,1,1,امام رضا (ع)
1899000000,85,1402,2,2,2,0,0,1,رده
1830000000,60,1399,1,1,1,0,0,1,سرافرازان
2700000000,74,1403,2,2,2,1,1,1,آبادگران
4580000000,85,1396,2,4,4,1,1,1,هنرستان
4250000000,102,1386,2,1,1,0,1,1,شهرآرا
1150000000,55,1400,1,5,0,0,1,1,توس (بلوار توس)
7200000000,150,1394,3,4,2,1,1,1,نیروی هوایی
2950000000,64,1394,1,1,1,1,1,1,حسابی جنوبی (شهرک غرب)
5980000000,115,1403,2,6,6,1,1,1,شهرک لشکر (شهرک غرب)
5600000000,145,1400,3,6,3,1,1,1,شهرک لشکر (شهرک غرب)
10000000000,170,1383,3,2,2,0,1,1,راهنمایی
3500000000,125,1403,2,5,1,1,1,1,طلاب
5200000000,113,1390,2,2,2,0,1,1,گوهرشاد
1150000000,75,1404,1,2,1,0,0,1,شهرک بهارستان
4630000000,102,1395,2,3,1,1,1,1,الهیه
6500000000,200,1404,3,8,8,1,1,1,ایثار
12000000000,305,1403,4,5,5,1,1,0,ایثار
22000000000,250,1404,3,6,3,1,1,1,شهید فرامرز عباسی
10650000000,190,1401,3,5,5,1,1,1,کوشش
5600000000,110,1403,2,6,5,1,1,1,الهیه
42000000000,280,1404,3,4,4,1,1,1,سجاد شهر
4200000000,123,1391,2,3,2,0,1,1,الهیه
11500000000,129,1404,3,4,4,1,1,1,امام رضا (ع)
9600000000,120,1404,2,1,1,1,1,1,عنصری
3500000000,140,1397,2,5,5,1,1,1,سمزقند
5350000000,117,1404,3,3,1,1,1,1,پروین اعتصامی
4970000000,145,1401,3,1,1,1,1,1,طلاب
8000000000,115,1404,2,7,7,1,1,1,شهید هاشمی نژاد
7900000000,137,1396,3,5,1,1,1,1,شهید فرامرز عباسی
2550000000,80,1394,2,5,4,1,1,1,امیریه
6850000000,156,1394,3,5,3,1,1,1,شاهد (شهرک غرب)
12000000000,100,1404,2,3,3,1,1,1,حرم مطهر رضوی
3360000000,75,1386,2,3,3,1,1,1,صیاد شیرازی
3530000000,89,1398,2,4,3,0,1,1,هفت تیر (حافظ)
4500000000,98,1398,2,4,2,1,1,0,الهیه
4500000000,85,1396,2,4,3,1,1,1,هفده شهریور
4500000000,120,1404,2,2,2,1,1,0,خرمشهر
2500000000,117,1404,2,4,4,1,1,1,نوید
6700000000000,166,1399,3,5,5,1,1,1,سمزقند
13200000000,159,1394,3,2,2,1,1,1,فلسطین
4700000000,102,1397,2,1,1,1,1,1,شهرک لشکر (شهرک غرب)
4100000000,120,1401,2,3,3,1,1,1,حسین‌آباد
5870000000,90,1402,2,4,4,1,1,0,شهید هاشمی نژاد
23900000000,165,1404,3,6,3,1,1,1,هنرستان
4230000000,87,1404,2,3,3,1,1,1,فرهنگیان (شهرک غرب)
5870000000,125,1404,3,5,5,1,1,1,میعاد (شهرک غرب)
14000000000,165,1404,3,2,2,1,1,1,هفت تیر (حافظ)
2000000000,105,1404,2,2,2,1,1,1,نوده
5400000000,125,1404,3,4,4,1,1,1,جاهد شهر
6750000000,123,1395,3,4,4,1,1,1,نیروی هوایی
6000000000,140,1403,3,3,3,1,1,1,حسین‌آباد
5600000000,120,1404,2,5,1,1,1,1,شهید مطهری
9500000000,150,1404,3,1,1,1,1,1,هفت تیر (حافظ)
2300000000,73,1390,2,4,4,0,0,1,عامل
1500000000,50,1380,1,3,1,0,0,0,حجاب (شهرک غرب)
3100000000,70,1388,2,4,0,1,1,1,شهرآرا
3500000000,130,1403,2,6,2,1,1,1,تلگرد
19900000000,173,1404,3,6,6,1,1,1,فردوسی
11850000000,150,1404,3,6,3,1,1,1,شهید فرامرز عباسی
44000000000,260,1404,3,7,5,1,1,1,کوثر
14300000000,90,1394,2,10,10,1,1,1,کوه سنگی
8400000000,140,1404,3,4,3,1,1,1,نیروی هوایی
18800000000,230,1404,3,2,2,1,1,1,سناباد
2600000000,135,1403,2,2,2,1,1,1,طبرسی شمالی
6850000000,190,1402,4,5,5,1,1,1,الهیه
11500000000,187,1403,3,6,2,1,1,1,امام خمینی
42500000000,325,1404,3,4,4,1,1,1,سجاد شهر
5600000000,140,1399,2,5,1,1,1,1,الهیه
3290000000,130,1404,3,1,1,1,1,1,خواجه ربیع
3200000000,115,1404,3,4,3,1,1,0,کوی سیدی
3200000000,115,1404,3,4,3,1,1,0,کوی سیدی
7400000000,148,1404,3,6,4,1,1,1,جاهد شهر
4700000000,150,1400,3,7,1,1,1,0,انقلاب
16200000000,162,1404,3,6,3,1,1,1,بهشت
11990000000,178,1404,3,6,3,1,1,1,شهید فرامرز عباسی
6180000000,179,1404,3,5,5,1,1,1,رستگار
9500000000,184,1404,3,6,5,1,1,1,رضاشهر
400000000,55,1404,1,3,1,1,1,1,طبرسی شمالی
3740000000,87,1403,2,5,5,1,1,1,الهیه
6500000000,143,1398,3,5,4,1,1,1,الهیه
8500000000,140,1404,3,5,1,1,1,1,شهید هاشمی نژاد
10380000000,180,1404,3,6,2,1,1,1,خاتم الانبیا
4750000000,155,1404,3,6,6,1,1,1,موسوی قوچانی
1250000000,75,1400,1,4,0,0,1,1,طبرسی شمالی
1900000000,65,1404,1,0,0,0,0,1,طلاب
7470000000,90,1401,2,2,2,1,1,1,امام رضا (ع)
5300000000,120,1402,2,5,1,1,1,1,الهیه
4750000000,135,1404,2,3,3,1,1,1,کلاهدوز
4000000000,105,1403,2,2,2,1,1,1,الهیه
4500000000,105,1400,2,4,4,1,1,1,الهیه
4600000000,115,1404,2,4,4,1,1,1,الهیه
5400000000,137,1401,3,5,5,1,1,1,الهیه
3400000000,100,1386,2,3,3,0,1,1,موسوی قوچانی
3050000000,82,1394,2,2,2,1,1,1,سرافرازان
1900000000,110,1397,2,3,3,0,1,1,چاهشک
1850000000,110,1395,2,1,1,1,1,1,چاهشک
555000000,70,1400,1,3,2,0,0,1,کشف
11840000000,160,1404,3,6,4,1,1,1,دانشجو
1320000000,120,1402,2,4,4,0,0,1,پنجتن
2200000000,60,1386,1,4,4,0,1,1,صیاد شیرازی
7900000000,150,1380,3,4,3,0,1,1,آزادشهر
18080000000,155,1404,3,6,2,1,1,1,احمدآباد
11500000000,135,1403,3,5,3,1,1,1,وکیل‌آباد
10700000000,152,1404,3,2,2,1,1,1,آزادشهر
13500000000,215,1404,3,6,2,1,1,1,دانشجو
6240000000,130,1404,3,6,1,1,1,1,حسابی جنوبی (شهرک غرب)
4250000000,125,1400,2,2,2,1,1,0,ایثار
7650000000,133,1402,3,5,3,1,1,1,هفت تیر (حافظ)
14700000000,160,1403,3,6,6,1,1,1,فرهنگ
13800000000,170,1404,3,4,4,1,1,1,هنرستان
9000000000,80,1395,2,3,3,1,1,0,احمدآباد
17000000000,180,1404,3,5,4,1,1,1,هفت تیر (حافظ)
10000000000,155,1404,3,6,1,1,1,1,آزادشهر
3900000000,100,1398,2,4,4,1,1,1,امیریه
1550000000,85,1395,1,2,2,0,0,1,گاز
1220000000,80,1397,2,2,2,1,1,1,الهیه
3700000000,255,1400,1,3,0,0,1,1,حضرت حجت
2600000000,100,1390,2,4,4,1,0,0,جانباز
6200000000,117,1404,3,6,6,1,1,1,الهیه
5300000000,100,1404,2,3,3,1,1,1,الهیه
4200000000,95,1398,2,12,3,1,1,1,الهیه
5700000000,160,1403,3,5,5,1,1,1,امیریه
2150000000,68,1393,1,2,2,0,1,0,سرافرازان
1000000000,80,1398,2,2,2,0,1,0,آیت الله کاشانی
1000000000,80,1398,2,2,2,0,1,0,آیت الله کاشانی
2200000000,75,1396,2,0,0,1,1,1,مشکینی (شهرک غرب)
4300000000,135,1404,3,6,3,1,1,1,عبادی
4050000000,135,1404,3,6,1,1,1,1,شهید مطهری
8000000000,160,1404,3,6,6,1,1,1,میعاد (شهرک غرب)
4000000000,75,1388,2,4,4,1,1,1,تربیت (صدف)
7900000000,130,1395,2,4,4,1,1,1,هفت تیر (حافظ)
13300000000,153,1404,3,6,6,1,1,1,دانشجو
9350000000,160,1402,3,5,1,1,1,1,سید رضی
5100000000,155,1404,3,7,7,1,1,1,گلبرگ
1790000000,75,1393,1,1,1,0,0,1,گلشور
3000000000,118,1395,2,4,1,1,1,1,جلالیه
4200000000,81,1388,2,3,3,1,1,0,ده دی
2000000000,135,1402,3,3,2,0,1,1,منزل آباد
1900000000,90,1404,2,4,0,1,1,1,منزل آباد
930000000,75,1397,1,2,1,0,1,1,کلاته برفی
5928000000,156,1404,3,5,2,1,1,1,وکیل‌آباد
1820000000,72,1393,2,1,1,0,0,1,موسوی قوچانی
3000000000,130,1395,3,4,0,0,0,1,رستگار
7500000000,135,1397,3,4,3,1,1,1,خاتم الانبیا
9300000000,200,1394,3,5,1,1,1,1,خاتم الانبیا
1200000000,65,1393,1,3,3,0,0,1,رده
4870000000,125,1397,3,5,5,1,1,1,الهیه
1600000000,80,1404,1,5,5,1,1,0,توس (بلوار توس)
4700000000,100,1401,2,5,3,1,1,1,زمرد
1570000000,90,1402,2,5,4,1,0,1,توس (بلوار توس)
5150000000,113,1375,2,6,5,1,1,1,جنت
8990000000,161,1404,3,3,3,1,1,1,سید رضی
9000000000,90,1404,2,6,6,1,1,1,حرم مطهر رضوی
9000000000,100,1404,3,0,0,1,1,1,حرم مطهر رضوی
7480000000,75,1402,1,5,5,1,1,1,سراب
1970000000,65,1394,1,3,0,0,0,0,حرم مطهر رضوی
4380000000,87,1391,2,3,3,1,1,1,مقدم
7750000000,75,1404,1,10,0,1,1,0,حرم مطهر رضوی
4300000000,53,1402,1,11,11,1,1,0,عیدگاه
5500000000,60,1398,1,3,3,1,1,0,عیدگاه
2300000000,75,1400,1,5,5,1,0,0,جلالیه
7550000000,153,1396,3,3,3,1,1,1,خرمشهر
1290000000,75,1396,2,2,2,0,0,0,نظام دوست
4170000000,90,1393,2,4,4,1,1,1,شهرآرا
4300000000,100,1389,2,4,1,0,1,1,شهرآرا
1400000000,65,1397,1,2,2,0,0,1,گلبرگ
870000000,45,1404,1,2,2,0,0,0,کوی ولیعصر
2700000000,75,1386,2,1,1,0,1,1,الهیه
1150000000,55,1394,1,3,1,0,0,1,قائم
865000000,60,1402,1,1,1,0,0,0,حضرت حجت
1695000000,67,1387,1,3,2,0,0,0,امامیه (شهرک غرب)
4300000000,100,1397,2,4,4,1,1,1,چهارچشمه
1750000000,65,1398,2,3,3,1,0,1,مشکینی (شهرک غرب)
1840000000,50,1387,1,1,1,0,1,0,جاهد شهر
889000000,50,1399,1,2,2,0,0,0,هفت تیر (نه دره)
850000000,60,1398,1,0,0,0,0,1,هفت تیر (نه دره)
1450000000,65,1395,1,4,2,0,0,0,گلبرگ
1600000000,65,1390,1,3,0,0,0,0,رسالت
8880000000,150,1404,3,6,6,1,1,1,آزادشهر
1300000000,60,1404,1,4,2,0,0,1,فاطمیه
1600000000,75,1403,2,3,3,0,0,1,شهید مطهری
4250000000,77,1385,2,2,2,0,1,1,کوثر
2100000000,62,1404,1,2,2,1,1,1,چهنو
1600000000,65,1390,1,4,3,0,0,1,هفت تیر (نه دره)
2850000000,75,1395,2,1,1,1,1,1,جاهد شهر
1280000000,55,1404,1,4,4,0,0,1,فاطمیه
1270000000,45,1401,1,2,2,0,0,0,هفده شهریور
115000,125,1399,2,4,4,1,1,1,جاهد شهر
1330000000,90,1401,2,2,2,0,0,0,نظام دوست
1480000000,85,1395,2,4,4,0,0,1,ایثارگران
3800000000,98,1399,2,6,6,1,1,1,جاهد شهر
17000000000,155,1397,3,5,4,1,1,1,سجاد شهر
11500000000,180,1404,3,14,7,1,1,1,گوهرشاد
1275000000,75,1404,2,3,3,0,1,0,کشف
3500000000,90,1398,2,5,5,1,1,1,جاهد شهر
3950000000,110,1399,2,2,2,1,1,1,جاهد شهر
9400000000,161,1400,3,6,3,1,1,1,آزادشهر
1270000000,95,1404,2,3,3,0,1,1,یاغون آباد
1450000000,65,1403,1,5,3,1,1,1,طبرسی شمالی
1520000000,70,1404,2,4,4,0,0,0,شهید مطهری
5950000000,85,1404,2,5,2,1,1,1,امام رضا (ع)
1500000000,65,1403,1,1,1,1,1,1,طبرسی شمالی
1500000000,65,1403,1,1,1,1,1,1,طبرسی شمالی
1650000000,60,1404,1,4,2,0,1,1,طبرسی شمالی
11300000000,160,1404,3,5,4,1,1,1,رضاشهر
1200000000,75,1404,1,4,1,0,0,1,طبرسی شمالی
1400000000,100,1401,2,2,2,0,0,1,طبرسی شمالی
1050000000,65,1402,2,4,3,0,0,0,طبرسی شمالی
9000000000,90,1404,2,6,6,1,1,1,امام رضا (ع)
5300000000,110,1404,2,2,2,1,1,1,هفت تیر (نه دره)
1280000000,85,1402,2,4,4,1,0,1,حضرت حجت
4750000000,88,1404,2,3,3,1,1,1,هفت تیر (آب و برق)
900000000,50,1404,1,4,0,0,1,1,نظام دوست
4800000000,150,1403,3,5,2,1,1,1,گاز
850000000,60,1400,1,4,4,0,0,1,طبرسی شمالی
9500000000,159,1404,3,6,6,1,1,1,آزادشهر
1400000000,75,1402,2,3,2,0,0,0,خواجه ربیع
2750000000,100,1403,2,5,5,1,1,1,وحید
5000000000,115,1401,2,3,3,1,1,1,جاهد شهر
3100000000,120,1404,2,4,4,1,1,1,هنرور
3500000000,125,1404,3,7,5,1,1,1,توس (بلوار توس)
8200000000,155,1404,2,1,1,1,1,1,دانشجو
9600000000,170,1404,3,4,4,1,1,1,صیاد شیرازی
40000000000,335,1404,3,1,1,1,1,1,رضاشهر
1500000000,60,1404,1,0,0,1,0,1,فاطمیه
6300000000,88,1403,2,3,3,1,1,1,صیاد شیرازی
1350000000,90,1402,2,2,2,0,0,1,رده
7475000000,115,1404,3,6,5,1,1,1,سعد آباد
8500000000,135,1403,3,6,6,1,1,1,امام خمینی
1080000000,60,1404,1,0,0,0,0,1,نظام دوست
1115000000,70,1402,2,3,0,0,0,1,کشف
3550000000,110,1401,2,7,5,1,1,0,حیدرآباد
899000000,50,1398,1,1,1,0,0,0,نوید
7175000000,175,1404,3,6,4,1,1,1,میعاد (شهرک غرب)
2750000000,180,1403,4,2,2,0,0,1,شهرک امام هادی (شهرک غرب)
880000000,90,1404,2,3,3,0,0,0,چاهشک
1290000000,110,1404,2,5,4,1,0,1,مشهدقلی
4000000000,105,1378,2,1,1,0,1,1,جنت
6000000000,130,1395,2,3,1,0,1,1,نیروی هوایی
3500000000,79,1395,2,1,1,1,1,1,نیروی هوایی
45000000000,500,1404,4,6,6,1,1,1,وکیل‌آباد
11450000000,220,1393,4,3,3,1,1,1,کوثر
26000000000,235,1404,3,6,2,1,1,1,هنرستان
8500000000,150,1390,3,4,3,1,1,1,کوثر
25300000000,235,1404,4,5,4,1,1,1,کوثر
10200000000,165,1404,3,6,3,1,1,1,چهارچشمه
25000000000,240,1404,4,6,6,1,1,1,کوثر
3380000000000,85,1386,2,3,3,0,1,1,نیروی هوایی
5700000000,90,1400,2,3,3,1,1,1,آیت الله کاشانی
2320000000,110,1404,2,5,2,1,1,1,خواجه ربیع
500000000,65,1404,1,4,1,0,1,0,طبرسی شمالی
2500000000,82,1404,2,2,2,1,1,1,کارگران
3700000000,130,1404,2,3,3,1,1,1,شهرک امام هادی (شهرک غرب)
1600000000,60,1404,1,5,3,1,0,0,عامل
6200000000,110,1404,2,3,3,1,1,1,جنت
1800000000,62,1404,1,5,5,1,1,1,چهنو
3400000000,98,1402,2,6,4,1,1,1,زمرد
2150000000,80,1394,2,1,1,1,1,0,ایثارگران
2380000000,85,1391,2,5,3,1,1,1,هنرور
1900000000,90,1395,2,5,3,0,0,1,شفا
12900000000,180,1403,3,6,2,1,1,1,هفت تیر (آب و برق)
10950000000,135,1404,3,6,6,1,1,1,هفت تیر (حافظ)
5200000000,90,1388,2,4,2,1,1,1,هفت تیر (حافظ)
5100000000,113,1395,2,5,0,1,1,0,خرمشهر
4500000000,83,1393,2,0,0,1,1,1,امام خمینی
1980000000,70,1392,1,0,0,0,0,0,فاطمیه
2450000000,100,1399,2,4,0,0,1,0,رده
1800000000,100,1388,1,4,0,0,1,0,شهرک بهارستان
6300000000,85,1388,2,0,0,1,1,1,گوهرشاد
22000000000,295,1404,4,0,0,1,1,1,رضاشهر
1270000000,62,1395,1,3,0,0,0,0,ایثارگران
1400000000,50,1394,1,0,0,0,0,1,شهید مطهری
12950000000,191,1402,3,6,0,1,1,1,نیروی هوایی
39500000,60,1399,2,4,0,1,1,1,دانشجو
1300000000,60,1395,1,4,0,0,0,0,ابوذر
2950000000,85,1390,2,0,0,1,0,1,پروین اعتصامی
1730000000,75,1392,2,0,0,0,0,1,یوسفیه (شهرک غرب)
2400000000,55,1385,1,4,0,0,0,1,نکاح
1050000000,55,1398,1,0,0,0,0,1,هفت تیر (نه دره)
4950000000,72,1386,1,3,0,1,1,1,اقبال
3300000000,90,1403,2,6,0,1,1,1,امیریه
4600000000,111,1387,3,3,0,0,1,1,بهاران
1940000000,90,1394,1,3,0,0,1,1,شهرک بهارستان
970000000,50,1400,1,0,0,0,1,1,شهرک امام هادی (شهرک غرب)
7750000000,100,1384,2,0,0,0,1,1,فرهنگ
2100000000,55,1385,1,3,0,0,1,0,عبادی
980000000,60,1400,1,0,0,0,0,0,حضرت حجت
1300000000,74,1395,1,0,0,0,0,0,مصطفی خمینی
1950000000,85,1395,2,3,0,0,1,1,تلگرد
3190000000,170,1389,1,3,0,0,1,1,شهرآرا
1700000000,65,1390,1,0,0,0,0,1,نکاح
1400000000,70,1390,1,3,0,0,1,1,شهید آوینی
5100000000,110,1384,2,3,0,0,1,1,هنرستان
19800000000,230,1404,3,4,4,1,1,1,هنرستان
2680000000,85,1401,2,5,5,1,1,1,موسوی قوچانی
4100000000,130,1404,2,7,5,1,1,1,یاس
1670000000,80,1403,1,0,0,0,0,1,انقلاب
1800000000,70,1398,1,4,0,0,0,0,یاس
2500000000,55,1382,1,4,4,0,1,1,شهرآرا
14000000000,200,1396,3,5,5,1,1,1,سید رضی
1950000000,75,1390,1,0,0,0,1,1,مشکینی (شهرک غرب)
2600000000,100,1403,2,1,1,1,1,0,انقلاب
1950000000,61,1393,1,0,0,0,1,1,مشکینی (شهرک غرب)
3000000000,90,1395,2,4,4,1,1,0,سرافرازان
3000000000,100,1404,2,4,4,1,1,1,مشکینی (شهرک غرب)
2200000000,70,1404,2,3,1,0,0,0,آیت الله کاشانی
3100000000,115,1395,2,2,2,1,1,1,حجت
1700000000,78,1401,2,3,0,0,0,0,وکیل‌آباد
10500000000,167,1392,3,3,3,1,1,1,وکیل‌آباد
2400000000,85,1390,2,0,0,0,0,0,چهارچشمه
6300000000,120,1403,4,0,0,0,1,1,شهید بصیر
2750000000,52,1394,1,4,0,0,0,1,تربیت (صدف)
1000000,111,1403,0,2,0,0,1,0,توس (بلوار توس)
8200000000,120,1404,2,0,0,1,1,1,هفت تیر (آب و برق)
950000000,70,1395,1,0,0,0,0,0,منزل آباد
85000000000,134,1387,1,2,2,0,0,0,چهارباغ
800000000,80,1399,2,1,1,0,0,1,طبرسی شمالی
2100000000,70,1394,1,1,1,0,1,0,محمدآباد
1770000000,110,1404,2,4,4,1,1,1,انقلاب
1160000000,105,1396,1,4,4,0,1,1,یوسفیه (شهرک غرب)
5100000000,93,1394,2,4,4,1,1,1,سعد آباد
3550000000,75,1391,2,4,4,1,1,1,سعد آباد
3500000000,100,1392,2,4,4,1,1,1,سرافرازان
2200000000,90,1383,2,3,3,0,0,1,رستگار
3550000000,84,1389,2,0,0,0,1,1,هفت تیر (آب و برق)
850000000,55,1392,1,3,2,0,0,0,شهرک امام هادی (شهرک غرب)
4450000000,90,1391,2,4,1,1,1,1,هفت تیر (آب و برق)
3900000000,84,1390,2,4,2,0,1,1,رضاشهر
2800000000,95,1404,2,6,3,1,1,1,نکاح
7200000000,160,1404,3,6,4,1,1,1,کوشش
1185000000,50,1404,1,0,0,1,0,1,حضرت حجت
1050000000,65,1387,1,1,1,0,0,1,بهمن
3300000000,81,1389,2,2,2,0,1,1,شاهد (شهرک غرب)
4200000000,87,1394,2,3,3,1,1,1,سمزقند
2000000000,80,1401,2,4,4,0,0,1,نکاح
1300000000,70,1395,1,4,3,0,1,1,نوید
1540000000,95,1403,2,3,3,0,1,1,کشف
1490000000,95,1403,2,3,3,0,1,1,کشف
6550000000,146,1393,2,3,0,1,1,0,کلاهدوز
7580000000,145,1395,3,5,5,1,1,1,کلاهدوز
12000000000,225,1404,3,6,1,1,1,1,کلاهدوز
4000000000,130,1404,2,2,2,1,1,1,حسین‌آباد
3050000000,97,1404,2,3,3,1,1,1,الهیه
3854000000,94,1404,2,6,3,1,1,1,الهیه
4370000000,125,1387,3,1,1,0,1,1,شهرک رازی (شهرک غرب)
6050000000,130,1396,3,5,5,1,1,1,شهرآرا
8200000000,82,1404,2,4,4,1,1,1,امام رضا (ع)
2700000000,62,1390,1,3,3,0,1,0,خرمشهر
1500000,45,1404,1,3,3,1,1,1,چهنو
1000000,80,1393,2,2,2,1,1,1,امیریه
9500000000,140,1385,3,4,1,1,1,1,هنرستان
5000000000,137,1388,3,4,4,1,1,1,یاس
1090000000,62,1402,1,3,2,0,0,1,طبرسی شمالی
1280000000,65,1389,2,8,0,1,0,0,یوسفیه (شهرک غرب)
89000000000,870,1404,4,6,1,1,1,1,شهید هاشمی نژاد
600000000,67,1402,1,3,0,0,0,1,صیدآباد
920000000,55,1390,1,4,4,0,0,1,ایثارگران
1150000000,70,1398,1,4,3,0,0,1,طبرسی شمالی
1100000000,50,1385,1,2,2,0,0,1,امیر
1500000000,65,0,1,4,4,0,0,0,محمدآباد
780000000,55,1396,1,6,5,1,0,0,کشف
2350000000,65,1388,1,3,0,0,1,1,گاز
1650000000,75,1400,1,3,1,0,0,0,گاز
5000000000,103,1399,2,5,0,1,1,1,امام رضا (ع)
3799000000,100,1400,2,5,5,1,1,1,الهیه
4300000000,100,1398,2,4,3,1,1,1,الهیه
6100000000,100,1397,2,2,2,1,1,1,امام رضا (ع)
4000000000,100,1392,2,3,1,0,1,1,الهیه
6300000000,100,1403,2,6,6,1,1,1,زیبا شهر
4100000000,100,1398,2,5,5,1,1,1,الهیه
4600000000,100,1400,2,1,1,1,1,1,الهیه
1450000000,100,1402,2,5,5,1,0,1,طبرسی شمالی
3750000000,100,1397,2,5,5,1,1,1,الهیه
1199000000,100,1404,2,4,4,0,0,1,حضرت حجت
50200000000,100,1404,2,6,1,1,1,1,شهرک لشکر (شهرک غرب)
3500000000,100,1391,2,3,1,0,1,1,چهارچشمه
2800000000,100,1400,2,5,5,1,0,1,گلبرگ
5500000000,100,1386,2,2,2,0,1,1,ارشاد
7000000000,100,1404,2,5,1,1,1,1,هفده شهریور
2300000000,100,1391,2,1,1,1,0,1,هدایت
3300000000,100,1397,2,3,3,1,1,1,زمرد
2500000000,100,1394,2,6,0,0,1,1,رستگار
4200000000,100,1404,2,1,1,1,1,1,امیریه
5200000000,100,1398,2,4,1,1,1,1,رضاشهر
3650000000,100,1398,2,4,4,1,1,1,سرافرازان
1500000000,17,1403,0,1,1,0,0,0,شفا
5000000000,100,1404,2,6,2,1,1,1,شهرک لشکر (شهرک غرب)
2000000000,100,1401,2,4,4,1,1,0,مشهدقلی
3750000000,100,1404,2,3,3,1,1,1,امیریه
2500000,100,1404,2,2,2,1,1,0,فدک
4500000000,100,1404,2,1,1,1,1,1,امیریه
3100000000,100,1393,2,3,3,1,0,0,تلگرد
2850000000,100,1402,2,4,2,1,1,0,انقلاب
5300000000,100,1404,2,2,2,1,1,1,جاهد شهر
2650000000,100,1391,2,5,4,0,1,1,شهید مطهری
5000000000,100,1388,2,4,2,0,1,1,هنرستان
2800000000,100,1403,2,5,5,1,1,1,گلبرگ
6500000000,100,1382,2,2,2,0,1,1,فلسطین
2400000000,95,1400,2,3,3,1,1,1,شفا
1500000000,100,1400,1,1,1,0,0,1,فدک
2800000000,100,1401,2,0,0,1,0,0,طلاب
6000000000,100,1395,2,3,3,1,1,1,امام رضا (ع)
2400000000,100,1404,2,4,3,1,1,1,توس (بلوار توس)
5900000000,100,1404,2,3,3,1,1,1,شریف
1890000000,100,1400,2,4,4,0,0,1,ارمغان
4800000000,100,1404,2,5,4,1,1,1,جاهد شهر
4250000000,100,1399,2,4,4,1,1,1,الهیه
3990000000,100,1404,2,3,3,1,1,1,امیریه
4250000000,100,1400,2,1,1,1,1,1,جاهد شهر
4700000000,100,1401,2,5,5,1,1,1,جاهد شهر
4300000000,100,1389,2,1,1,0,1,1,شهرآرا
2290000000,100,1395,2,5,4,1,1,1,کوی المهدی
4900000000,100,1389,2,2,2,0,1,1,امام خمینی
3900000000,100,1384,2,2,2,0,1,1,بهاران
2750000000,100,1395,2,3,3,0,1,0,چهارچشمه
2930000000,100,1404,2,7,1,1,0,1,جانباز
6290000000,100,1397,2,6,1,1,1,1,شهید بهشتی
1300000000,100,1400,2,3,3,0,0,0,مشهدقلی
2600000000,100,1404,2,6,6,1,1,1,الهیه
3500000000,100,1388,2,4,4,0,1,1,بهاران
4200000000,100,1385,2,3,3,0,1,1,سید رضی
1300000000,100,1400,2,3,3,0,0,1,یاغون آباد
3100000000,100,1403,2,1,1,1,1,1,شهید مطهری
2500000000,100,1394,2,3,3,0,0,0,تلگرد
4750000000,100,1388,2,3,2,0,1,1,رضاشهر
3550000000,100,1393,2,3,3,0,1,1,جاهد شهر
1900000000,100,1400,2,4,2,0,1,1,امیر
5200000000,100,1388,2,4,4,1,1,1,هفت تیر (آب و برق)
1220000000,100,1396,2,3,3,0,0,1,حضرت حجت
2180000000,100,1402,2,5,1,1,1,1,توس (بلوار توس)
7900000000,103,1403,2,1,1,1,1,1,امام رضا (ع)
2500000000,100,1394,2,4,2,0,0,0,گلشور
3490000000,100,1404,2,5,4,1,1,1,شهید مطهری
2880000000,100,1387,2,4,2,1,1,1,موسوی قوچانی
1250000000,100,1404,2,2,1,0,0,1,زیرکن
4400000000,100,1404,2,2,2,1,1,1,جاهد شهر
7000000000,100,1402,2,6,3,1,1,1,امام رضا (ع)
5900000000,100,1390,2,1,1,0,1,1,راهنمایی
3650000000,100,1384,2,3,3,0,1,1,سناباد
6200000000,100,1380,2,3,1,0,1,1,کلاهدوز
3750000000,100,1400,2,4,4,1,1,1,حسین‌آباد
3500000000,100,1397,2,2,2,1,1,1,موسوی قوچانی
4200000000,100,1401,2,5,4,1,1,1,الهیه
4500000000,100,1404,2,3,3,1,1,1,الهیه
4550000000,100,1402,2,4,4,1,1,1,الهیه
4600000000,100,1402,2,5,5,1,1,1,الهیه
4600000000,100,1400,2,6,2,1,1,1,جاهد شهر
3700000000,100,1397,2,4,1,1,1,1,الهیه
4750000000,100,1403,2,2,2,1,1,1,الهیه
7500000000,100,1404,2,1,1,1,1,1,گوهرشاد
4150000000,100,1404,2,4,4,1,1,1,الهیه
7500000000,98,1403,2,4,2,1,1,1,هفت تیر (حافظ)
7290000000,100,1404,2,6,3,1,1,1,اقبال
4000000000,100,1404,2,3,3,1,1,1,الهیه
1700000000,100,1401,2,2,2,0,0,0,شهید قربانی
2200000000,100,1390,2,4,0,0,1,1,انقلاب
4800000000,100,1401,2,1,1,1,1,1,فرهنگیان (شهرک غرب)
4800000000,100,1398,2,3,3,1,1,1,پروین اعتصامی
5000000000,100,1385,2,2,2,1,1,1,هفت تیر (حافظ)
4450000000,100,1389,2,8,1,1,1,1,شهرآرا
3960000000,100,1395,2,3,3,1,1,1,جاهد شهر
4300000000,100,1404,2,1,1,1,1,1,الهیه
5250000000,100,1403,2,11,10,1,1,1,آبادگران
3600000000,100,1404,2,6,2,1,1,1,حسین‌آباد
3600000000,100,1402,2,5,3,1,1,1,الهیه
860000000,100,1404,2,2,2,1,1,0,همت آباد
1400000000,100,1399,1,4,0,0,0,0,حجت
4600000000,100,1403,2,3,3,1,1,1,الهیه
1580000000,100,1388,1,3,3,0,0,0,ایثارگران
5650000000,100,1384,2,4,4,1,1,1,کوه سنگی
4650000000,100,1404,2,4,2,1,1,1,الهیه
3100000000,100,1404,2,1,1,1,1,1,طلاب
4400000000,100,1404,2,2,2,1,1,1,الهیه
900000000,100,1390,2,1,1,0,0,0,توس (بلوار توس)
3480000000,100,1404,2,2,2,1,1,1,نکاح
4300000000,100,1404,2,2,2,1,1,1,الهیه
5800000000,100,1380,2,8,1,1,1,1,سناباد
4200000000,100,1398,2,1,1,1,1,1,الهیه
4500000000,100,1404,2,5,1,1,1,1,الهیه
4300000000,100,1404,2,6,2,1,1,1,الهیه
4350000000,100,1400,2,1,1,1,1,1,جاهد شهر
4100000000,100,1404,2,1,1,1,1,1,الهیه
4350000000,100,1398,2,4,4,1,1,1,الهیه
6200000000,100,1404,2,3,3,1,1,1,نیروی هوایی
3700000000,100,1400,2,4,2,1,1,1,الهیه
2450000,101,1402,2,5,0,0,0,1,هفت تیر (نه دره)
2750000000,101,1390,2,5,2,0,0,0,فاطمیه
4600000000,101,1400,2,8,1,1,1,1,جاهد شهر
4380000000,101,1400,2,2,2,1,1,1,شهرک لشکر (شهرک غرب)
3980000000,101,1388,2,2,2,0,1,1,سرافرازان
3636000000,101,1404,2,6,1,1,1,1,حسین‌آباد
4300000000,101,1397,2,2,2,1,1,1,الهیه
3550000000,101,1394,2,5,5,1,1,1,موسوی قوچانی
3600000000,101,1392,2,2,2,1,1,1,موسوی قوچانی
4590000000,101,1399,2,1,1,1,1,1,جاهد شهر
4450000000,100,1404,2,3,3,1,1,1,الهیه
10300000000,103,1404,2,1,1,1,1,1,دانش
6700000000,102,1380,2,3,1,0,0,1,کوثر
4800000000,102,1387,2,3,3,1,1,1,اقبال
4600000000,102,1401,2,2,2,1,1,1,الهیه
4100000000,102,1382,2,2,2,0,1,1,شهید هاشمی نژاد
3200000000,103,1404,2,6,3,1,1,1,کوی ولیعصر
4300000000,103,1395,2,2,2,1,1,1,شهرک رازی (شهرک غرب)
4150000000,103,1400,2,4,1,1,1,1,جاهد شهر
4500000000,103,1396,2,4,4,1,1,1,جاهد شهر
4000000000,103,1382,2,4,4,0,1,1,راهنمایی
4720000000,103,1387,2,4,2,0,1,1,هنرستان
8500000000,100,1402,2,6,6,1,1,1,امام رضا (ع)
6000000000,103,1389,3,5,1,1,1,1,جانباز
4850000000,103,1396,2,3,3,1,1,0,کارمندان دوم
5400000000,103,1393,2,4,3,1,1,1,هنرستان
5350000000,104,1399,2,5,4,1,1,1,هفده شهریور
1350000000,104,1404,2,3,1,0,1,1,کشف
4695000000,104,1393,2,4,1,1,1,1,صیاد شیرازی
4410000000,104,1401,2,4,4,1,1,1,الهیه
4350000000,105,1402,2,1,1,1,1,1,الهیه
4750000000,105,1401,2,5,3,1,1,1,الهیه
5950000000,105,1387,2,3,3,1,1,1,شهید فرامرز عباسی
3900000000,105,1393,2,4,2,1,1,1,الهیه
2400000000,105,1404,2,5,3,1,0,1,توس (بلوار توس)
4500000000,103,1397,2,4,2,1,1,1,شهرک لشکر (شهرک غرب)
4650000000,105,1403,2,5,5,1,1,1,الهیه
7850000000,105,1403,2,6,4,1,1,1,امام رضا (ع)
5400000000,105,1390,2,5,5,1,1,1,سعد آباد
5350000000,105,1399,2,6,6,1,1,1,شهرآرا
6000000000,105,1395,2,5,2,1,1,1,آزادشهر
3900000000,105,1399,2,3,3,1,1,1,جاهد شهر
3850000000,105,1395,2,1,1,1,1,1,جاهد شهر
6825000000,105,1404,2,6,2,1,1,1,آزادشهر
8900000000,105,1399,2,4,4,1,1,1,امام رضا (ع)
3500000000,105,1397,2,1,1,0,1,1,حجاب (شهرک غرب)
6500000000,105,1404,2,2,2,1,1,1,فارغ التحصیلان
6100000000,105,1398,2,4,4,1,1,1,نیروی هوایی
5690000000,105,1404,2,5,5,1,1,1,الهیه
5000000000,105,1400,2,2,2,1,1,1,جاهد شهر
3500000000,105,1402,2,4,4,1,1,1,هنرور
4900000000,105,1404,2,2,2,1,1,1,الهیه
4350000000,105,1404,2,2,2,1,1,1,الهیه
4500000000,105,1404,2,2,2,1,1,1,الهیه
7750000000,105,1404,2,2,2,1,1,1,عنصری
7600000000,105,1404,1,3,3,1,1,1,هنرستان
3400000000,105,1404,2,6,4,1,1,0,ابوذر
4500000000,105,1396,2,4,1,1,1,1,فرهنگیان (شهرک غرب)
5400000000,105,1388,2,3,3,1,1,1,شهرآرا
4500000000,105,1404,2,5,1,1,1,1,الهیه
4100000000,107,1393,2,5,3,1,1,1,هفت تیر (آب و برق)
6000000000,105,1397,2,4,4,1,1,1,نیروی هوایی
4515000000,105,1404,2,6,6,1,1,1,الهیه
18700000000,105,1394,2,2,2,1,1,1,منزل آباد
4000000000,105,1400,2,3,3,1,1,1,الهیه
2700000000,105,1404,2,2,2,1,1,1,امیر
2750000000,105,1404,2,1,1,1,1,1,موسوی قوچانی
3200000000,105,1402,2,1,1,1,1,1,موسوی قوچانی
2450000000,105,1398,2,2,2,1,0,1,امیر
3300000000,105,1400,2,2,2,1,1,1,امیر
3465000000,105,1382,2,4,4,0,1,1,تربیت (صدف)
3000000000,105,1399,2,5,5,1,0,1,جانباز
4500000000,105,1404,2,7,3,1,1,1,رضاییه
4500000000,105,1394,2,4,1,1,1,1,خاتم الانبیا
3000000000,105,1396,2,3,1,1,1,1,مشکینی (شهرک غرب)
2540000000,105,1404,2,5,1,1,1,1,توس (بلوار توس)
4250000000,105,1386,2,4,1,0,1,1,تربیت (صدف)
2600000000,110,1400,2,5,5,1,0,1,امیر
5450000000,105,1396,2,3,3,1,1,1,اقبال
2200000000,105,1399,2,5,3,1,1,1,حسین‌آباد
5980000000,105,1397,2,4,4,1,1,1,نیروی هوایی
5200000000,105,1389,2,3,3,1,1,1,شهید فرامرز عباسی
4120000000,106,1399,2,3,3,1,1,1,الهیه
4150000000,106,1399,2,3,3,1,1,1,جاهد شهر
4660000000,106,1398,2,4,3,1,1,1,شهرک لشکر (شهرک غرب)
4900000000,106,1398,2,4,1,1,1,0,ولیعصر (شهرک غرب)
4700000000,106,1404,2,5,2,1,1,1,الهیه
3350000000,107,1390,2,2,1,0,1,1,شهرک لشکر (شهرک غرب)
5880000000,107,1388,2,4,4,1,1,1,نیروی هوایی
2950000000,107,1396,2,4,1,1,1,1,گلبرگ شمالی
4350000000,107,1393,2,4,4,1,1,1,جاهد شهر
4280000000,107,1404,2,3,3,1,1,1,جاهد شهر
2580000000,107,1400,2,5,5,1,1,1,امیر
4700000000,107,1403,2,4,4,1,1,1,الهیه
4090000000,107,1397,2,4,4,1,1,1,الهیه
3980000000,107,1399,3,5,5,1,1,1,الهیه
4815000000,107,1404,2,5,3,1,1,1,امیریه
1350000000,107,1401,2,4,3,0,0,1,توس (بلوار توس)
3050000000,107,1404,2,12,3,1,1,0,انقلاب
2100000000,107,1403,2,5,3,1,1,1,حضرت حجت
3780000000,108,1400,2,6,4,1,1,1,حسین‌آباد
4450000000,108,1393,2,2,2,1,1,1,فرهنگیان (شهرک غرب)
4620000000,108,1398,2,5,3,1,1,1,شهرک لشکر (شهرک غرب)
4690000000,108,1395,2,1,1,1,1,1,اقبال
5400000000,108,1384,2,2,1,0,1,1,آیت الله کاشانی
5000000000,108,1395,2,4,2,1,1,1,اقبال
4200000000,108,1398,2,1,1,1,1,1,الهیه
4000000000,108,1403,2,1,1,1,1,1,جاهد شهر
4000000000,108,1396,2,4,3,1,1,1,الهیه
3680000000,108,1404,2,2,2,1,1,1,حسین‌آباد
4300000000,108,1395,2,3,3,1,1,1,الهیه
2970000000,108,1390,3,1,1,0,1,1,امیریه
6485000000,109,1404,2,4,2,1,1,1,هفت تیر (آب و برق)
3800000000,109,1395,2,2,2,1,1,0,الهیه
5100000000,109,1402,2,3,3,1,1,1,ادیب نیشابوری (شهرک غرب)
4100000000,109,1399,2,5,2,1,1,1,جاهد شهر
5750000000,109,1404,3,6,5,1,1,1,الهیه
1750000000,110,1402,2,4,4,1,0,1,طبرسی شمالی
4600000000,110,1400,2,4,4,1,1,1,الهیه
4400000000,110,1396,2,1,1,1,1,0,جاهد شهر
2850000000,110,1390,2,4,2,0,0,1,شهرک رازی (شهرک غرب)
2600000000,110,1404,2,6,3,1,1,1,الهیه
2900000000,110,1404,2,1,1,1,1,1,جانباز
4300000000,110,1385,2,3,3,0,1,1,شهید فرامرز عباسی
2700000000,110,1404,2,3,3,1,0,1,هدایت
3790000000,110,1397,2,4,4,1,1,1,جاهد شهر
3990000000,110,1397,2,4,3,1,1,1,جاهد شهر
3500000000,110,1403,2,6,3,1,1,1,حسین‌آباد
6900000000,110,1403,2,6,4,1,1,1,امام رضا (ع)
3290000000,110,1403,2,1,1,1,1,1,حسین‌آباد
4320000000,110,1395,2,4,2,0,1,1,زمرد
4450000000,110,1391,2,3,1,0,1,1,موسوی قوچانی
2760000000,110,1404,2,5,5,1,1,1,هدایت
3200000000,110,1404,2,4,4,1,0,1,فتح المبین
5300000000,110,1402,2,5,2,1,1,1,جاهد شهر
5700000000,110,1390,2,3,1,0,1,1,گوهرشاد
4200000000,110,1400,2,3,3,1,1,1,جاهد شهر
3850000000,110,1404,2,1,1,1,1,1,یاس
5800000000,110,1390,2,4,2,0,1,1,فرهنگ
2695000000,110,1397,2,1,1,0,1,1,فاطمیه
4200000000,110,1403,2,2,2,1,1,1,الهیه
6050000000,110,1404,2,5,5,1,1,1,شاهد (شهرک غرب)
4500000000,110,1377,2,2,1,0,1,0,استاد یوسفی (شهرک غرب)
2680000000,110,1404,2,4,4,1,1,1,شهرک امام هادی (شهرک غرب)
4400000000,110,1402,2,2,2,1,1,1,جاهد شهر
4400000000,110,1402,2,3,3,1,1,1,الهیه
5500000000,110,1404,2,5,3,1,1,1,الهیه
6300000000,110,1389,2,4,2,1,1,1,هنرستان
1750000000,110,1397,2,1,1,0,1,1,شهرک مطهری
3700000000,110,1373,2,3,3,0,0,1,سعد آباد
8700000000,110,1404,2,2,2,1,1,1,ارشاد
3050000000,110,1404,2,6,6,1,0,1,شهید مطهری
3150000000,110,1404,2,4,2,1,1,1,وحید
2190000000,110,1404,2,6,2,1,1,1,حضرت حجت
2800000000,130,1395,2,3,0,0,1,1,گاز
5930000000,110,1395,2,5,3,1,1,1,آزادشهر
4200000000,110,1401,2,5,2,1,1,1,جاهد شهر
4200000000,110,1392,2,5,4,1,1,1,جاهد شهر
1900000000,110,1400,2,2,2,0,1,0,کوی سیدی
3330000000,110,1402,2,3,3,1,1,1,انقلاب
4470000000,110,1396,2,5,1,1,1,0,جاهد شهر
8200000000,110,1404,2,5,1,1,1,1,رضاشهر
1350000000,110,1404,2,1,1,0,0,1,نوده
4700000000,110,1394,2,4,1,1,1,1,سرافرازان
4950000000,110,1389,2,3,2,0,1,1,عبادی
5300000000,110,1404,2,4,4,1,1,1,نکاح
5250000000,110,1404,2,5,4,1,1,1,شهید مطهری
4600000000,110,1404,2,2,2,1,1,1,الهیه
4690000000,110,1396,2,4,1,1,1,1,شهرآرا
3700000000,110,1389,2,4,2,0,1,1,حسابی جنوبی (شهرک غرب)
2430000000,110,1401,2,6,6,1,1,1,امیر
2750000000,110,1404,2,5,5,1,0,1,گلبرگ
3850000000,110,1404,2,2,2,1,1,0,طلاب
6050000000,110,1404,2,6,2,1,1,1,شاهد (شهرک غرب)
3500000000,110,1404,2,5,5,1,1,0,گاز
2100000000,110,1398,2,3,2,0,0,1,محمدآباد
4600000000,110,1404,2,4,4,1,1,1,الهیه
10450000000,110,1404,2,5,5,1,1,1,کوشش
4300000000,110,1396,2,4,1,1,1,1,میعاد (شهرک غرب)
5400000000,110,1391,2,5,3,1,1,1,اقبال
3100000000,110,1404,2,5,5,1,1,1,شهید مطهری
2290000000,110,1404,2,5,5,1,1,0,ایثارگران
1870000000,110,1404,3,1,1,0,0,0,شهید جنگی
3900000000,110,1398,2,2,2,1,1,1,جاهد شهر
4700000000,110,1384,2,1,1,0,1,1,گوهرشاد
6200000000,110,1390,2,4,4,1,1,1,نیروی هوایی
2850000000,110,1404,2,4,4,1,1,1,امیر
2780000000,110,1401,2,3,3,1,1,1,موسوی قوچانی
3080000000,110,1404,2,7,5,1,1,1,نکاح
3200000000,110,1404,2,3,3,1,1,1,شهید مطهری
3400000000,110,1402,2,4,4,1,1,1,سرافرازان
4300000000,110,1397,2,4,3,1,1,1,جاهد شهر
2950000000,110,1404,2,3,3,1,1,1,امیر
1500000000,110,1403,2,3,3,0,1,1,مشهدقلی
2580000000,110,1404,2,7,6,1,0,1,پنجتن
5170000000,110,1404,2,5,4,1,1,1,الهیه
7370000000,110,1404,2,6,1,1,1,1,آزادشهر
3960000000,110,1404,2,2,2,1,1,1,حسین‌آباد
4500000000,110,1404,2,5,2,1,1,1,الهیه
5100000000,110,1401,2,1,1,1,1,1,نکاح
2500000000,105,1404,2,3,1,0,0,0,هنرور
4650000000,111,1399,2,4,1,1,1,1,شهرک لشکر (شهرک غرب)
1600000000,110,1390,2,2,2,0,0,1,بهمن
8360000000,110,1403,2,5,3,1,1,1,کوشش
4630000000,110,1399,3,1,1,1,1,1,الهیه
6500000000,111,1388,2,3,3,0,1,1,سجاد شهر
4648000000,112,1403,2,1,1,1,1,1,عامل
2800000000,112,1398,2,1,1,1,1,1,نوید
3100000000,112,1400,2,4,1,1,1,1,فاطمیه
4750000000,112,1403,2,3,3,1,1,1,الهیه
4980000000,112,1400,2,15,5,1,1,1,جاهد شهر
2770000000,112,1404,2,6,6,1,1,0,پنجتن
7300000000,112,1402,2,5,4,1,1,1,رضاشهر
1520000000,112,1400,2,2,2,0,0,0,یوسفیه (شهرک غرب)
5600000000,112,1403,2,5,5,1,1,1,الهیه
7800000000,112,1386,2,1,1,0,1,1,هنرستان
4550000000,113,1396,2,2,2,1,1,1,جاهد شهر
9000000000,113,1404,2,2,2,1,1,1,ارشاد
4407000000,113,1396,2,4,4,1,1,1,شهرک لشکر (شهرک غرب)
5460000000,114,1404,2,5,3,1,1,1,نرگس (شهرک غرب)
4500000000,114,1390,2,4,1,1,1,1,هفده شهریور
4500000000,114,1382,2,2,2,0,1,1,ادیب نیشابوری (شهرک غرب)
6790000000,114,1404,2,2,2,1,1,1,هفت تیر (آب و برق)
4100000000,114,1396,2,1,1,1,1,1,الهیه
6900000000,114,1388,2,4,1,1,1,1,احمدآباد
5400000000,114,1392,2,5,5,1,1,1,سعد آباد
4500000000,114,1404,2,6,6,1,1,1,حسین‌آباد
2750000000,115,1395,2,2,2,0,1,1,هنرور
2700000000,115,1404,2,2,2,1,1,0,طبرسی شمالی
4600000000,115,1396,2,2,2,1,1,1,الهیه
5450000000,115,1404,2,5,3,1,1,1,الهیه
3300000000,115,1400,2,4,1,1,1,1,شفا
4199000000,115,1404,2,5,2,1,1,1,الهیه
6490000000,115,1401,2,2,2,1,1,1,بالا خیابان
6100000000,115,1388,2,4,4,1,1,1,کوثر
4950000000,115,1400,2,5,4,1,1,1,جاهد شهر
7480000000,115,1404,2,3,3,1,1,1,نیروی هوایی
5000000000,115,1404,2,5,5,1,1,1,جاهد شهر
4480000000,115,1400,2,6,6,1,1,1,امیر
7400000000,115,1397,2,4,2,1,1,1,هنرستان
4600000000,115,1402,3,7,5,1,1,1,الهیه
5000000000,115,1404,3,5,2,1,1,1,الهیه
3800000000,115,1398,2,4,4,1,1,1,حسین‌آباد
3850000000,115,1388,2,4,2,0,1,1,شهرک رازی (شهرک غرب)
6000000000,115,1390,2,1,1,0,0,1,احمدآباد
7300000000,115,1404,2,5,5,1,1,1,وکیل‌آباد
5460000000,115,1402,2,3,3,1,1,1,الهیه
2720000000,115,1401,2,6,5,1,1,1,شهرک امام هادی (شهرک غرب)
6325000000,115,1403,2,3,3,1,1,1,جاهد شهر
5900000000,115,1386,2,5,2,0,1,1,رضاشهر
3350000000,115,1396,2,4,1,0,0,1,گلبرگ شمالی
7300000000,115,1400,2,4,4,1,1,1,صیاد شیرازی
9000000000,115,1404,2,5,2,1,1,1,رضاشهر
2450000000,115,1404,2,6,1,1,1,0,طبرسی شمالی
4900000000,115,1402,2,3,3,1,1,1,الهیه
4950000000,115,1401,2,1,1,1,1,1,جاهد شهر
5200000000,115,1381,2,1,1,1,1,1,سعد آباد
2750000000,115,1403,2,4,1,1,1,0,وکیل‌آباد
4500000000,115,1392,2,5,5,1,1,1,شاهد (شهرک غرب)
6000000000,115,1391,2,4,2,1,1,1,هنرستان
5850000000,115,1404,2,5,3,1,1,1,کوی راد
3800000000,115,1403,2,3,3,1,1,0,امیر المومنین
1950000000,115,1402,2,3,3,1,1,1,نظام دوست
5800000000,115,1404,2,6,6,1,1,1,جاهد شهر
2550000000,115,1404,2,2,2,1,1,1,امیر
2900000000,115,1393,2,2,2,0,1,0,هنرور
6300000000,115,1391,3,4,4,1,1,1,نیروی هوایی
5600000000,115,1402,3,4,4,1,1,1,شهرآرا
3400000000,115,1395,3,2,2,1,1,1,امیریه
2150000000,115,1398,3,4,1,1,1,0,نوید
2150000000,115,1400,2,1,1,0,0,0,خواجه ربیع
7500000000,115,1383,2,4,4,1,1,1,سجاد شهر
7300000000,115,1403,2,6,1,1,1,1,کلاهدوز
6800000000,115,1401,2,1,1,1,1,1,اقبال
4900000000,115,1403,2,1,1,1,1,1,الهیه
3300000000,115,1400,2,1,1,1,1,1,شفا
8500000000,111,1404,2,1,1,1,1,1,شهید فرامرز عباسی
5100000000,115,1403,2,3,3,1,1,1,الهیه
5800000000,115,1396,2,5,1,1,1,1,شهرآرا
2590000000,115,1400,2,4,4,1,1,1,شهید مطهری
5400000000,116,1402,3,5,3,1,1,1,هفده شهریور
5040000000,116,1398,2,4,3,1,1,1,شهرک لشکر (شهرک غرب)
5100000000,116,1395,2,4,4,1,1,1,حجت
1650000000,116,1401,2,3,1,0,0,0,بهمن
3000000000,116,1404,2,7,7,1,1,1,جانباز
6200000000,116,1404,2,2,2,1,1,1,فارغ التحصیلان
5220000000,117,1404,2,4,4,1,1,1,فرهنگیان (شهرک غرب)
4450000000,117,1404,2,5,3,1,1,1,الهیه
4950000000,117,1404,3,5,4,1,1,1,الهیه
4800000000,117,1384,3,3,3,0,1,1,خرمشهر
6500000000,117,1387,2,3,1,0,1,1,صیاد شیرازی
2730000000,117,1402,2,4,4,1,0,1,یاس
3510000000,117,1404,2,5,5,1,1,1,جانباز
4600000000,117,1396,2,1,1,1,1,1,موسوی قوچانی
4550000000,117,1395,2,1,1,1,1,1,امیر
4450000000,117,1393,2,1,1,1,1,1,موسوی قوچانی
4850000000,117,1403,2,3,3,1,1,1,الهیه
7300000000,117,1403,2,1,1,1,1,1,کلاهدوز
3650000000,117,1397,2,6,3,1,1,1,جانباز
4930000000,118,1378,2,4,1,0,1,1,کلاهدوز
7950000000,118,1403,2,5,1,1,1,1,عنصری
7500000000,118,1390,2,5,4,1,1,1,حرم مطهر رضوی
4650000000,118,1394,3,5,4,1,1,1,امیر
6726000000,118,1404,2,3,3,1,1,1,صیاد شیرازی
3658000000,118,1400,2,9,8,1,0,0,جانباز
5000000000,118,1376,2,2,2,0,1,1,گوهرشاد
3500000000,118,1371,3,4,1,0,0,1,ادیب نیشابوری (شهرک غرب)
10800000000,120,1400,2,5,1,1,1,1,بالا خیابان
6500000000,120,1388,3,1,1,1,1,1,دانشجو
5400000000,120,1398,3,5,5,1,1,1,الهیه
9000000000,120,1404,2,1,1,1,1,1,شهید بهشتی
3360000000,120,1404,2,1,1,1,1,0,جانباز
8200000000,120,1395,2,4,4,1,1,1,عنصری
6000000000,120,1395,3,5,5,1,1,1,شهرآرا
1000000,120,1404,2,3,3,0,0,1,منزل آباد
6300000000,120,1398,3,4,4,1,1,1,چهارچشمه
5800000000,120,1401,2,6,2,1,1,1,جاهد شهر
7800000000,120,1402,2,6,4,1,1,1,حرم مطهر رضوی
4950000000,120,1402,2,3,3,1,1,1,الهیه
65000,120,1404,2,3,3,1,1,1,الهیه
3000000000,120,1400,2,4,4,1,1,1,جانباز
5100000000,120,1402,2,5,5,1,1,1,فرهنگیان (شهرک غرب)
7800000000,120,1403,2,5,3,1,1,1,عامل
3550000000,120,1388,3,4,4,1,1,1,مشکینی (شهرک غرب)
3500000000,120,1401,3,6,4,1,1,1,کوی المهدی
4700000000,119,1400,2,5,3,1,1,1,جاهد شهر
10500000000,120,1390,2,4,4,1,1,1,فلسطین
10800000000,120,1404,2,6,1,1,1,1,کوثر
3450000000,120,1404,3,5,5,1,1,1,طلاب
2640000000,120,1402,2,4,4,1,0,1,حضرت حجت
6500000000,120,1404,3,5,5,1,1,1,الهیه
6000000000,118,1395,2,5,5,1,1,1,کلاهدوز
6300000000,120,1386,2,1,1,0,1,1,تربیت (صدف)
2850000000,120,1402,2,5,2,1,1,1,پورسینا
8295000000,120,1403,2,6,3,1,1,1,امام رضا (ع)
3370000000,120,1404,2,5,5,1,1,1,جانباز
4999000000,120,1399,2,3,3,1,1,1,الهیه
3250000000,120,1404,2,3,3,0,0,1,موسوی قوچانی
4350000000,120,1404,2,4,4,1,1,0,فتح المبین
4560000000,120,1401,2,4,4,1,1,1,الهیه
3100000000,120,1393,2,1,1,0,1,1,ثامن
5200000000,120,1401,2,2,2,1,1,1,الهیه
6250000000,120,1404,2,4,2,1,1,1,مقدم
6350000000,120,1404,2,4,2,1,1,1,کوشش
5250000000,120,1403,2,6,2,1,1,1,شهرک لشکر (شهرک غرب)
5160000000,120,1404,2,2,2,1,1,1,الهیه
3570000000,120,1397,2,1,1,1,1,1,زمرد
3650000000,120,1399,2,1,1,1,1,1,جاهد شهر
4700000000,120,1401,2,5,3,1,1,1,جاهد شهر
7400000000,121,1395,2,2,2,1,1,1,رضاشهر
3650000000,120,1404,3,13,4,1,1,1,عبادی
2600000000,120,1404,2,5,2,1,1,0,طبرسی شمالی
6000000000,120,1385,2,6,3,1,1,1,نیروی هوایی
1350000000,120,1402,2,3,3,0,0,1,خواجه ربیع
3900000000,120,1390,2,3,0,0,1,1,شهرآرا
1680000000,120,1404,2,1,1,1,1,1,توس (بلوار توس)
5850000000,120,1392,2,5,5,1,1,1,رضاشهر
5500000000,120,1404,2,5,4,1,1,1,الهیه
5400000000,120,1378,2,3,3,0,1,1,ارشاد
3700000000,120,1404,2,2,2,1,1,1,امیر
5600000000,120,1395,3,5,5,1,1,0,نرگس (شهرک غرب)
3000000000,120,1403,2,2,2,1,0,1,هنرور
8200000000,120,1387,2,5,5,1,1,1,هنرستان
3000000000,120,1388,2,2,2,0,0,1,جانباز
4800000000,120,1401,2,1,1,1,1,1,حسین‌آباد
3600000000,120,1404,2,1,1,1,1,1,امیر
8500000000,120,1390,2,2,2,1,1,1,سجاد شهر
4200000000,120,1385,2,4,4,0,1,1,هفت تیر (آب و برق)
5200000000,121,1404,2,5,3,1,1,1,الهیه
3540000000,120,1404,2,4,4,1,1,1,فدک
6480000000,121,1404,2,4,1,1,1,1,شهرآرا
6400000000,121,1388,2,5,5,1,1,1,سناباد
6350000000,122,1401,2,5,2,1,1,1,اقبال
5000000000,122,1403,2,6,1,1,1,1,الهیه
3700000000,122,1387,3,3,3,0,1,1,عبادی
3300000000,125,1383,2,3,3,0,1,1,حجاب (شهرک غرب)
4500000000,150,1404,2,3,3,1,1,1,شیرودی
3800000000,123,1393,2,2,2,0,1,1,الهیه
5000000000,123,1403,3,2,2,1,1,1,شهرک رازی (شهرک غرب)
3700000000,123,1380,2,3,1,0,1,1,شاهد (شهرک غرب)
4250000000,125,1400,2,2,2,1,1,1,الهیه
5300000000,123,1403,2,3,3,1,1,1,شهرک لشکر (شهرک غرب)
3300000000,123,1380,2,2,2,0,1,1,حجاب (شهرک غرب)
3900000000,123,1386,3,3,3,0,0,1,رضاشهر
4620000000,124,1395,2,4,4,1,1,1,الهیه
1550000000,125,1403,2,4,4,1,1,0,مشهدقلی
5000000000,125,1400,2,4,4,1,1,1,حسین‌آباد
11250000000,125,1403,2,5,3,1,1,1,امام رضا (ع)
1800000000,130,1402,2,2,2,0,0,1,خواجه ربیع
7500000000,125,1398,2,3,3,1,1,1,رضاشهر
1860000000,100,1397,2,2,2,0,0,1,شهرک بهارستان
1800000000,125,1399,2,3,3,0,0,1,شهرک بهارستان
6000000000,125,1404,3,6,4,1,1,1,فرهنگیان (شهرک غرب)
4900000000,125,1390,2,5,5,1,1,1,شهرآرا
5300000000,125,1389,2,4,4,1,1,1,امام رضا (ع)
3450000000,125,1404,2,6,6,1,1,1,هنرور
2700000000,125,1402,3,5,3,1,1,0,نظام دوست
3600000000,125,1376,2,0,0,0,1,0,ادیب نیشابوری (شهرک غرب)
3960000000,125,1404,2,7,3,1,1,1,جانباز
4200000000,125,1397,2,1,1,1,1,1,امیر
4650000000,125,1398,3,4,4,1,1,1,امیر
6250000000,125,1404,3,3,3,1,1,1,شهرک لشکر (شهرک غرب)
8750000000,125,1404,3,5,3,1,1,1,سناباد
4150000000,125,1404,2,6,3,1,1,1,رستگار
6100000000,125,1400,3,4,2,1,1,1,چهارچشمه
3250000000,125,1404,2,1,1,1,1,1,یاس
4550000000,125,1404,3,4,4,1,1,1,راه آهن
2150000000,125,1390,1,0,0,0,1,0,انقلاب
6470000000,125,1404,2,6,3,1,1,1,جاهد شهر
2300000000,125,1404,2,3,3,1,0,1,توس (بلوار توس)
8000000000,125,1404,3,4,2,1,1,1,کوثر
6500000000,125,1395,2,5,5,1,1,1,آزادشهر
6250000000,125,1402,2,6,6,1,1,1,الهیه
3350000000,125,1404,3,4,4,1,1,1,خواجه ربیع
3200000000,125,1404,2,1,1,1,1,1,موسوی قوچانی
9200000000,125,1404,2,6,1,1,1,1,دانشجو
3300000000,125,1382,2,4,1,0,1,1,ادیب نیشابوری (شهرک غرب)
4350000000,125,1404,2,4,4,1,1,1,فدک
6000000000,125,1394,3,4,2,1,1,1,آیت الله کاشانی
6100000000,125,1387,3,4,1,1,1,1,سناباد
6650000000,125,1394,3,3,3,1,1,1,کوثر
7500000000,125,1404,3,5,1,1,1,1,رضاشهر
4400000000,125,1404,3,3,3,1,1,1,حسین‌آباد
3500000000,125,1402,2,6,6,1,0,1,گاز
3000000000,125,1398,2,5,3,1,0,0,نکاح
8500000000,125,1404,2,1,1,1,1,1,آبکوه
5250000000,125,1402,2,6,5,1,1,1,الهیه
3650000000,125,1404,2,5,5,1,1,1,رستگار
3800000000,125,1404,2,2,2,1,1,1,امیر
8700000000,125,1404,2,2,2,1,1,1,رضاشهر
4490000000,125,1390,3,3,3,0,1,1,سرافرازان
5900000000,125,1390,3,3,1,1,1,0,آبکوه
6700000000,125,1393,3,4,2,1,1,1,چهارچشمه
3500000000,125,1403,2,1,1,1,1,0,شهید مطهری
4300000000,125,1398,2,1,1,1,1,1,امیر
10990000000,125,1404,2,2,2,1,1,1,کوثر
8000000000,125,1404,3,5,5,1,1,1,هفت تیر (آب و برق)
7650000000,125,1394,2,4,4,1,1,1,صیاد شیرازی
2550000000,125,1387,2,4,1,0,0,0,استاد یوسفی (شهرک غرب)
6100000000,125,1393,3,5,4,1,1,0,نیروی هوایی
1585000000,125,1381,1,4,0,0,1,1,توس (بلوار توس)
5400000000,126,1401,3,4,3,1,1,1,الهیه
2150000000,126,1400,2,4,3,0,1,1,پنجتن
7875000000,126,1402,3,5,0,1,1,1,هفت تیر (حافظ)
4800000000,126,1385,2,0,0,1,1,1,شریف
2950000000,127,1376,2,2,2,0,1,1,استاد یوسفی (شهرک غرب)
5500000000,127,1403,3,3,3,1,1,1,جاهد شهر
4700000000,127,1398,2,2,2,1,1,1,الهیه
5950000000,127,1385,3,4,2,0,1,1,بهاران
6400000000,127,1393,3,4,3,1,1,1,چهارچشمه
6300000000,127,1394,2,4,4,1,1,1,هفت تیر (حافظ)
7650000000,127,1404,2,5,1,1,1,1,سعد آباد
11000000000,128,1404,3,1,1,1,1,1,کوثر
5800000000,128,1392,2,3,2,0,1,1,تربیت (صدف)
4330000000,128,1388,3,4,1,1,1,1,حجاب (شهرک غرب)
7000000000,128,1388,3,1,1,1,1,1,هنرستان
5850000000,127,1404,3,6,4,1,1,1,الهیه
7000000000,129,1386,2,5,1,1,1,1,آبکوه
5800000000,130,1389,3,1,1,1,1,1,اقبال
6020000000,130,1400,3,3,3,1,1,1,چهارچشمه
1500000000,130,1401,3,2,1,0,0,1,خواجه ربیع
4200000000,130,1385,2,3,2,0,1,0,حجاب (شهرک غرب)
4500000000,130,1400,2,5,5,1,1,1,حسین‌آباد
6700000000,130,1404,3,1,1,1,1,1,الهیه
4850000000,130,1386,3,2,2,0,1,1,شهرآرا
9100000000,130,1404,2,5,2,1,1,1,هنرستان
1890000000,130,1398,2,3,3,0,1,1,الهیه
5550000000,130,1401,3,3,3,1,1,1,ادیب نیشابوری (شهرک غرب)
4500000000,130,1404,3,3,3,1,1,1,سرافرازان
4100000000,130,1404,3,5,5,1,1,1,هنرور
3200000000,130,1402,3,6,6,1,1,1,امیر
7200000000,131,1387,2,4,0,0,1,1,بهارستان
6110000000,130,1404,3,3,3,1,1,1,الهیه
5250000000,130,1396,3,3,3,1,1,1,شهرک لشکر (شهرک غرب)
3750000000,130,1404,2,3,3,1,1,1,موسوی قوچانی
5850000000,130,1385,3,3,2,0,1,1,هنرستان
3800000000,130,1397,2,5,5,1,0,1,گلبرگ
7850000000,130,1402,3,3,3,1,1,1,چهارچشمه
8150000000,130,1402,2,4,4,1,1,1,دانشجو
5720000000,130,1404,3,3,3,1,1,1,الهیه
6350000000,130,1389,2,2,2,0,1,1,رضاشهر
6760000000,130,1404,3,1,1,1,1,1,نرگس (شهرک غرب)
5900000000,130,1404,3,5,5,1,1,1,جاهد شهر
4450000000,130,1404,2,4,4,1,1,1,حسین‌آباد
3600000000,130,1385,3,4,4,0,1,1,حسابی جنوبی (شهرک غرب)
3950000000,130,1404,3,6,6,1,1,1,شهید مطهری
5850000000,130,1403,3,5,5,1,1,1,الهیه
7600000000,130,1402,2,6,6,1,1,1,هفت تیر (آب و برق)
4850000000,130,1401,2,1,1,1,1,1,الهیه
7500000000,130,1396,3,6,4,1,1,1,فرهنگ
5500000000,130,1392,2,6,4,1,1,1,آبادگران
4230000000,129,1400,2,5,5,1,1,1,حسین‌آباد
6500000000,130,1404,3,3,3,1,1,1,شهرک لشکر (شهرک غرب)
4800000000,130,1396,3,4,1,1,1,1,الهیه
4450000000,130,1403,3,3,3,1,1,1,سرافرازان
8850000000,130,1404,3,3,3,1,1,1,شریف
7100000000,130,1398,3,4,4,1,1,1,اقبال
4420000000,130,1401,3,8,5,1,1,0,جانباز
1200000000,130,1403,3,4,4,0,1,0,مهدی آباد (بلوار توس)
3400000000,130,1404,2,4,4,1,1,1,فدک
9990000000,130,1393,2,5,5,1,1,1,کوثر
9800000000,130,1404,2,4,3,1,1,1,بالا خیابان
7800000000,125,1390,2,4,4,1,1,1,هفت تیر (حافظ)
6700000000,130,1396,2,4,4,1,1,1,هفت تیر (آب و برق)
6700000000,130,1394,2,4,4,1,1,1,هفت تیر (آب و برق)
5700000000,130,1393,3,3,3,1,1,1,اقبال
7800000000,130,1404,3,2,2,1,1,1,زمانه
5300000000,130,1380,2,4,2,1,1,1,سعد آباد
6000000000,130,1393,3,5,5,1,1,1,صیاد شیرازی
4000000000,130,1404,2,1,1,1,1,1,یاس
6200000000,130,1384,3,3,1,0,1,1,کوثر
8600000000,131,1404,2,5,3,1,1,1,سعد آباد
6200000000,132,1384,3,1,1,0,1,1,کوثر
9100000000,132,1404,3,5,1,1,1,1,هفده شهریور
5800000000,132,1397,3,4,4,1,1,1,سرافرازان
3350000000,132,1403,3,6,2,1,0,0,نظام دوست
4450000000,132,1403,3,2,2,1,1,1,حسین‌آباد
5640000000,133,1395,3,4,3,1,1,1,شهرک لشکر (شهرک غرب)
3880000000,134,1404,2,8,7,1,1,1,جانباز
5780000000,134,1385,2,3,1,0,1,1,هفت تیر (آب و برق)
5500000000,135,1404,3,5,2,1,1,1,الهیه
5800000000,135,1404,3,5,5,1,1,1,الهیه
5420000000,135,1386,2,3,3,0,1,1,آزادشهر
5600000000,135,1402,2,10,2,1,1,1,الهیه
10500000000,135,1404,3,5,3,1,1,1,رضاشهر
6499000000,135,1390,3,4,1,1,1,1,هفت تیر (آب و برق)
9300000000,135,1388,2,3,1,0,1,1,راهنمایی
5000000000,130,1398,3,3,3,1,1,1,جاهد شهر
4250000000,135,1404,2,3,3,1,1,1,هنرور
6350000000,135,1384,3,5,3,0,1,1,آزادشهر
5900000000,135,1390,3,3,3,0,1,1,آزادشهر
10500000000,137,1403,2,1,1,1,1,1,فارغ التحصیلان
6500000000,135,1393,3,4,1,1,1,1,هفت تیر (آب و برق)
5400000000,135,1404,3,3,3,1,1,1,الهیه
11200000000,135,1404,3,3,3,1,1,1,هنرستان
6100000000,135,1403,3,4,4,1,1,1,الهیه
4650000000,135,1390,2,3,3,0,1,1,عبادی
8600000000,132,1403,3,5,1,1,1,1,رضاشهر
8500000000,135,1390,3,2,1,0,1,1,کوثر
8500000000,135,1393,2,2,2,1,1,1,هنرستان
3800000000,135,1382,3,4,1,0,0,1,فرهنگیان (شهرک غرب)
5850000000,135,1397,3,4,1,1,1,1,شهرک لشکر (شهرک غرب)
7400000000,135,1404,3,5,4,1,1,1,شهرآرا
4500000000,135,1404,3,4,4,1,1,1,شهید مطهری
6300000000,135,1393,3,2,2,1,1,1,هفت تیر (حافظ)
3500000000,135,1397,3,5,5,1,1,1,هنرور
12200000000000,135,1395,3,1,1,1,1,1,سجاد شهر
3850000000,135,1404,2,5,5,1,1,1,شهید مطهری
6700000000,140,1404,3,3,3,1,1,1,الهیه
6950000000,135,1392,2,3,3,1,1,1,رضاشهر
6950000000,135,1402,3,6,5,1,1,1,شهرک رازی (شهرک غرب)
3650000000,135,1401,3,5,5,1,1,1,امیر
3600000000,135,1404,2,5,5,1,1,1,شهید مطهری
7490000000,135,1404,3,1,1,1,1,1,الهیه
3586000000,135,1403,1,7,7,1,1,1,هنرور
7750000000,136,1394,3,3,3,1,1,1,رضاشهر
7220000000,136,1404,3,5,3,1,1,1,شهرک رازی (شهرک غرب)
8200000000,136,1404,3,4,4,1,1,1,نیروی هوایی
3700000000,137,1403,3,5,5,1,1,1,فدک
7000000000,137,1385,3,3,1,0,1,1,نیروی هوایی
6000000000,137,1397,2,4,1,1,1,1,کلاهدوز
3500000000,137,1402,2,6,6,1,1,1,موسوی قوچانی
11500000000,137,1403,2,5,1,1,1,1,فارغ التحصیلان
7600000000,138,1393,3,3,3,1,1,1,احمدآباد
3850000000,138,1404,2,2,2,1,1,1,موسوی قوچانی
5500000000,138,1401,3,5,1,1,1,1,الهیه
5550000000,138,1400,3,5,3,1,1,1,الهیه
3720000000,139,1399,2,2,2,1,1,1,موسوی قوچانی
3720000000,139,1399,2,2,2,1,1,1,موسوی قوچانی
5600000000,140,1404,3,5,3,1,1,1,الهیه
6470000000,140,1396,3,5,3,1,1,1,شریف
5500000000,140,1404,3,3,3,1,1,1,الهیه
7000000000,140,1386,3,4,2,1,1,1,فرهنگ
7000000000,140,1404,3,5,2,1,1,1,ولیعصر (شهرک غرب)
5800000000,140,1403,3,3,3,1,1,1,الهیه
3000000000,140,1396,2,4,3,0,0,1,هنرور
4000000000,140,1400,2,6,6,1,1,1,جانباز
7900000000,140,1404,3,5,1,1,1,1,سرافرازان
2700000000,140,1390,2,2,1,0,0,1,رستگار
6000000000,140,1399,3,1,1,1,1,1,جاهد شهر
4300000000,140,1403,3,6,4,1,1,1,شهید مطهری
1000,140,1404,2,5,3,1,1,1,الهیه
5750000000,140,1404,2,5,2,1,1,1,میعاد (شهرک غرب)
3100000000,140,1404,3,5,5,1,1,1,موسوی قوچانی
4350000000,140,1403,3,4,4,1,1,1,شهید مطهری
6500000000,140,1380,3,2,2,0,1,1,بهشت
7700000000,140,1395,3,3,3,1,1,1,نیروی هوایی
7000000000,140,1384,3,2,2,0,1,1,کوثر
10000000000,140,1391,3,3,3,1,1,1,هنرستان
9900000000,140,1404,3,3,3,1,1,1,رضاشهر
24200000000,140,1404,2,3,3,1,1,1,توس (بلوار توس)
6300000000,140,1397,3,5,4,1,1,1,جاهد شهر
14100000000,140,1404,3,6,2,1,1,1,احمدآباد
7250000000,140,1384,2,4,2,0,1,1,سجاد شهر
7700000000,140,1404,3,1,1,1,1,1,کلاهدوز
6200000000,140,1403,3,1,1,1,1,1,جاهد شهر
5800000000,140,1400,2,1,1,1,1,1,جاهد شهر
5500000000,140,1404,3,5,3,1,1,1,جاهد شهر
5200000000,140,1404,3,3,3,1,1,1,الهیه
7000000000,140,1385,3,4,4,1,1,1,فرهنگ
6000000000,136,1386,3,4,4,1,1,1,زیبا شهر
10650000000,140,1404,3,6,1,1,1,1,کوه سنگی
6300000000,140,1403,3,4,4,1,1,1,الهیه
5750000000,140,1403,3,7,7,1,1,1,فرهنگیان (شهرک غرب)
9000000000,140,1402,3,5,5,1,1,1,هفت تیر (حافظ)
7500000000,140,1387,3,2,2,0,1,1,کوثر
7000000000,141,1377,3,4,2,0,1,1,شهید فرامرز عباسی
4070000000,140,1404,3,4,4,1,1,1,هنرور
6600000000,140,1404,3,3,3,1,1,1,استاد یوسفی (شهرک غرب)
8990000000,140,1403,3,6,2,1,1,1,امام رضا (ع)
3900000000,140,1404,2,2,2,1,1,1,موسوی قوچانی
3300000000,140,1401,3,4,4,1,1,1,امیر
7450000000,140,1393,2,4,1,1,1,1,ارشاد
8300000000,140,1402,3,4,4,1,1,1,کلاهدوز
8700000000,140,1400,3,2,2,1,1,1,فرهنگ
7080000000,140,1404,3,5,2,1,1,1,پروین اعتصامی
8600000000,140,1392,2,4,2,1,1,1,ارشاد
4150000000,140,1404,2,2,2,1,1,1,شهید مطهری
6150000000,140,1403,3,1,1,1,1,1,الهیه
9100000000,140,1398,3,1,1,1,1,1,شهید فرامرز عباسی
9500000000,140,1393,3,3,3,1,1,1,فلسطین
9380000000,140,1401,3,3,3,1,1,1,وکیل‌آباد
6300000000,145,1400,3,6,5,1,1,1,جاهد شهر
4480000000,141,1404,2,6,0,1,1,1,حسین‌آباد
6400000000,143,1403,3,5,4,1,1,1,الهیه
7300000000,143,1385,3,1,1,0,1,1,کوثر
8200000000,143,1401,3,5,5,1,1,1,خرمشهر
9000000000,144,1390,3,2,2,1,1,1,هنرستان
4752000000,144,1395,2,4,4,1,0,1,حسین‌آباد
9360000000,144,1404,3,4,4,1,1,1,فارغ التحصیلان
11000000000,144,0,2,4,4,1,0,1,سجاد شهر
14400000000,145,1404,3,2,2,1,1,1,هنرستان
4600000000,145,1385,2,3,2,0,1,1,رضاشهر
7600000000,145,1396,3,5,3,1,1,1,هفده شهریور
5300000000,145,1380,2,2,2,0,0,1,فردوسی
4250000000,145,1400,3,4,4,1,1,0,حسین‌آباد
5700000000,145,1400,3,3,3,1,1,1,جاهد شهر
6900000000,145,1393,3,4,3,1,1,1,هفت تیر (آب و برق)
7000000000,145,1385,3,4,2,1,1,1,سناباد
7500000000,145,1403,3,5,1,1,1,1,سعد آباد
7000000000,145,1404,3,3,3,1,1,1,الهیه
6000000000,145,1402,3,5,2,1,1,1,الهیه
5270000000,146,1394,3,3,2,1,1,1,جاهد شهر
5365000000,145,1402,3,6,6,1,1,1,حسین‌آباد
8490000000,145,1403,3,6,1,1,1,1,شریف
9800000000,145,1403,3,5,2,1,1,1,هفت تیر (حافظ)
13500000000,145,1404,3,6,3,1,1,1,کوثر
9900000000,145,1403,3,5,3,1,1,1,کوثر
9300000000,145,1404,3,5,5,1,1,1,هنرستان
9500000000,145,1396,2,5,5,1,1,1,راهنمایی
6880000000,145,1387,3,4,3,1,1,1,امام خمینی
9135000000,145,1404,3,4,4,1,1,1,الهیه
7050000000,145,1401,2,3,3,1,1,1,جاهد شهر
9200000000,145,1404,3,4,4,1,1,1,فردوسی
5300000000,145,1385,2,3,2,0,0,1,شهید فرامرز عباسی
8600000000,145,1400,3,4,4,1,1,1,اقبال
4600000000,145,1403,3,6,1,1,0,1,شهید مطهری
5300000000,145,1388,3,3,3,0,1,1,زیبا شهر
6600000000,146,1404,3,6,3,1,1,1,جاهد شهر
9700000000,147,1403,3,6,4,1,1,1,آزادشهر
7500000000,147,1383,2,9,1,0,1,1,کوثر
7400000000,148,1386,3,4,2,1,1,1,شهید فرامرز عباسی
7000000000,150,1403,3,5,2,1,1,1,جاهد شهر
7000000000,150,1404,3,4,4,1,1,1,الهیه
8300000000,150,1395,3,5,1,1,1,1,نیروی هوایی
1235000000,150,1398,3,10,1,1,1,1,شریف
13000000000,150,1404,3,5,3,1,1,1,شهید هاشمی نژاد
9000000000,150,1403,3,6,3,1,1,1,هفده شهریور
11250000000,150,1404,2,0,0,1,1,1,هنرستان
6600000000,150,1385,3,3,2,0,1,0,دانشجو
19700000000,150,1401,3,4,3,1,1,1,ملک‌آباد
7000000000,150,1385,3,3,1,0,1,1,دانشجو
2560000000,150,1403,3,3,1,1,1,1,شهرک مطهری
6300000000,159,1404,3,3,3,1,1,1,الهیه
10000000000,150,1400,3,6,1,1,1,1,سعد آباد
7650000000,170,1400,3,5,0,1,1,1,فرهنگیان (شهرک غرب)
11200000000,150,1404,3,5,5,1,1,1,رضاشهر
10500000000,150,1404,3,6,3,1,1,1,آزادشهر
6300000000,150,1404,3,6,3,1,1,1,امیریه
8100000000,140,1402,3,5,5,1,1,1,امام رضا (ع)
6200000000,150,1400,3,5,5,1,1,1,الهیه
6200000000,150,1402,3,5,5,1,1,1,الهیه
3350000000,150,1403,3,5,5,1,1,1,شهرک امام هادی (شهرک غرب)
7500000000,150,1404,3,3,3,1,1,1,الهیه
100000000,150,1404,3,2,1,1,1,1,حرم مطهر رضوی
6000000000,150,1404,3,6,6,1,1,1,شهرک رازی (شهرک غرب)
5500000000,150,1404,3,5,5,1,1,1,پروین اعتصامی
12000000000,150,1403,3,2,2,1,1,1,فردوسی
15500000000,150,1403,3,5,3,1,1,1,احمدآباد
8200000000,150,1397,3,2,2,1,1,1,فردوسی
11200000000,150,1392,3,5,1,1,1,1,سجاد شهر
15000000000,150,1404,3,6,6,1,1,1,امام رضا (ع)
7850000000000,150,1385,2,1,1,0,1,0,کوثر
8700000000,152,1398,3,6,6,1,1,0,سید رضی
9400000000,150,1404,3,1,1,1,1,1,هفت تیر (حافظ)
6000000000,150,1380,3,3,2,1,1,1,گوهرشاد
9100000000,150,1401,3,5,1,1,1,1,کلاهدوز
4700000000,150,1404,3,3,3,1,1,1,موسوی قوچانی
4600000000,150,1404,3,4,4,1,1,1,موسوی قوچانی
8900000000,150,1404,3,6,6,1,1,1,دانشجو
4000000000,150,1404,3,4,4,1,1,1,امیر
6500000000,150,1404,3,5,1,1,1,1,الهیه
10000000000,150,1404,3,5,2,1,1,1,کلاهدوز
17250000000,150,1404,3,1,1,1,1,1,هنرستان
11300000000,150,1404,3,5,4,1,1,1,هنرستان
13800000000,150,1404,3,6,3,1,1,1,رضاشهر
10200000000,150,1404,3,6,6,1,1,1,رضاشهر
6150000000,156,1400,3,5,2,1,1,1,شاهد (شهرک غرب)
22000000000,150,1402,3,4,1,1,1,1,ملک‌آباد
6750000000,150,1401,3,5,5,1,1,1,الهیه
6150000000,150,1400,3,5,1,1,1,1,شاهد (شهرک غرب)
9000000000,150,1401,3,5,1,1,1,1,کلاهدوز
8650000000,150,1390,3,1,1,1,1,1,آزادشهر
10400000000,150,1404,3,5,3,1,1,1,کلاهدوز
9100000000,151,1400,3,4,4,1,1,1,امام رضا (ع)
6200000000,151,1390,3,3,3,1,1,1,زیبا شهر
5850000000,152,1401,3,3,3,1,1,1,جاهد شهر
6100000000,152,1402,3,4,3,1,1,1,سعد آباد
8150000000,155,1398,3,6,6,1,1,1,سید رضی
11400000000,152,1404,3,2,2,1,1,1,راهنمایی
4280000000,147,1404,3,6,4,1,1,1,فدک
13300000000,153,1404,3,6,4,1,1,1,فلسطین
6120000000,153,1394,3,5,4,1,1,1,شهرک رازی (شهرک غرب)
11940000000,153,1404,3,6,3,1,1,1,آزادشهر
4896000000,153,1404,3,6,5,1,1,1,هنرور
6990000000000,153,1404,3,6,4,1,1,1,ادیب نیشابوری (شهرک غرب)
9800000000,155,1404,3,1,1,1,1,1,فردوسی
8990000000,155,1404,3,6,6,1,1,1,امام خمینی
9800000000,155,1404,3,6,3,1,1,1,سید رضی
7200000000,155,1404,3,3,3,1,1,1,میعاد (شهرک غرب)
12500000000,155,1404,3,6,2,1,1,1,آزادشهر
6200000000,155,1387,3,4,2,0,1,1,هنرور
8900000000,155,1404,3,2,2,1,1,1,زیبا شهر
6200000000,155,1404,3,6,2,1,1,1,الهیه
7900000000,155,1402,3,6,3,1,1,1,فرهنگیان (شهرک غرب)
11000000000,155,1404,3,5,5,1,1,1,شریف
9600000000,155,1396,3,3,3,1,1,1,نیروی هوایی
9400000000,155,1398,3,4,4,1,1,1,هنرستان
11900000000,155,1403,3,6,3,1,1,1,آزادشهر
7550000000,155,1397,3,2,2,1,1,1,شهرآرا
6300000000,155,1404,3,6,4,1,1,1,الهیه
8990000000,155,1404,3,6,4,1,1,1,زیبا شهر
10540000000,155,1404,3,6,5,1,1,1,آزادشهر
13500000000,155,1389,3,5,4,1,1,1,سجاد شهر
10500000000,155,1404,3,3,3,1,1,1,رضاشهر
4750000000,155,1404,3,3,3,1,1,1,موسوی قوچانی
7300000000,155,1395,3,5,3,1,1,1,خرمشهر
9850000000,155,1393,3,3,3,1,1,1,آزادشهر
6000000000,155,1402,3,6,1,1,1,1,حسین‌آباد
9000000000,155,1389,3,4,1,1,1,1,نوفل لوشاتو
8900000000,155,1403,3,4,4,1,1,1,شهید فرامرز عباسی
13100000000,155,1404,3,2,2,1,1,1,فرهنگ
6550000000,155,1403,3,3,3,1,1,1,شهرک رازی (شهرک غرب)
5400000000,155,1403,3,6,4,1,1,1,کوی سیدی
7200000000,155,1383,3,1,1,0,1,1,فردوسی
10000000000,155,1404,3,5,2,1,1,1,رضاشهر
10850000000,155,1404,3,6,4,1,1,1,سناباد
10400000000,155,1404,3,6,4,1,1,1,گوهرشاد
4750000000,155,1404,3,3,3,1,1,1,موسوی قوچانی
6300000000,155,1404,3,4,4,1,1,1,سعد آباد
4850000000,155,1404,3,3,3,1,1,1,موسوی قوچانی
8250000000,155,1398,3,5,4,1,1,1,امام خمینی
13300000000,155,1390,3,4,3,1,1,1,کوثر
5600000000,155,1404,3,5,4,1,1,1,الهیه
7500000000,155,1401,3,6,3,1,1,1,جاهد شهر
8900000000,155,1403,3,4,4,1,1,1,شهید فرامرز عباسی
8900000000,155,1399,3,5,4,1,1,1,رضاشهر
10900000000,155,1404,3,6,4,1,1,1,خرمشهر
8750000000,156,1403,3,6,5,1,1,1,آزادشهر
10900000000,156,1404,3,5,5,1,1,1,آزادشهر
6800000000,156,1398,3,5,5,1,1,1,کوشش
9500000000,156,1404,3,6,4,1,1,1,آزادشهر
10740000000,158,1404,3,5,5,1,1,1,رضاشهر
9400000000,158,1402,3,6,6,1,1,1,هفده شهریور
6000000000,158,1404,3,5,4,1,1,1,الهیه
4000000000,158,1404,3,3,3,1,1,1,موسوی قوچانی
10250000000,158,1403,3,3,3,1,1,1,سید رضی
13700000000,160,1388,3,5,4,1,1,1,سجاد شهر
8300000000,160,1403,3,6,3,1,1,1,دانشجو
9800000000,160,1404,3,5,2,1,1,1,فردوسی
1250000000,160,1400,1,3,2,0,0,1,رده
7550000000,160,1403,3,4,4,1,1,1,فرهنگیان (شهرک غرب)
11500000000,160,1404,3,2,2,1,1,1,فردوسی
4000000000,160,1404,3,6,3,1,1,1,شهرک امام هادی (شهرک غرب)
13500000000,160,1404,3,6,2,1,1,1,فرهنگ
3200000000,160,1402,2,3,3,0,1,1,بلال
6600000000,160,1403,3,5,3,1,1,1,الهیه
12000000000,160,1404,3,2,2,1,1,1,فرهنگ
5790000000,160,1403,3,2,2,1,1,1,الهیه
6600000000,160,1403,3,1,1,1,1,1,میعاد (شهرک غرب)
6800000000,160,1403,3,6,5,1,1,1,الهیه
6000000000,160,1402,3,6,6,1,1,1,الهیه
7000000000,160,1403,3,7,7,1,1,1,شهرک رازی (شهرک غرب)
6080000000,160,1402,3,6,6,1,1,1,حسین‌آباد
7400000000,160,1398,3,4,4,1,1,1,شهرآرا
9500000000,160,1399,3,2,2,1,1,1,آزادشهر
9600000000,160,1404,3,6,2,1,1,1,آزادشهر
17600000000,160,1404,3,6,1,1,1,1,آزادشهر
11000000000,160,1403,3,5,5,1,1,1,فارغ التحصیلان
9050000000,165,1404,3,6,2,1,1,1,زیبا شهر
7000000000,160,1389,2,4,4,1,1,1,آبکوه
5500000000,160,1385,3,4,4,0,1,0,فردوسی
5200000000,160,1404,3,2,2,1,1,1,فدک
8160000000,160,1404,3,6,1,1,1,1,آزادشهر
8500000000,160,1404,3,6,5,1,1,1,آزادشهر
9200000000,160,1395,3,5,2,1,1,1,رضاشهر
9300000000,160,1404,3,5,2,1,1,1,هفت تیر (حافظ)
9850000000,160,1404,3,6,6,1,1,1,سید رضی
6560000000,160,1403,3,6,6,1,1,1,شهرک رازی (شهرک غرب)
9300000000,160,1394,3,4,4,1,1,1,دانشجو
6500000000,153,1403,3,1,1,1,1,1,شهرک رازی (شهرک غرب)
8000000000,160,1404,3,3,3,1,1,1,شهرک رازی (شهرک غرب)
11970000000,160,1404,3,2,2,1,1,1,شهید فرامرز عباسی
3850000000,160,1404,3,3,3,1,1,1,امیر
4100000000,160,1404,3,3,3,1,1,1,موسوی قوچانی
8250000000,160,1393,3,4,4,1,1,1,شریف
14400000000,160,1404,3,4,4,1,1,1,سید رضی
7200000000,160,1403,3,5,5,1,1,1,الهیه
11000000000,160,1402,3,2,2,1,1,1,رضاشهر
4230000000,155,1404,3,6,6,1,1,1,فدک
17600000000,160,1404,3,6,2,1,1,1,فلسطین
9600000000,160,1404,3,1,1,1,1,1,اقبال
11200000000,160,1404,3,5,3,1,1,1,زمانه
8800000000,160,1404,3,3,3,1,1,1,الهیه
8800000000,160,1404,3,5,4,1,1,1,جاهد شهر
12500000000,160,1404,3,1,1,1,1,1,فرهنگ
10400000000,160,1404,3,4,4,1,1,1,فردوسی
9600000000,155,1404,3,2,2,1,1,1,فارغ التحصیلان
9600000000,160,1404,3,6,4,1,1,1,امام رضا (ع)
3900000000,160,1390,2,3,3,0,1,1,زمرد
4950000000,160,1399,3,3,3,1,1,1,شفا
11600000000,160,1404,3,1,1,1,1,1,آبکوه
12500000000,160,1402,3,6,4,1,1,1,آزادشهر
9250000000,160,1402,3,6,5,1,1,1,سید رضی
13100000000,160,1404,3,4,4,1,1,1,سید رضی
11800000000,160,1404,3,2,2,1,1,1,آبکوه
7000000000,160,1400,3,5,1,1,1,1,الهیه
12000000000,160,1404,3,6,5,1,1,1,فرهنگ
8250000000,160,1403,3,2,2,1,1,1,دانشجو
6560000000,160,1404,3,5,3,1,1,1,الهیه
10500000000,160,1404,3,1,1,1,1,1,سید رضی
12400000000,165,1404,3,6,6,1,1,1,آزادشهر
11490000000,160,1404,3,1,1,1,1,1,فلسطین
8945000000,160,1404,3,6,2,1,1,1,خرمشهر
11950000000,160,1404,3,3,3,1,1,1,شهید فرامرز عباسی
7300000000,160,1398,3,3,3,1,1,1,شهید رضوی
12850000000,155,1404,3,3,3,1,1,1,شهید فرامرز عباسی
11500000000,160,1403,3,3,3,1,1,1,آزادشهر
14400000000,160,1403,3,6,2,1,1,1,سید رضی
9100000000,160,1404,3,5,1,1,1,1,هفت تیر (حافظ)
10600000000,160,1404,3,6,5,1,1,1,آزادشهر
5400000000,160,1404,3,2,2,1,1,1,شهید مطهری
11600000000,160,1404,3,3,3,1,1,1,شهید فرامرز عباسی
9700000000,160,1395,3,5,2,1,1,1,هفت تیر (حافظ)
12800000000,160,1404,2,6,2,1,1,1,کوشش
15000000000,160,1404,3,2,2,1,1,1,هنرستان
8800000000,160,1388,3,4,4,1,1,1,کلاهدوز
7900000000,160,1404,3,6,6,1,1,1,الهیه
6600000000,155,1403,3,2,2,1,1,1,استاد یوسفی (شهرک غرب)
9350000000,160,1404,3,6,2,1,1,1,خرمشهر
8300000000,161,1391,3,6,6,1,1,1,خرمشهر
6300000000,161,1391,3,4,2,1,1,1,هفت تیر (آب و برق)
11900000000,162,1404,3,6,4,1,1,1,فرهنگ
8250000000,162,1393,3,5,1,1,1,1,آزادشهر
8500000000,162,1397,3,1,1,1,1,1,آزادشهر
9100000000,162,1396,3,5,5,1,1,1,سید رضی
11000000000,162,1400,3,6,4,1,1,1,فرهنگ
10200000000,162,1402,3,2,2,1,1,1,سید رضی
10500000000,162,1401,3,6,4,1,1,1,فرهنگ
8700000000,163,1390,3,2,2,1,1,1,هفت تیر (حافظ)
8700000000,163,1387,3,5,2,1,1,1,هفت تیر (حافظ)
9700000000,163,1404,3,6,2,1,1,1,دانشجو
9000000000,164,1404,3,6,2,1,1,1,زیبا شهر
8920000000,164,1399,3,5,5,1,1,1,آزادشهر
13500000000,164,1395,3,0,0,1,1,1,احمدآباد
9900000000000,165,1402,3,5,4,1,1,1,رضاشهر
10200000000,165,1403,3,6,2,1,1,1,آزادشهر
16390000000,165,1404,3,6,2,1,1,1,فرهنگ
13200000000,165,1404,3,1,1,1,1,1,فرهنگ
5500000000,167,1404,3,5,5,1,1,1,موسوی قوچانی
13000000000,165,1404,3,6,4,1,1,1,هنرستان
7600000000,165,1403,3,4,4,1,1,1,ادیب نیشابوری (شهرک غرب)
12500000000,165,1403,3,4,4,1,1,1,هنرستان
6950000000,165,1396,2,4,2,1,1,1,هفت تیر (آب و برق)
12000000000,165,1386,3,4,1,1,1,1,سجاد شهر
9900000000,165,1404,3,6,5,1,1,1,کوشش
7100000000,165,1400,3,0,0,1,1,1,فرهنگیان (شهرک غرب)
9100000000,165,1404,3,6,4,1,1,1,آزادشهر
13700000000,165,1404,3,6,2,1,1,1,فرهنگ
12500000000,165,1386,3,5,2,1,1,1,کوثر
27500000000,165,1404,3,6,6,1,1,1,سجاد شهر
13200000000,165,1404,3,6,6,1,1,1,فرهنگ
12500000000,165,1404,3,6,4,1,1,1,آزادشهر
6600000000,165,1401,3,4,4,1,1,1,موسوی قوچانی
9100000000,165,1404,3,6,5,1,1,1,سید رضی
10750000000,165,1387,3,3,1,1,1,1,کوثر
8900000000,165,1396,3,5,1,1,1,1,زمانه
15500000000,165,1402,3,5,1,1,1,1,کوثر
9300000000,165,1396,3,4,4,1,1,1,هنرستان
11000000000,165,1404,3,6,6,1,1,1,سید رضی
10900000000,165,1404,3,1,1,1,1,1,اقبال
10000000000,165,1404,3,6,3,1,1,1,تربیت (صدف)
7750000000,165,1404,3,5,3,1,1,1,فرهنگیان (شهرک غرب)
7700000000,165,1404,3,5,2,1,1,1,شاهد (شهرک غرب)
10500000000,160,1404,3,6,1,1,1,1,شهید فرامرز عباسی
10800000000,165,1404,3,4,4,1,1,1,آزادشهر
13200000000,160,1404,3,5,3,1,1,1,رضاشهر
11750000000,165,1404,3,3,3,1,1,1,شهید فرامرز عباسی
11400000000,165,1402,3,6,3,1,1,1,دانشجو
12800000000,160,1404,3,3,3,1,1,1,شهید فرامرز عباسی
12900000000,165,1392,3,5,1,1,1,1,فلسطین
11600000000,166,1402,3,3,3,1,1,1,آزادشهر
11500000000,166,1403,3,3,3,1,1,1,آزادشهر
8630000000,167,1400,3,6,3,1,1,1,آزادشهر
10350000000,167,1403,3,2,2,1,1,1,آزادشهر
9500000000,167,1398,3,6,1,1,1,1,آزادشهر
4900000000,167,1400,3,6,2,1,1,1,شفا
10600000,168,1403,3,6,1,1,1,1,آزادشهر
7100000000,168,1403,3,3,3,1,1,1,الهیه
9000000000,170,1399,3,4,4,1,1,1,صیاد شیرازی
8150000000,170,1404,3,5,3,1,1,1,جاهد شهر
5100000000,170,1402,3,2,2,1,1,1,رسالت
3000000000,170,1404,2,6,6,1,1,1,طبرسی شمالی
9300000000,170,1403,3,4,4,1,1,1,شهرآرا
9500000000,170,1395,3,5,3,1,1,1,رضاشهر
4750000000,170,1404,3,6,6,1,1,1,شهید مطهری
11700000000,170,1404,3,5,5,1,1,1,آزادشهر
6200000000,170,1403,3,1,1,1,1,1,موسوی قوچانی
18700000000,170,1403,3,2,2,1,1,1,کوثر
7200000000,170,1403,3,6,6,1,1,1,عبادی
7200000000,170,1403,3,6,6,1,1,1,عبادی
12700000000,170,1404,3,6,3,1,1,1,آبکوه
12900000000,170,1392,3,4,1,1,1,1,فلسطین
7500000000,170,1404,3,5,3,1,1,1,الهیه
15500000000,170,1388,3,6,2,1,1,1,فلسطین
9180000000,170,1402,3,6,3,1,1,1,صیاد شیرازی
14450000000,170,1404,3,5,5,1,1,1,بهشت
7650000000,170,1404,3,5,2,1,1,1,الهیه
12750000000,170,1404,3,6,2,1,1,1,آزادشهر
10000000000,170,1404,3,4,4,1,1,1,صیاد شیرازی
20400000000,170,1399,3,5,3,1,1,1,سجاد شهر
12600000000,170,1398,3,6,6,1,1,1,آزادشهر
12000000000,170,1404,3,1,1,1,1,1,رضاشهر
4800000000,170,1398,3,1,1,1,1,1,عامل
8500000000,170,1403,3,7,6,1,1,1,جاهد شهر
13500000000,170,1400,3,5,3,1,1,1,کوثر
11000000000,170,1404,3,5,3,1,1,1,آبکوه
14250000000,170,1404,3,3,3,1,1,1,سید رضی
12070000000,170,1404,3,6,1,1,1,1,آزادشهر
9500000000,170,1398,3,5,3,1,1,1,شهید فرامرز عباسی
10800000000,170,1404,3,6,5,1,1,1,سید رضی
15300000000,170,1398,3,5,4,1,1,1,فلسطین
12750000000,170,1403,3,6,4,1,1,1,امام رضا (ع)
9900000000,170,1400,3,5,4,1,1,1,کوشش
9100000000000,170,1399,3,5,1,1,1,1,شریف
7900000000,170,1395,3,5,5,1,1,1,صیاد شیرازی
5000000000,170,1401,3,7,3,1,1,1,جانباز
13000000000,171,1404,3,1,1,1,1,1,آزادشهر
7400000000,171,1390,3,5,5,1,1,1,آزادشهر
9200000000,172,1402,3,5,5,1,1,1,صیاد شیرازی
11600000000,173,1404,3,3,3,1,1,1,کلاهدوز
11500000000,173,1404,3,6,3,1,1,1,کلاهدوز
10500000000,173,1380,3,3,1,0,1,1,سجاد شهر
17000000000,171,1404,3,6,4,1,1,1,شهید فرامرز عباسی
12500000000,175,1404,3,5,5,1,1,1,سناباد
8600000000,175,1391,3,3,3,1,1,1,فرهنگ
4900000000,175,1402,3,6,4,1,1,1,طلاب
12900000000,175,1403,3,5,4,1,1,1,ارشاد
9600000000,175,1394,3,4,2,1,1,1,رضاشهر
10000000000,175,1388,3,4,2,1,1,1,فارغ التحصیلان
7000000000,175,1404,3,5,5,1,1,1,الهیه
10800000000,175,1404,3,6,3,1,1,1,سید رضی
10750000000,175,1404,3,3,3,1,1,1,سید رضی
13000000000,175,1403,3,6,5,1,1,1,امام رضا (ع)
3890000000,175,1401,3,5,5,1,1,1,شهرک امام هادی (شهرک غرب)
19250000000,175,1404,3,6,4,1,1,1,احمدآباد
5400000000,175,1404,3,6,6,1,1,1,موسوی قوچانی
21000000000,175,1404,3,5,2,1,1,1,ملک‌آباد
8575000000,175,1404,3,3,3,1,1,1,جاهد شهر
15900000000,175,1403,3,6,2,1,1,1,هنرستان
7850000000,173,1395,3,4,4,1,1,1,شاهد (شهرک غرب)
12200000000,175,1403,3,5,5,1,1,1,آبکوه
12200000000,177,1403,3,2,2,1,1,1,آبکوه
13100000000,175,1385,3,2,2,1,1,1,فلسطین
9800000000,175,1404,3,5,3,1,1,1,شهید هاشمی نژاد
5000000000,175,1401,3,4,4,1,1,1,جانباز
8500000000,176,1404,3,4,2,1,1,1,جاهد شهر
6350000000,176,1403,3,4,4,1,1,0,رستگار
13000000000,176,1397,3,5,1,1,1,1,فرهنگ
16000000000,177,1404,3,3,3,1,1,1,کوثر
6150000000,180,1404,3,5,5,1,1,1,الهیه
8800000000,180,1392,3,5,3,1,1,1,گوهرشاد
12600000000,180,1404,3,5,1,1,1,1,هنرستان
10000000000,188,1396,3,6,2,1,1,1,دانشجو
7000000000,180,1403,3,5,5,1,1,1,امیریه
11200000000,180,1404,3,6,3,1,1,1,هنرستان
6850000000,180,1384,3,3,3,0,1,1,شهید فرامرز عباسی
8000000000,180,1404,3,2,2,1,1,1,الهیه
7990000000,180,1400,3,4,4,1,1,1,شاهد (شهرک غرب)
6900000000,180,1397,3,5,5,1,1,0,میعاد (شهرک غرب)
13860000000,180,1404,3,4,4,1,1,1,شهید فرامرز عباسی
12000000000,180,1382,3,3,2,1,1,1,سجاد شهر
24300000000,180,1404,3,3,3,1,1,1,کوثر
6870000000,180,1403,3,3,3,1,1,1,الهیه
7750000000,180,1404,3,6,3,1,1,1,شهرک لشکر (شهرک غرب)
17800000000,180,1403,3,6,4,1,1,1,کوثر
12250000000,180,1404,3,5,2,1,1,1,گوهرشاد
12500000000,180,1404,3,6,6,1,1,1,سعد آباد
10000000000,179,1401,3,4,4,1,1,1,شهید فرامرز عباسی
8800000000,180,1394,3,3,3,1,1,1,گوهرشاد
10620000000,180,1403,3,3,3,1,1,1,هفت تیر (حافظ)
17500000000,180,1404,3,6,6,1,1,1,فرهنگ
9700000000,180,1395,3,5,3,1,1,1,گوهرشاد
9000000000,180,1403,3,6,5,1,1,1,جاهد شهر
7550000000,180,1398,3,3,0,1,1,1,صیاد شیرازی
5700000000,180,1404,3,5,5,1,1,1,حجت
198000000000,180,1404,3,3,3,1,1,1,کوثر
9500000000,180,1404,3,7,4,1,1,1,رضاشهر
9400000000,180,1395,3,4,3,1,1,1,هنرستان
10600000000,180,1395,3,4,4,1,1,1,شهید فرامرز عباسی
16000000000,180,1402,3,5,5,1,1,1,کوثر
11500000000,180,1390,3,5,2,1,1,1,سجاد شهر
10000000000,183,1404,3,5,4,1,1,1,هنرستان
11800000000,182,1404,3,3,3,1,1,1,گوهرشاد
11200000000,182,1400,3,6,6,1,1,1,گوهرشاد
7500000000,183,1400,3,5,3,1,1,1,امیریه
5500000000,184,1384,2,3,0,0,1,1,خرمشهر
9900000000,185,1395,3,1,1,1,1,1,دانشجو
16500000000,185,1402,3,4,4,1,1,1,شهید فرامرز عباسی
10000000000,185,1394,3,5,5,1,1,1,زمانه
5590000000,185,1404,3,4,4,1,1,1,الهیه
9750000000,185,1402,3,6,5,1,1,1,بهشت
11700000000,185,1404,3,7,4,1,1,1,نیروی هوایی
18200000000,185,1404,3,6,2,1,1,1,راهنمایی
11000000000,185,1404,3,3,3,1,1,1,هفت تیر (آب و برق)
6900000000,185,1403,3,6,5,1,1,1,نکاح
16500000000,185,1404,3,6,1,1,1,1,فرهنگ
11100000000,185,1398,3,1,1,1,1,1,شهید فرامرز عباسی
7450000000,185,1403,3,6,6,1,1,1,شهرک لشکر (شهرک غرب)
12900000000,185,1404,3,4,4,1,1,1,کلاهدوز
10000000000,186,1404,3,2,2,1,1,1,تربیت (صدف)
8400000000,186,1392,3,5,2,1,1,1,شهرآرا
11200000000,187,1404,3,6,4,1,1,1,امام خمینی
11000000000,187,1402,3,5,3,1,1,1,کوثر
13000000000,187,1404,3,3,3,1,1,1,الهیه
7708000000,188,1404,3,6,5,1,1,1,شهرک لشکر (شهرک غرب)
10350000000,188,1384,3,2,2,1,1,1,هنرستان
10400000000,190,1404,3,5,4,1,1,1,سید رضی
8500000000,190,1403,3,6,3,1,1,1,شاهد (شهرک غرب)
8000000000,190,1400,3,4,4,1,1,1,فرهنگیان (شهرک غرب)
8000000000,190,1403,3,5,3,1,1,1,الهیه
7400000000,190,1394,3,3,2,1,1,1,الهیه
23500000000,180,1403,3,6,4,1,1,1,کوثر
13000000000,190,1404,3,3,3,1,1,1,الهیه
6300000000,190,1404,3,5,4,1,1,1,امیریه
18900000000,190,1404,3,6,3,1,1,1,کوثر
7200000000,190,1403,4,5,3,1,1,0,نکاح
8000000000,190,1404,3,3,3,1,1,1,الهیه
11500000000,190,1401,3,5,5,1,1,1,شهید فرامرز عباسی
11000000000,190,1404,3,6,1,1,1,1,رضاشهر
7910000000,193,1395,3,6,6,1,1,1,الهیه
12500000000,195,1404,3,4,4,1,1,1,کلاهدوز
7215000000,195,1404,3,5,5,1,1,1,امیریه
9550000000,195,1402,3,4,4,1,1,1,فارغ التحصیلان
10500000000,195,1403,3,6,4,1,1,1,هفت تیر (حافظ)
11000000000,195,1403,3,6,4,1,1,1,حرم مطهر رضوی
9700000000,195,1403,3,6,4,1,1,1,الهیه
14500000000,195,1404,3,6,2,1,1,1,هنرستان
7400000000,195,1404,3,6,6,1,1,1,الهیه
7850000000,195,1402,3,6,4,1,1,1,شهرک رازی (شهرک غرب)
6500000000,150,1400,3,5,2,1,1,1,الهیه
3470000000,85,1387,2,4,2,0,1,1,شهرآرا
950000000,75,1402,2,3,3,0,0,0,حضرت حجت
1850000000,85,1399,2,4,3,0,1,0,گاز
2300000000,80,1404,2,12,5,1,1,1,بلال
1450000000,75,1404,2,1,1,1,1,0,مشهدقلی
2100000000,75,1404,2,4,3,1,1,1,رده
3850000000,95,1399,2,3,3,1,1,1,الهیه
1100000000,85,1390,1,2,0,0,0,1,شترک
7900000000,200,1404,3,6,5,1,1,1,الهیه
4300000000,200,1400,3,7,7,1,1,1,شهرک بهارستان
10500000000,200,1394,3,5,5,1,1,1,دانشجو
9500000000,200,1399,3,4,4,1,1,1,اقبال
8800000000,200,1404,3,5,3,1,1,1,الهیه
9100000000,200,1403,4,6,6,1,1,1,الهیه
9200000000,200,1403,3,6,3,1,1,1,کوی پلیس
12900000000,200,1380,3,1,1,1,1,1,کوه سنگی
6500000000,200,1401,3,3,3,1,1,1,امیر
13800000000,200,1403,3,3,3,1,1,1,گوهرشاد
8400000000,200,1403,3,5,5,1,1,1,الهیه
9000000000,200,1403,3,1,1,1,1,1,الهیه
13400000000,200,1404,3,5,5,1,1,1,رضاشهر
16400000000,205,1398,3,5,5,1,1,1,احمدآباد
8500000000,200,1403,3,6,4,1,1,1,شهرک لشکر (شهرک غرب)
7500000000,200,1403,3,5,4,1,1,1,الهیه
12000000000,200,1403,3,5,5,1,1,1,راه آهن
7380000000,200,1399,4,5,5,1,1,1,جاهد شهر
10000000000,200,1403,3,2,2,1,1,1,الهیه
3950000000,200,1404,3,4,4,1,1,1,شهرک امام هادی (شهرک غرب)
27000000000,200,1404,3,2,2,1,1,1,ملک‌آباد
15900000000,200,1404,3,6,3,1,1,1,آزادشهر
6500000000,205,1404,3,5,3,1,1,1,الهیه
9900000000,205,1404,3,6,2,1,1,1,حسابی جنوبی (شهرک غرب)
13300000000,205,1404,3,6,6,1,1,1,هنرستان
9100000000000,205,1404,3,6,6,1,1,1,شهرک لشکر (شهرک غرب)
11270000000,205,1403,3,6,5,1,1,1,شهید رضوی
11500000000,205,1402,3,6,5,1,1,1,اقبال
5900000000,205,1399,3,7,3,1,1,1,جانباز
12000000000,210,1401,3,6,1,1,1,1,شهید فرامرز عباسی
12400000000,207,1400,3,1,1,1,1,1,ارشاد
12000000000,210,1404,3,2,2,1,1,1,سید رضی
10000000000,210,1393,3,4,1,1,1,1,فردوسی
14600000000,210,1404,3,6,3,1,1,1,سناباد
14700000000,210,1404,3,6,3,1,1,1,آبکوه
11500000000,210,1402,4,5,5,1,1,1,هفت تیر (آب و برق)
100000,210,1403,3,5,2,1,1,1,شاهد (شهرک غرب)
10200000000,210,1396,3,4,4,1,1,1,اقبال
17500000000,210,1392,3,3,3,1,1,1,سجاد شهر
13500000000,210,1399,3,4,2,1,1,1,هفت تیر (حافظ)
27000000000,210,1404,3,2,2,1,1,1,سجاد شهر
8700000000,210,1404,3,5,2,1,1,1,شاهد (شهرک غرب)
10500000000,214,1397,3,1,1,1,1,1,کلاهدوز
11000000000,215,1404,3,5,2,1,1,1,الهیه
23760000000,215,1403,3,6,1,1,1,1,کوثر
9500000000,230,1404,3,7,7,1,1,1,کوی المهدی
10700000000,220,1395,3,2,2,1,1,1,نیروی هوایی
36520000000,220,1403,3,6,6,1,1,1,احمدآباد
15800000000,220,1393,4,4,4,1,1,1,کوثر
12100000000,220,1398,4,5,5,1,1,1,گوهرشاد
14740000000,220,1400,3,2,2,1,1,1,شهید فرامرز عباسی
125000000000,220,1397,3,2,2,1,1,1,هنرستان
5940000000,220,1402,3,5,5,1,0,1,فاطمیه
18700000000,220,1404,3,3,3,1,1,1,وکیل‌آباد
15200000000,220,1392,4,5,4,1,1,1,کوثر
15600000000,225,1404,3,3,3,1,1,1,کلاهدوز
9000000000,230,1403,3,5,4,1,1,1,الهیه
10000000000,230,1404,3,5,5,1,1,1,الهیه
9800000000,230,1402,3,5,4,1,1,1,الهیه
27000000000,230,1404,3,3,3,1,1,1,سجاد شهر
18000000000,230,1404,3,6,3,1,1,1,سناباد
19500000000,230,1401,3,4,4,1,1,1,هنرستان
8600000000,230,1404,3,6,6,1,1,1,الهیه
17000000000,230,1403,3,5,2,1,1,1,نیروی هوایی
16200000000,230,1403,3,6,6,1,1,1,نیروی هوایی
16000000000,230,1403,3,7,6,1,1,1,هنرستان
48000000000,235,1404,3,7,4,1,1,1,سجاد شهر
21000000000,235,1404,3,6,5,1,1,1,راهنمایی
17500000000,235,1395,3,5,1,1,1,1,نیروی هوایی
18800000000,235,1403,3,3,3,1,1,1,هنرستان
15000000000,240,1399,3,6,6,1,1,1,دانشجو
14000000000,240,1404,3,6,4,1,1,1,دانشجو
12000000000,240,1404,3,5,2,1,1,1,الهیه
26060000000,240,1404,4,3,3,1,1,1,هنرستان
11900000000,240,1404,3,6,4,1,1,1,الهیه
10000000000,240,1403,4,6,4,1,1,1,الهیه
13200000000,240,1403,3,0,5,1,1,1,وکیل‌آباد
13500000000,240,1404,3,3,3,1,1,1,کلاهدوز
6500000000,240,1403,3,2,2,1,1,1,امیر
12000000000,250,1403,3,5,4,1,1,1,جاهد شهر
25700000000,250,1403,3,2,2,1,1,1,کوثر
3000000000,250,1397,3,5,4,1,0,1,توس (بلوار توس)
21000000000,255,1403,3,6,2,1,1,1,احمدآباد
19990000000,260,1404,3,5,5,1,1,1,ارشاد
20000000000,260,1404,4,6,2,1,1,1,کوثر
19800000000,260,1403,4,1,1,1,1,1,چهارچشمه
32700000000,270,1400,3,1,1,1,1,1,سجاد شهر
30500000000,270,1400,3,6,4,1,1,1,سجاد شهر
33500000000,280,1399,3,3,3,1,1,1,سجاد شهر
30800000000,280,1404,4,2,2,1,1,1,هنرستان
30000000000,280,1404,3,4,4,1,1,1,سجاد شهر
33000000000,280,1404,4,4,4,1,1,1,هنرستان
34200000000,285,1403,4,6,6,1,1,1,سجاد شهر
34560000000,290,1402,4,6,2,1,1,1,سجاد شهر
33500000000,289,1404,4,6,3,1,1,1,سجاد شهر
34200000000,285,1400,4,3,3,1,1,1,سجاد شهر
2300000000,85,1393,2,4,3,0,1,1,عبادی
1800000000,90,1403,2,5,0,1,1,1,پنجتن
3800000000,110,1394,2,3,3,0,1,1,فرهنگیان (شهرک غرب)
1840000000,90,1393,2,3,3,0,1,0,کوی المهدی
3450000000,110,1401,2,3,3,1,1,1,وکیل‌آباد
5800000000,160,1394,2,4,4,1,1,0,کارگران
6200000000,115,1390,2,4,4,1,1,1,هنرستان
2800000000,73,1387,2,3,2,0,1,1,چهارچشمه
1750000000,75,1402,2,3,3,0,0,1,گلشور
1400000000,105,1404,2,5,4,0,0,0,سپاد
14000000000,150,1404,3,4,4,1,1,1,امام رضا (ع)
6000000000,141,1401,3,5,5,1,1,1,الهیه
13500000000,180,1400,3,4,4,1,1,1,رضاشهر
13500000000,300,1404,4,7,7,1,1,1,الهیه
28500000000,300,1402,3,6,6,1,1,1,کوثر
24000000000,310,1403,3,6,1,1,1,1,کوثر
59000000000,303,1404,4,6,4,1,1,1,سجاد شهر
32000000000,310,1401,4,6,6,1,1,1,سجاد شهر
27900000000,310,1404,3,3,3,1,1,1,سجاد شهر
35000000000,310,1403,4,3,3,1,1,1,سجاد شهر
50000000000,312,1402,4,4,4,1,1,1,احمدآباد
33000000000,312,1404,3,3,3,1,1,1,سجاد شهر
32000000000,315,1401,4,6,5,1,1,1,سجاد شهر
32000000000,320,1404,4,4,4,1,1,1,رضاشهر
38000000000,321,1403,4,6,5,1,1,1,سجاد شهر
36000000000,330,1404,4,5,5,1,1,1,کوثر
45000000000,350,1404,4,4,4,1,1,1,سجاد شهر
42000000000,365,1398,4,6,5,1,1,1,سجاد شهر
26650000000,365,1392,3,3,3,1,1,1,کوه سنگی
45000000000,375,1403,4,6,5,1,1,1,سجاد شهر
6800000000,125,1390,3,5,3,1,1,1,سید رضی
7800000000,170,1403,3,6,4,1,1,1,رضاشهر
7750000000,158,1385,3,3,3,0,1,1,احمدآباد
8500000000,140,1393,3,2,2,1,1,1,هنرستان
7400000000,152,1395,3,5,1,1,1,1,دانشجو
10750000000,150,1388,3,4,2,1,1,1,هنرستان
9200000000,140,1404,3,5,5,1,1,1,هفت تیر (حافظ)
9100000000,140,1404,3,5,1,1,1,1,شریف
9300000000,143,1404,3,5,5,1,1,1,هنرستان
5760000000,115,1402,3,4,4,1,1,1,شهرک لشکر (شهرک غرب)
18720000000,144,1404,3,3,3,1,1,1,سجاد شهر
5700000000,126,1390,3,4,1,1,1,1,سرافرازان
5880000000,146,1398,3,5,5,1,1,1,الهیه
15500000000,170,1404,3,6,5,1,1,1,احمدآباد
20000000000,175,1404,3,6,5,1,1,1,هنرستان
5400000000,125,1390,2,3,3,0,1,0,شهرک بهارستان
8400000000,210,1392,4,5,5,1,1,1,راه آهن
350000000,40,1404,1,2,1,0,0,0,شهید قربانی
9200000000,300,1396,3,5,1,1,1,1,الهیه
50000000000,438,1404,4,7,4,1,1,1,سجاد شهر
1350000000,45,1400,1,2,0,0,0,1,شهید بهشتی
9500000000,210,1403,4,6,4,1,1,1,الهیه
12000000000,180,1390,3,5,4,1,1,1,کوثر
1660000000,50,1382,1,1,1,0,0,0,الهیه
1400000000,50,1385,1,3,3,0,0,1,الهیه
900000000,50,1403,1,1,1,0,0,0,حضرت حجت
970000000,50,1395,1,7,3,0,1,0,یوسفیه (شهرک غرب)
750000000,50,1394,1,4,4,0,0,0,یوسفیه (شهرک غرب)
550000000,50,1403,1,2,2,0,0,0,شهید بصیر
1300000000,50,1389,1,3,1,0,0,0,شهرک بهارستان
750000000,50,1403,1,4,3,0,0,1,شهید معقول
1190000000,50,1395,1,4,4,0,1,1,هنرور
2500000,50,1380,1,2,2,0,0,0,خرمشهر
1590000000,50,1382,1,2,2,0,1,0,حجاب (شهرک غرب)
1840000000,50,1385,1,0,0,0,1,0,جاهد شهر
1340000000,50,1392,1,3,0,0,0,1,شهید مطهری
650000000,50,1394,1,1,1,0,0,1,بهمن
1900000000,50,1390,1,3,3,0,1,0,الهیه
1900000000,50,1386,1,0,0,0,0,0,الهیه
860000000,50,1398,1,5,1,0,0,1,یوسفیه (شهرک غرب)
1700000000,50,1387,1,2,0,0,0,0,الهیه
680000,50,1404,1,3,1,0,0,0,نوده
890000000,50,1402,1,3,1,0,0,0,طبرسی شمالی
495000000,50,1403,1,1,1,0,0,0,طبرسی شمالی
1050000000,50,1404,1,1,1,0,0,0,کوی ولیعصر
910000000,50,1400,1,3,1,0,0,1,طبرسی شمالی
1390000000,50,1380,1,1,1,0,1,0,حجاب (شهرک غرب)
800000000,50,1400,1,2,2,0,0,1,توس (بلوار توس)
2050000000,50,1390,1,3,0,0,1,1,حسین‌آباد
850000000,50,1395,1,4,0,0,0,1,شهرک امام هادی (شهرک غرب)
1550000000,50,1400,1,3,3,0,0,0,امیر
950000000,50,1395,1,5,1,0,0,1,یوسفیه (شهرک غرب)
640000000,50,1402,1,4,4,0,0,1,حضرت حجت
890000000,50,1404,1,4,2,0,0,0,کوی المهدی
940000000,50,1390,1,3,0,0,0,1,توس (بلوار توس)
650000000,50,1390,1,4,4,0,0,1,طبرسی شمالی
800000000,50,1403,1,1,1,0,0,0,شهید قربانی
2100000000,50,1385,1,3,3,0,0,0,شهرک رازی (شهرک غرب)
1150000000,40,1404,0,5,5,1,0,1,فدک
1200000000,51,1403,1,2,2,1,0,0,نوید
1220000000,52,1402,1,3,3,0,0,1,حسین‌آباد
130000000000,520,1404,4,4,4,1,1,1,ملک‌آباد
2450000,53,1388,1,3,3,0,1,1,شهید بهشتی
3850000000,53,1394,1,7,3,1,1,0,کوه سنگی
4200000000,52,1390,2,6,0,1,1,1,امام رضا (ع)
2200000000,54,1387,1,1,1,0,0,0,جلالیه
780000000,55,1397,1,2,2,0,0,1,توس (بلوار توس)
1250000000,55,1401,1,3,3,0,0,1,شهرک بهارستان
1540000000,55,1404,1,3,3,0,0,1,نکاح
950000000,50,1397,1,2,1,0,1,0,یوسفیه (شهرک غرب)
700000000,55,1400,1,3,3,0,0,1,حضرت حجت
605000000,55,1395,1,1,1,0,0,1,حضرت حجت
1350000000,55,1392,1,1,1,0,0,0,طلاب
1650000000,55,1395,1,0,0,0,0,0,جانباز
980000000,55,1399,1,0,0,0,0,0,حضرت حجت
900000000,55,1393,1,3,0,0,0,0,نوید
1980000000,55,1385,2,1,1,0,1,0,الهیه
770000,55,1396,1,4,4,0,0,1,کشف
2380000000,55,1384,1,4,1,0,1,0,شهرک رازی (شهرک غرب)
1160000000,55,1401,1,1,1,0,0,1,شهرک بهارستان
560000000,55,1398,1,3,2,0,0,1,نوده
780000000,55,1398,1,4,3,0,0,0,حضرت حجت
750000000,55,1404,1,0,0,0,1,1,طبرسی شمالی
550000000,55,1402,1,1,1,0,0,0,نوده
1690000000,50,1385,1,2,2,0,1,1,الهیه
4400000000,55,1380,1,4,1,0,1,1,حرم مطهر رضوی
640000000,55,1404,1,1,1,0,0,1,حضرت حجت
1070000000,55,1401,1,2,2,0,0,0,شهرک بهارستان
820000000,55,1393,1,4,3,0,0,1,شهرک امام هادی (شهرک غرب)
1500000000,55,1390,1,0,0,0,0,0,شهید مطهری
2400000000,56,1388,1,3,3,1,1,0,جاهد شهر
1900000000,56,1390,1,4,3,0,1,1,امیریه
1599000000,58,1381,2,3,1,0,1,0,حجاب (شهرک غرب)
1450000000,58,1382,1,3,3,0,0,0,حجاب (شهرک غرب)
1190000000,60,1398,1,4,4,0,0,0,نکاح
6800000000,60,1403,1,3,3,1,1,0,سراب
5800000000,60,1393,1,4,3,1,1,1,دانش
910000000,60,1400,1,1,1,0,0,1,طبرسی شمالی
1500000000,60,1393,1,0,0,0,1,1,طبرسی شمالی
880000000,60,1403,1,4,2,0,0,0,شهید قربانی
2650000000,60,1384,2,3,3,0,1,1,رضاشهر
950000000,60,1395,2,1,1,0,0,0,یوسفیه (شهرک غرب)
1100000000,60,1401,1,4,4,0,0,0,یوسفیه (شهرک غرب)
855000000,60,1394,1,4,4,0,0,1,یوسفیه (شهرک غرب)
870000000,60,1403,1,3,1,0,0,1,شهید بصیر
2050000000,60,1392,1,4,1,0,0,1,سرافرازان
1450000000,60,1400,1,2,2,0,0,0,گلبرگ شمالی
930000000,60,1400,1,4,0,0,0,1,حضرت حجت
1380000000,60,1401,1,3,3,0,0,1,ایثارگران
860000000,60,1395,1,5,0,0,0,0,ایثارگران
750000000,60,1395,1,0,0,0,0,1,حضرت حجت
1300000000,60,1390,1,0,0,0,0,0,ایثارگران
1500000000,60,1396,1,1,1,0,0,0,گلبرگ
950000000,60,1393,1,3,3,0,0,0,یوسفیه (شهرک غرب)
1100000000,60,1401,1,1,1,0,0,0,شهرک بهارستان
950000000,60,1402,1,3,3,0,0,0,وحید
1330000000,60,1399,2,9,4,1,0,0,طبرسی شمالی
1600000000,60,1397,1,1,1,0,0,0,سپاد
1250000000,55,1395,1,3,1,0,0,1,شهرک بهارستان
795000000,60,1402,1,3,3,0,0,1,کشف
1150000000,60,1404,1,4,0,0,0,0,نظام دوست
3850000000,60,1395,1,5,5,1,1,1,آبادگران
1110000000,60,1404,1,0,0,0,0,0,رستگار
1600000000,61,1380,2,3,1,0,1,0,حجاب (شهرک غرب)
2580000000,62,1389,2,4,1,0,1,1,حسابی جنوبی (شهرک غرب)
2418000000,62,1385,1,1,1,0,1,0,عبادی
1650000000,62,1396,1,2,2,0,0,0,گلبرگ
2340000000,63,1394,1,1,1,0,1,1,مشکینی (شهرک غرب)
1450000000,65,1403,1,4,4,1,1,1,طبرسی شمالی
1200000000,65,1400,1,3,3,0,0,1,فاطمیه
1300000000,65,1403,1,1,1,0,0,0,وحید
1600000000,65,1390,1,2,1,0,0,0,شفا
1750000000,65,1385,1,3,1,0,0,0,هفده شهریور
1450000000,65,1401,1,4,2,0,0,1,فاطمیه
1250000000,65,1403,1,3,3,0,0,1,فاطمیه
1250000000,65,1389,1,4,0,0,0,1,ایثارگران
1250000000,65,1404,1,3,3,1,1,1,حضرت حجت
12500000000,65,1390,1,2,2,0,0,0,رستگار
1350000000,65,1402,1,2,1,0,0,1,طلاب
1649000000,65,1404,2,7,3,1,0,0,میعاد (شهرک غرب)
1350000000,65,1397,1,0,0,0,0,0,موسوی قوچانی
1150000000,65,1394,1,4,4,0,0,0,ایثارگران
2530000000,65,1382,2,4,4,0,1,0,هفت تیر (حافظ)
1050000000,65,1404,1,2,2,0,1,1,منزل آباد
1650000000,65,1400,1,3,3,1,1,0,بلال
1280000000,1280000000,1397,1,3,2,0,0,1,ایثارگران
1900000000,65,1400,1,3,1,0,0,0,کوه سنگی
1700000000,65,1390,1,3,3,0,1,1,عبادی
1900000000,65,1381,1,1,1,0,0,1,خواجه ربیع
2240000000,65,1395,2,3,3,0,1,1,حسین‌آباد
1730000000,65,1397,2,1,1,1,0,1,یوسفیه (شهرک غرب)
1100000000,65,1395,1,0,0,0,0,0,شهرک امام هادی (شهرک غرب)
675000000,65,1404,2,3,0,0,0,1,علی آباد
1030000000,65,1401,1,3,2,0,0,1,هفت تیر (نه دره)
970000000,65,1401,1,4,4,0,0,1,طبرسی شمالی
1220000000,65,1400,1,1,1,0,1,1,بهمن
1150000000,65,1399,1,2,2,0,0,1,طبرسی شمالی
790000000,65,1402,2,3,3,0,0,1,طبرسی شمالی
1800000000,65,1400,1,2,2,1,1,1,یوسفیه (شهرک غرب)
1300000000,65,1404,1,5,0,1,0,0,ایثارگران
8200000000,65,1397,1,6,6,1,1,0,حرم مطهر رضوی
870000000,65,1395,1,3,2,0,0,0,نوید
800000000,65,1401,1,3,0,0,0,1,علی آباد
1750000000,65,1396,1,3,3,1,1,1,موسوی قوچانی
1349000000,65,1395,1,3,3,0,0,0,انقلاب
2800000000,65,1386,2,3,3,0,1,1,شهرآرا
1800000000,65,1401,1,3,0,0,0,1,گاز
1430000000,65,1395,2,4,4,1,0,1,یوسفیه (شهرک غرب)
1290000000,66,1398,1,2,2,0,0,1,ایثارگران
1750000000,67,1390,2,3,3,1,0,0,کوشش
2380000000,67,1388,2,4,3,0,1,1,شاهد (شهرک غرب)
2350000000,67,1396,2,3,3,0,1,1,هدایت
2380000000,67,1398,2,1,1,0,1,0,حسین‌آباد
1410000000,67,1388,2,3,3,0,0,0,یاس
2200000000,67,1394,1,2,2,0,1,1,سرافرازان
3400000000,68,1394,2,4,1,1,1,1,امام رضا (ع)
1600000000,68,1388,1,3,2,0,0,0,شهرک لشکر (شهرک غرب)
98000000000,1070,1404,3,5,5,1,1,1,فرهنگ
2400000000,160,1377,1,3,2,0,0,1,نوده
900000000,70,1393,1,3,1,0,0,0,حضرت حجت
790000000,70,1387,1,1,1,0,0,1,طبرسی شمالی
2500000000,70,1384,2,4,4,0,1,1,امام رضا (ع)
1300000000,70,1392,1,3,3,0,0,0,یوسفیه (شهرک غرب)
2230000000,70,1404,1,2,2,0,0,0,شهید بهشتی
2080000000,70,1403,1,1,1,0,1,1,طلاب
5200000000,70,1388,2,2,2,1,1,1,هنرستان
3295000000,70,1392,1,3,3,1,1,1,شهرآرا
1600000000,70,1390,1,2,1,0,0,0,عبادی
1400000000,70,1404,2,2,2,1,1,0,مشکینی (شهرک غرب)
1550000000,70,1400,1,3,3,0,1,0,شهرک مهر آباد
860000000,70,1390,1,2,1,0,0,0,مهدی آباد (بلوار توس)
2250000000,70,1385,2,4,2,0,0,0,الهیه
1990000000,70,1387,2,2,2,0,1,1,جاهد شهر
1050000000,70,1403,2,3,1,0,0,1,دوست آباد
1300000000,70,1404,2,1,1,0,0,1,نظام دوست
1400000000,70,1395,1,3,3,0,1,1,قائم
5200000000,70,1389,2,4,2,1,1,1,هنرستان
900000000,70,1398,1,3,3,0,0,1,حضرت حجت
1150000000,70,1404,1,2,2,0,0,1,شهرک امام هادی (شهرک غرب)
3300000000,70,1392,2,3,3,1,1,1,شهرآرا
1700000000,70,1387,2,4,1,0,1,0,الهیه
1650000000,70,1400,2,4,2,0,0,0,فدک
1380000000,70,1395,1,2,2,0,0,0,امیر
2700000000,70,1395,1,0,0,1,0,0,چهارچشمه
900000000,70,1399,1,3,2,0,0,1,منزل آباد
1400000000,70,1392,1,3,3,0,0,1,سمزقند
1850000000,70,1400,1,0,0,0,1,1,طلاب
3100000000,70,1392,2,4,3,1,0,1,سمزقند
4690000000,70,1404,1,1,1,1,1,1,رضاشهر
1450000000,70,1397,1,1,1,0,0,0,شهرک بهارستان
1550000000,70,1402,1,5,0,1,0,0,کوی سیدی
1520000000,70,1400,2,3,3,1,1,0,توس (بلوار توس)
1850000000,70,1385,2,3,3,0,1,0,الهیه
1120000000,70,1396,2,4,3,0,0,0,نوید
1670000000,70,1394,2,2,2,0,0,0,شفا
2350000000,70,1390,2,4,3,1,1,1,امیر
1300000000,70,1404,2,2,2,1,1,1,کریم آباد
850000000,70,1401,1,3,3,0,0,0,حضرت حجت
5200000000,70,1385,1,4,2,1,1,0,آیت الله خامنه‌ای
1800000000,70,1395,2,2,2,0,0,0,فاطمیه
560000000,65,1404,1,1,1,0,0,1,نوده
1900000000,70,1404,1,5,4,1,0,1,عبادی
1700000000,70,1404,1,5,2,1,0,1,بالا خیابان
890000000,70,1404,1,1,1,0,0,1,شهید بصیر
1150000000,70,1400,2,1,1,0,0,0,شهرک امام هادی (شهرک غرب)
2970000000,70,1384,2,4,3,0,1,1,آبکوه
3550000000,71,1383,2,1,1,0,1,1,شهرآرا
4270000000,72,1384,2,4,2,1,1,1,دانشجو
2200000000,72,1385,2,4,4,0,1,0,الهیه
1810000000,72,1383,1,4,3,0,1,0,الهیه
2300000000,72,1384,2,1,1,0,1,1,الهیه
2400000000,72,1379,2,3,3,0,1,0,الهیه
1820000000,72,1394,2,4,1,0,0,0,گلبرگ
2120000000,72,1388,2,1,1,0,1,1,الهیه
4900000000,72,1383,2,4,1,0,1,1,فرهنگ
4120000000,72,1383,2,4,4,1,1,1,صیاد شیرازی
1690000000,72,1388,1,3,3,0,0,1,شهید مطهری
2450000000,73,1387,2,3,3,0,1,1,جاهد شهر
3100000000,74,1380,1,4,3,0,1,1,تربیت (صدف)
3950000000,74,1386,2,4,1,0,1,1,آبکوه
2600000000,74,1390,2,4,2,1,0,0,سعد آباد
2300000000,74,1398,2,3,3,1,1,0,قائم
3400000000,75,1386,2,2,2,0,1,1,هفت تیر (آب و برق)
1600000000,75,1397,2,4,2,1,1,0,بهمن
2350000000,75,1387,2,4,4,0,1,1,شهرک رازی (شهرک غرب)
2850000000,75,1397,2,5,3,1,1,1,جاهد شهر
2650000000,75,1390,2,5,5,1,1,1,جاهد شهر
3300000000,65,1386,1,4,0,0,1,0,شهرک رازی (شهرک غرب)
1330000000,75,1398,2,4,2,1,1,1,حضرت حجت
1530000000,75,1400,1,1,1,0,0,1,یوسفیه (شهرک غرب)
4100000000,75,1389,3,4,2,0,1,1,خرمشهر
2350000000,75,1392,2,4,2,1,1,1,جاهد شهر
1280000000,75,1403,2,5,1,1,0,0,حضرت حجت
2250000000,75,1397,2,4,4,1,1,1,امیر
2400000000,75,1389,2,3,2,0,1,1,جاهد شهر
2200000000,75,1391,2,4,4,1,0,1,میعاد (شهرک غرب)
1900000000,75,1395,2,5,0,0,0,1,سرافرازان
1050000000,80,1400,1,3,1,0,0,0,همت آباد
2450000000,75,1389,2,3,2,0,1,1,میعاد (شهرک غرب)
2550000,75,1391,2,3,3,0,1,1,نرگس (شهرک غرب)
3050000000,75,1384,2,4,2,0,1,1,شهید مطهری
1250000000,75,1401,1,2,2,0,1,1,نظام دوست
1120000000,75,1399,1,1,1,0,0,1,کشف
1820000000000,75,1398,1,1,1,0,0,1,محمدآباد
2620000000,75,1385,2,4,3,0,1,1,فرهنگیان (شهرک غرب)
1050000000,75,1398,2,2,0,0,0,1,کشف
5950000000,75,1400,2,6,2,1,1,1,امام رضا (ع)
2200000000,75,1386,2,4,4,0,1,1,جاهد شهر
1850000000,75,1397,2,0,0,0,0,1,مشکینی (شهرک غرب)
1850000000,75,1390,1,3,1,0,0,0,شهید مطهری
1200000000,75,1401,2,3,3,0,0,1,توس (بلوار توس)
3900000000,75,1387,2,4,4,0,1,1,سراب
2850000000,75,1389,2,4,4,0,1,1,اقبال
3150000000,75,1386,2,3,2,0,1,1,شهرک رازی (شهرک غرب)
1980000000,75,1404,2,2,2,1,1,1,کوی المهدی
1850000000,80,1396,2,3,0,0,0,1,نکاح
800000000,75,1401,1,0,0,0,0,1,کشف
2750000000000,75,1396,2,5,5,1,1,1,جاهد شهر
2850000000,80,1393,2,4,4,1,0,1,ادیب نیشابوری (شهرک غرب)
4200000000,75,1384,2,4,2,1,1,1,هفت تیر (آب و برق)
2400000000,75,1387,2,4,4,0,1,0,شهرک رازی (شهرک غرب)
2700000000,75,1375,1,3,3,0,1,1,کارمندان دوم
2400000000,75,1392,2,4,2,1,0,0,ادیب نیشابوری (شهرک غرب)
2500000000,75,1385,2,3,3,0,1,0,شهرک رازی (شهرک غرب)
3000000000,75,1404,2,4,3,0,0,1,امام خمینی
5500000000,75,1394,2,2,2,1,1,0,سراب
1300000000,75,1400,2,4,0,1,1,1,حضرت حجت
1510000000,75,1397,1,4,3,0,0,0,شهرک بهارستان
3520000000,75,1393,2,2,2,0,1,1,هفت تیر (حافظ)
2080000000,75,1390,2,4,2,0,0,1,مشکینی (شهرک غرب)
2100000000,75,1396,2,5,5,1,1,1,موسوی قوچانی
1300000000,80,1398,2,3,3,0,0,0,سپاد
1250000000,75,1396,2,2,1,0,0,1,هفت تیر (نه دره)
2450000000,75,1387,2,4,2,1,1,1,صیاد شیرازی
1590000000,75,1395,2,3,3,0,0,1,ایثارگران
2160000000,75,1393,2,4,4,1,1,1,امیر
1980000000,75,1385,2,2,2,0,0,1,الهیه
4450000000,75,1390,2,4,4,1,1,1,سید رضی
1330000000,75,1399,1,7,7,1,0,1,فدک
2400000000000,75,1404,2,6,6,1,1,1,مشکینی (شهرک غرب)
2400000000,75,1404,2,4,4,1,1,1,مشکینی (شهرک غرب)
1400000000,75,1399,1,2,2,0,0,1,رده
2020000000,75,1396,2,3,2,0,0,0,مشکینی (شهرک غرب)
2800000000,75,1385,2,4,2,0,1,1,فرهنگیان (شهرک غرب)
2900000000,75,1386,2,3,2,0,1,1,گلبرگ
3195000000,75,1387,2,2,2,0,1,1,فرهنگیان (شهرک غرب)
3500000000,75,1391,2,2,2,0,1,1,آبکوه
2790000000,75,1392,2,3,2,0,1,1,نرگس (شهرک غرب)
1700000000,75,1385,1,4,0,0,0,0,نظام دوست
2050000000,75,1395,2,1,1,1,0,0,شهرک رازی (شهرک غرب)
2200000000,75,1385,2,4,2,0,1,1,حجاب (شهرک غرب)
3700000000,75,1385,2,1,1,1,1,1,هفت تیر (حافظ)
970000000,75,1402,1,4,0,0,0,1,علی آباد
2750000000,75,1388,2,3,3,0,1,1,نیروی هوایی
1730000000,75,1390,1,0,0,0,0,1,رستگار
1270000000,75,1400,1,1,1,1,0,1,پورسینا
1780000000,75,1393,1,1,1,0,0,1,وکیل‌آباد
1450000000,75,1396,1,3,3,0,1,1,حضرت حجت
3000000000,75,1389,2,3,3,0,1,1,سرافرازان
1250000000,75,1389,1,0,0,0,0,0,توس (بلوار توس)
465000000,75,1404,2,4,4,0,0,0,طبرسی شمالی
2800000000,75,1385,2,4,4,0,1,1,هفت تیر (حافظ)
1850000000,75,1402,2,3,3,1,1,1,پنجتن
1080000000,70,1403,2,4,2,0,0,1,طبرسی شمالی
2000000000,75,1404,2,5,1,1,0,0,ایثار
2800000000,75,1390,2,4,4,0,1,1,هفت تیر (حافظ)
2200000000,75,1404,2,3,3,1,1,1,امیر
2200000000,75,1386,2,4,4,0,1,1,شهرک رازی (شهرک غرب)
830000000,75,1403,1,2,2,0,0,1,نوده
3500000000,75,1390,1,1,1,1,0,0,نیروی هوایی
1250000000,75,1401,2,4,4,0,0,0,نوید
2800000000,75,1389,2,3,3,0,1,1,میعاد (شهرک غرب)
3320000000,75,1385,2,4,1,1,1,1,هفت تیر (آب و برق)
2100000000,75,1388,1,1,1,0,0,0,میعاد (شهرک غرب)
1400000000,75,1400,1,4,2,0,0,1,طبرسی شمالی
3580000000,75,1398,2,2,2,0,1,1,هفت تیر (حافظ)
3250000000,75,1387,2,3,3,0,1,1,صیاد شیرازی
2600000000,75,1397,1,3,0,0,1,1,حسین‌آباد
1700000000,75,1395,2,4,4,0,0,1,هنرور
2200000000,75,1401,1,4,4,1,1,0,گاز
920000000,75,1404,2,4,4,1,0,1,مهدی آباد (بلوار توس)
3000000000,75,1392,2,2,2,0,1,1,چهارچشمه
3750000000,76,1384,2,2,2,0,1,1,رضاشهر
3200000000,76,1402,2,3,3,1,1,1,سعد آباد
1650000000,76,1404,2,2,2,0,1,0,چاهشک
2450000000,76,1387,2,4,2,0,1,1,حجاب (شهرک غرب)
2710000000,76,1385,2,1,1,0,1,1,الهیه
3300000000,77,1392,1,6,1,1,1,1,سمزقند
2980000000,77,1376,2,4,0,0,1,1,حجاب (شهرک غرب)
2050000000,77,1397,2,5,5,1,1,1,رستگار
3398000000,77,1390,2,4,2,1,1,1,فرهنگیان (شهرک غرب)
3200000000,77,1389,2,2,2,0,1,1,شهرک رازی (شهرک غرب)
3250000000,77,1380,2,4,1,0,1,1,هفت تیر (حافظ)
1900000000,78,1394,1,0,0,0,1,1,گاز
4000000000,78,1391,2,1,1,0,1,1,سعد آباد
1000000000,78,1401,2,4,2,0,0,1,توس (بلوار توس)
3000000000,78,1397,2,10,10,1,1,1,بهارستان
2350000000,78,1385,2,3,3,0,1,1,وکیل‌آباد
2200000,78,1390,2,2,2,0,0,1,اقبال
2820000000,78,1387,2,3,3,0,1,1,فرهنگیان (شهرک غرب)
1750000000,78,1391,1,3,3,0,0,1,طلاب
2750000000,78,1390,2,4,3,1,1,0,الهیه
2950000000,78,1385,2,3,3,0,1,1,فارغ التحصیلان
2970000000,78,1397,2,4,2,1,1,1,جاهد شهر
2850000000,78,1382,2,4,2,0,1,1,هفت تیر (حافظ)
3200000000,78,1395,2,4,2,1,1,1,هفت تیر (نه دره)
910000000,78,1392,2,3,3,1,1,1,بهاران
3000000000,78,1395,2,10,10,1,1,1,بهارستان
1840000000,78,1396,2,5,5,1,1,1,سیس‌آباد
3500000000,78,1385,2,3,3,0,1,1,دانشجو
2200000000,79,1381,2,3,3,0,1,1,حجاب (شهرک غرب)
3300000000,79,1397,2,2,2,1,1,1,امیر
5200000000,79,1390,2,4,2,1,1,1,آیت الله خامنه‌ای
4000000000,79,1386,2,1,1,1,1,1,صیاد شیرازی
4120000000,79,1387,2,4,2,0,1,1,آبکوه
35000000000,560,1400,4,4,3,1,1,0,سراب
730000000,80,1404,2,4,3,0,1,1,طبرسی شمالی
4400000000,80,1381,2,4,0,0,0,1,آزادشهر
3800000000,80,1387,2,2,2,0,1,1,هفت تیر (حافظ)
2250000000,80,1400,2,3,3,0,0,0,اقبال
2830000000,80,1384,2,4,1,0,1,0,نرگس (شهرک غرب)
2100000000,80,1388,2,4,4,0,1,1,شهرآرا
950000000,80,1400,1,3,1,0,0,1,فریزی
1440000000,80,1404,2,2,2,0,1,1,کشف
1850000000,80,1396,1,0,0,0,1,1,هنرور
2150000000,80,1394,2,1,1,0,0,1,طلاب
3300000000,80,1386,2,4,4,0,1,1,دانشجو
4400000000,80,1404,2,5,1,1,1,1,هفت تیر (نه دره)
2600000000,80,1396,1,0,0,0,1,0,حسین‌آباد
4000000000,80,1394,2,4,1,1,1,1,نیروی هوایی
2500000000,80,1390,2,4,4,0,1,0,نکاح
3600000000,80,1388,2,4,3,0,1,1,هفت تیر (آب و برق)
2450000000,80,1387,2,4,4,0,1,1,شهرک رازی (شهرک غرب)
1950000000,80,1401,2,4,4,0,0,0,رستگار
2000000000,80,1400,2,3,3,0,1,0,نکاح
1800000000,80,1403,2,2,2,1,1,1,فدک
4000000000,80,1385,1,3,3,0,1,1,هفت تیر (حافظ)
2320000000,80,1390,1,3,2,0,1,1,گاز
2080000000,80,1390,2,1,1,0,0,0,شهرک رازی (شهرک غرب)
2590000000,80,1392,2,3,3,0,1,1,الهیه
4700000000,80,1387,2,4,1,1,1,1,دانشجو
3100000000,80,1387,2,0,0,1,1,1,شهرآرا
2200000000,80,1395,2,1,1,1,1,1,قائم
6350000000,80,1404,2,3,3,1,1,1,امام رضا (ع)
2800000000,80,1393,2,2,2,0,1,1,فرهنگیان (شهرک غرب)
1260000000,80,1396,2,3,3,0,0,0,توس (بلوار توس)
3100000000,80,1393,2,2,2,1,1,1,الهیه
1220000000,80,1401,1,5,5,1,0,1,توس (بلوار توس)
2560000000,80,1400,2,5,1,0,0,1,شهید مطهری
3000000000,80,1385,2,4,4,0,1,1,رضاشهر
500000000,80,1404,1,4,4,0,0,1,طبرسی شمالی
2340000000,80,1393,2,3,3,0,1,1,طلاب
2580000000,80,1398,2,4,2,1,0,1,گلشور
2750000000,80,1386,2,3,3,0,1,1,عبادی
5000000000,80,1388,2,4,3,1,1,1,آزادشهر
1800000000,80,1390,2,4,2,0,0,0,یاس
1350000000,80,1396,1,2,2,0,0,1,قائم
3400000000,80,1395,2,3,3,1,1,1,الهیه
1130000000,80,1400,2,5,5,1,1,1,آبکوه
5400000000,80,1387,2,1,1,0,1,1,کوثر
2800000000,80,1390,2,4,1,0,1,1,فرهنگیان (شهرک غرب)
1950000000,80,1393,2,3,2,0,0,0,مشکینی (شهرک غرب)
1800000000,80,1395,2,2,2,0,0,0,شفا
1400000000,80,1395,1,3,2,0,0,1,کوی سیدی
2600000000,80,1380,1,2,2,0,1,1,حجاب (شهرک غرب)
2540000000,80,1386,2,4,2,0,1,1,حجاب (شهرک غرب)
2750000000,80,1389,2,3,3,0,1,1,جاهد شهر
4550000000,82,1392,2,1,1,1,1,1,چهارچشمه
1230000000,80,1399,1,0,0,0,1,0,نوید
2350000000,85,1404,2,2,2,1,1,1,مشکینی (شهرک غرب)
1150000000,80,1395,1,3,3,0,0,0,توس (بلوار توس)
850000000,80,1399,1,1,1,0,0,1,مهدی آباد (بلوار توس)
750000000,80,1401,1,1,1,0,0,1,مهدی آباد (بلوار توس)
1450000000,80,1390,1,2,2,0,0,1,یوسفیه (شهرک غرب)
3050000000,76,1385,2,4,1,0,1,1,شهرآرا
2400000000,73,1396,2,1,1,1,1,1,امیریه
2600000000,80,1404,2,5,5,1,0,1,طلاب
2180000000,80,1404,2,1,1,1,1,1,فدک
2800000000,80,1394,2,0,0,1,1,1,الهیه
2400000000,80,1402,1,6,6,1,0,0,شهید مطهری
830000000,80,1404,2,3,3,0,0,1,نظام دوست
3300000000,80,1388,2,1,1,1,1,1,هفت تیر (حافظ)
2200000000,80,1388,2,2,1,0,0,0,صیاد شیرازی
4700000000,80,1385,2,3,1,0,1,1,کوثر
5250000000,80,1387,2,3,2,0,1,1,هنرستان
2850000000,85,1395,2,4,4,1,0,1,ایثار
2900000000,80,1385,2,4,4,0,1,0,شهید فرامرز عباسی
3300000000,80,1393,2,3,2,1,1,1,استاد یوسفی (شهرک غرب)
24500000000,81,1404,2,7,6,1,1,1,جانباز
2600000000,81,1395,2,4,3,0,1,0,الهیه
3000000000,81,1390,2,4,0,0,1,1,مقدم
2100000000,82,1404,1,6,0,1,0,0,امیر
2400000000,82,1396,2,3,3,0,1,1,حجاب (شهرک غرب)
3300000000,82,1384,2,3,3,0,0,1,امام خمینی
3400000000,82,1397,2,4,4,1,0,1,خرمشهر
2500000000,82,1395,2,2,1,0,1,0,رضاییه
4000000000,82,1387,2,2,2,0,1,1,شریف
1000,82,1385,2,3,3,0,1,1,حسابی جنوبی (شهرک غرب)
3850000000,82,1394,2,3,3,1,1,1,حسابی جنوبی (شهرک غرب)
8200000000,82,1403,2,4,4,1,1,1,سجاد شهر
4050000000,82,1404,2,2,2,1,1,1,شهرک لشکر (شهرک غرب)
4100000000,82,1388,2,1,1,0,1,1,کوثر
5300000000,83,1383,2,4,2,1,1,1,دانشجو
4600000000,83,1396,2,1,1,1,1,1,آزادشهر
4900000000,83,1386,2,4,1,1,1,1,دانشجو
3550000000,83,1384,2,4,3,0,1,1,نیروی هوایی
2260000000,83,1378,2,2,2,0,1,0,شهرک رازی (شهرک غرب)
3650000000,83,1398,2,5,2,1,1,1,جاهد شهر
3150000000,83,1384,2,4,3,1,1,1,هفت تیر (حافظ)
4000000000,83,1390,2,2,2,1,1,1,صیاد شیرازی
3500000000,83,1384,2,4,4,0,1,1,رضاشهر
3800000000,83,1388,2,1,1,0,1,1,نیروی هوایی
4850000000,84,1386,2,4,1,0,1,1,شریف
4600000000000,84,1404,2,4,3,1,1,1,شاهد (شهرک غرب)
2350000000,84,1399,2,4,4,1,1,1,امیر
4250000000,84,1387,2,2,2,0,1,0,هفت تیر (آب و برق)
1530000000,85,1404,2,2,2,0,1,1,کشف
1370000000,85,1398,2,3,3,1,1,1,کشف
2300000000,85,1402,2,4,2,0,1,0,هفت تیر (نه دره)
3480000000,85,1390,2,4,3,1,1,1,حسابی جنوبی (شهرک غرب)
4900000000,85,1402,2,6,1,1,1,1,الهیه
4350000000,85,1394,2,3,1,0,1,1,رضاشهر
1450000000,85,1402,2,3,2,1,1,1,یاغون آباد
1700000000,85,1400,1,4,0,1,1,1,نظام دوست
2700000000,85,1400,2,1,1,1,1,1,جانباز
1920000000,85,1392,2,1,1,0,1,1,رستگار
3000000000,85,1393,2,3,3,0,1,1,جاهد شهر
2350000000,80,1399,2,3,3,0,1,0,حسین‌آباد
2100000000,85,1404,2,0,0,1,1,1,موسوی قوچانی
3000000000,85,1380,2,4,4,0,1,1,فردوسی
3680000000,85,1403,2,3,3,1,1,1,شهرک لشکر (شهرک غرب)
3700000000,85,1393,2,4,2,1,1,1,فرهنگیان (شهرک غرب)
3100000000,85,1397,2,2,2,1,1,1,ایثار
4200000000,85,1386,2,4,2,0,1,1,هفت تیر (حافظ)
1200000000,85,1404,2,2,1,0,0,0,طبرسی شمالی
3150000000,85,1403,2,3,3,1,1,1,گاز
1600000000,85,1394,2,3,3,1,1,0,یوسفیه (شهرک غرب)
1680000,85,1400,1,2,1,0,0,1,طبرسی شمالی
3470000000,85,1389,2,4,3,1,1,0,مقدم
2250000000,170,1390,1,2,2,0,0,1,ایثارگران
2150000000,85,1395,2,3,2,0,0,1,فاطمیه
3200000000,85,1394,2,4,4,1,1,0,حسابی جنوبی (شهرک غرب)
6400000000,85,1385,2,8,3,1,1,1,هنرستان
1450000000,85,1401,2,3,2,1,1,1,یاغون آباد
2100000000,85,1400,2,3,3,1,0,1,ابوذر
2450000000,85,1404,2,5,5,1,1,0,گلبرگ
4900000000,85,1389,2,5,3,1,1,1,شهید فرامرز عباسی
3500000000,85,1390,2,3,3,1,1,1,حسابی جنوبی (شهرک غرب)
3800000000,85,1403,2,1,1,1,1,1,شهرک لشکر (شهرک غرب)
4000000000,85,1385,2,2,2,0,1,1,هفت تیر (حافظ)
1200000000,85,1404,2,0,0,0,0,0,کشف
2550000000,85,1387,2,3,1,1,1,1,سرافرازان
4750000000,85,1389,2,4,4,1,1,1,جانباز
3500000000,85,1387,2,3,3,0,1,1,دانشجو
3600000000,85,1391,2,2,2,1,1,1,فرهنگیان (شهرک غرب)
1000000000,85,1400,1,0,0,0,1,1,کشف
3300000000,85,1395,2,2,2,1,1,0,الهیه
1650000000,85,1404,2,4,2,0,0,0,یوسفیه (شهرک غرب)
3450000000,85,1393,2,4,3,1,1,1,حسابی جنوبی (شهرک غرب)
2050000000,85,1389,2,2,2,0,0,0,گلبرگ شمالی
3850000000,85,1386,2,1,1,0,1,1,صیاد شیرازی
3500000000,85,1390,2,4,3,0,1,1,شریف
150000000,85,1404,2,2,2,0,1,0,توس (بلوار توس)
1190000000,85,1404,2,2,1,0,0,0,کشف
4100000000,85,1392,2,3,3,1,1,1,شهید رضوی
4500000000,85,1393,2,4,4,1,1,1,آیت الله کاشانی
2300000000,85,1404,2,1,1,1,1,1,اسماعیل آباد (سپاد)
5100000000,85,1390,2,3,3,1,1,1,امام رضا (ع)
1850000000,85,1398,2,4,4,0,1,1,رستگار
1100000000,85,1395,2,3,3,0,0,0,حضرت حجت
4250000000,85,1404,2,4,4,1,1,1,الهیه
3000000000,85,1398,2,4,3,1,1,1,حسین‌آباد
3315000000,85,1399,2,1,1,1,1,1,حسین‌آباد
3000000000,85,1388,2,4,1,0,1,1,عبادی
2050000000,85,1395,2,4,4,0,1,1,فدک
3850000000,85,1404,2,6,1,1,1,1,شهرک لشکر (شهرک غرب)
2000000000,85,1404,1,6,6,1,0,1,عبادی
4650000000,85,1404,2,5,2,1,1,1,شاهد (شهرک غرب)
3850000000,85,1404,2,6,3,1,1,1,شهرک لشکر (شهرک غرب)
1180000000,85,1400,1,3,1,0,0,1,شهرک امام هادی (شهرک غرب)
1850000000,85,1403,1,2,2,0,0,1,رسالت
3500000000,85,1390,2,3,3,0,1,1,شریف
3750000000,85,1392,2,3,3,1,1,1,حسابی جنوبی (شهرک غرب)
3720000000,85,1399,2,9,3,1,1,1,حسابی جنوبی (شهرک غرب)
2200000000,85,1403,2,2,2,1,1,1,شهرک امام هادی (شهرک غرب)
3600000000,85,1398,2,4,3,1,1,1,پروین اعتصامی
1630000000,85,1389,2,3,3,0,0,0,میعاد (شهرک غرب)
2100000000,85,1390,2,2,2,0,0,0,شفا
1250000000,85,1403,1,3,3,0,0,1,طبرسی شمالی
3655000000,85,1402,2,3,3,1,1,1,شهرک لشکر (شهرک غرب)
4300000000,85,1400,1,1,1,1,1,1,امام رضا (ع)
3840000000,85,1395,2,4,4,1,1,1,فرهنگیان (شهرک غرب)
900000000,85,1390,1,0,0,0,0,1,طبرسی شمالی
2300000000,85,1392,2,4,4,1,1,1,رسالت
3500000000,85,1384,2,4,4,1,1,1,هفت تیر (حافظ)
3400000000,85,1394,2,2,2,1,1,0,الهیه
2295000000,85,1396,2,6,2,1,1,0,جانباز
1530000000,85,1400,2,2,2,0,0,1,طبرسی شمالی
2900000000,85,1394,2,4,3,1,1,0,سرافرازان
2250000000,85,1395,2,4,4,0,1,1,جاهد شهر
2300000000,85,1396,2,4,4,1,1,1,ایثار
1800000000,85,1394,2,0,0,0,0,0,شهید مطهری
4700000000,85,1390,2,4,2,1,1,1,رضاشهر
1800000000,85,1395,2,0,0,0,0,0,شفا
4000000000,85,1385,2,4,2,0,1,1,راه آهن
4400000000,85,1393,2,3,3,1,1,1,صیاد شیرازی
2500000000,58,1391,1,1,1,0,1,1,مشکینی (شهرک غرب)
6700000000,85,1390,2,0,0,1,1,1,سناباد
1190000000,85,1394,1,3,3,0,0,0,خواجه ربیع
3950000000,85,1388,2,4,3,1,1,1,شهرآرا
5000000000,85,1404,2,6,6,1,1,0,الهیه
1090000000,85,1395,1,3,3,0,0,1,ایثارگران
2500000000,86,1400,2,1,1,1,1,1,جانباز
3800000000,86,1402,2,4,4,1,1,1,الهیه
3300000000,86,1384,2,4,3,0,1,0,عبادی
3020000000,86,1388,2,4,1,0,1,1,امامیه (شهرک غرب)
4000000000,86,1390,2,3,1,0,1,1,جاهد شهر
3750000000,86,1390,2,3,2,0,0,1,امام رضا (ع)
3700000000,87,1385,2,3,1,0,1,1,هفت تیر (آب و برق)
3100000000,87,1397,2,3,3,1,1,1,امیر
4650000000,87,1386,2,4,2,1,1,1,رضاشهر
4250000000,87,1404,2,5,3,1,1,1,فرهنگیان (شهرک غرب)
2430000000,87,1404,2,1,1,1,0,1,مشکینی (شهرک غرب)
4900000000,87,1388,2,4,2,0,1,1,آزادشهر
2450000000,88,1393,2,5,4,1,1,1,کوی المهدی
2420000000,88,1394,2,6,6,1,1,1,جانباز
1250000000,88,1404,2,1,1,0,0,0,یاغون آباد
4000000000,88,1384,2,3,2,1,1,1,آبکوه
3050000000,88,1396,2,4,4,1,1,1,موسوی قوچانی
3900000000,88,1394,2,2,2,1,1,1,فرهنگیان (شهرک غرب)
2960000000,88,1388,2,3,3,0,1,1,چهنو
3100000000,88,1395,2,3,3,1,1,1,امیر
3370000000,88,1393,2,1,1,0,1,1,جاهد شهر
4450000000,88,1392,2,4,1,1,1,1,شهرآرا
4576000000,88,1404,2,3,3,1,1,1,الهیه
6850000000,89,1401,2,6,1,1,1,1,امام رضا (ع)
4250000000,109,1397,2,4,4,1,1,1,الهیه
36000000000,100,1389,2,1,1,1,0,1,کلاهدوز
3500000000,90,1396,2,3,3,1,1,1,الهیه
4400000,90,1388,2,5,5,1,1,1,شهرآرا
4030000000,90,1397,2,2,2,1,1,1,الهیه
3600000000,90,1395,2,4,4,1,1,1,جاهد شهر
1450000,90,1397,2,4,4,0,0,1,ایثارگران
2520000000,90,1395,2,3,0,0,0,1,شاهد (شهرک غرب)
950000000,90,1395,1,2,2,0,0,1,توس (بلوار توس)
8950000000,90,1404,2,6,3,1,1,1,سلام
7200000000,90,1404,2,3,3,1,1,1,کوی راد
1350000000,90,1390,2,2,2,0,0,1,توس (بلوار توس)
1250000000,90,1400,2,4,2,0,0,1,طبرسی شمالی
4100000000,90,1395,2,4,4,1,1,1,سعد آباد
4200000000,90,1403,2,5,2,1,1,1,هفده شهریور
3100000000,90,1404,2,1,1,1,1,1,هنرور
4545000000,90,1404,2,6,1,1,1,1,فرهنگیان (شهرک غرب)
1600000000,90,1404,2,3,3,0,1,1,کشف
2550000000,90,1404,2,2,2,1,1,1,شهید مطهری
2000000000,90,1400,2,3,3,1,1,0,طبرسی شمالی
1150000000,90,1400,1,2,1,0,0,0,كنويست
4500000000,90,1390,2,2,2,0,1,1,جنت
8500000000,90,1403,2,6,1,1,1,1,امام رضا (ع)
3550000000,90,1400,2,5,5,1,1,1,الهیه
1900000000,90,1396,2,3,3,0,0,1,مشکینی (شهرک غرب)
3800000000,93,1402,2,5,4,1,1,1,الهیه
4100000000,90,1397,2,8,3,1,1,1,صیاد شیرازی
13270000,90,1394,2,0,0,0,0,1,توس (بلوار توس)
2190000000,90,1403,2,6,5,1,1,1,پورسینا
4500000000,90,1390,2,2,2,0,1,1,کوثر
1590000000,90,1391,2,3,3,0,0,1,یوسفیه (شهرک غرب)
3500000000,90,1402,2,2,2,1,1,1,الهیه
3800000000,90,1403,2,6,2,1,1,1,الهیه
1680000000,90,1403,2,0,0,1,0,1,شهید قربانی
2500000000,90,1397,2,4,2,0,0,0,شهرک بهارستان
3850000000,90,1395,2,2,2,1,1,1,الهیه
4100000000,90,0,2,4,2,0,0,1,ارشاد
4780000000,90,1393,2,3,3,1,1,1,امام رضا (ع)
3600000000,90,1404,2,3,3,1,1,1,الهیه
3300000000,90,1395,2,4,4,1,1,1,الهیه
3250000000,90,1387,2,4,2,0,1,1,شاهد (شهرک غرب)
2150000000,90,1400,2,1,1,1,0,0,ایثارگران
5060000000,90,1404,2,5,3,1,1,1,الهیه
4300000000,90,1403,2,1,1,1,1,1,الهیه
3850000000,90,1403,2,1,1,1,1,1,الهیه
2000000000,90,1397,2,5,5,1,0,1,هنرور
1750000000,90,1404,2,4,4,1,1,0,طبرسی شمالی
4100000000,90,1396,2,1,1,1,0,1,هفت تیر (نه دره)
3200000000,90,1393,2,5,1,1,1,1,هنرور
4320000000,90,1380,2,4,1,1,1,0,هفت تیر (آب و برق)
2280000000,90,1402,2,3,3,0,0,1,گاز
2850000000,90,1404,2,1,1,1,1,0,کوی المهدی
2850000000,90,1404,2,4,4,1,1,0,نکاح
4150000000,90,1395,2,9,1,1,1,1,آبادگران
2300000000,90,1403,2,2,2,0,0,0,هفت تیر (نه دره)
1260000000,90,1397,2,3,2,0,0,0,شهرک امام هادی (شهرک غرب)
4300000000,90,1401,2,1,1,1,1,1,امیریه
1415000000,90,1394,1,0,0,0,1,1,بهمن
2550000000,90,1403,2,3,3,1,0,0,مشکینی (شهرک غرب)
4050000000,90,1403,2,6,4,1,1,1,شهرک لشکر (شهرک غرب)
28500000000,90,1393,2,1,1,1,1,1,موسوی قوچانی
2750000000,90,1397,2,4,3,1,0,0,چهنو
1200000000,90,1401,1,1,1,0,0,0,طبرسی شمالی
1420000000,90,1403,2,5,4,0,0,1,ایثارگران
4770000000,90,1404,2,6,2,1,1,1,شهرک لشکر (شهرک غرب)
3650000000,90,1404,2,3,3,1,1,1,شهرک لشکر (شهرک غرب)
4540000000,90,1388,2,2,2,0,1,1,صیاد شیرازی
2900000000,90,1402,2,6,6,1,1,1,امیریه
1920000000,90,1400,2,2,2,0,0,1,یوسفیه (شهرک غرب)
4700000000,90,1398,2,5,2,1,1,1,خرمشهر
8500000000,90,1403,2,5,5,1,1,1,امام رضا (ع)
2900000000,90,1400,2,4,3,1,1,1,شهرک لشکر (شهرک غرب)
2450000000,90,1401,2,2,2,1,1,0,مشکینی (شهرک غرب)
1380000000,90,1399,1,0,0,0,1,1,چاهشک
1080000000,95,1403,2,2,0,0,1,1,شهرک مهرگان
1280000000,90,1400,1,2,2,0,1,1,شهید قربانی
8200000000,90,1403,2,6,5,1,1,1,امام رضا (ع)
3050000000,90,1404,2,6,6,1,1,1,نکاح
4150000000000,90,1404,2,5,3,1,1,1,الهیه
2100000000,90,1403,2,3,3,1,1,1,طبرسی شمالی
3450000000,90,1403,2,3,3,1,1,1,الهیه
2600000000,90,1390,2,3,0,0,1,0,سرافرازان
7500000000,90,1386,2,3,2,0,1,1,کوثر
1300000000,90,1399,2,4,3,0,0,1,طبرسی شمالی
4500000000,90,1404,2,3,3,1,1,1,فرهنگیان (شهرک غرب)
3650000000,90,1403,2,5,4,1,1,1,میعاد (شهرک غرب)
1560000000,90,1390,1,4,1,0,0,0,خواجه ربیع
3800000000,91,1398,2,4,4,1,1,1,الهیه
4300000000,91,1386,2,4,2,1,1,1,آبکوه
4150000000,92,1399,2,4,2,1,1,1,شهرک لشکر (شهرک غرب)
3950000000,92,1404,2,1,1,1,1,1,الهیه
3500000000,92,1395,2,4,2,1,1,0,الهیه
3900000000,92,1398,2,1,1,1,1,1,نکاح
3500000000,92,1404,2,6,5,1,1,0,چهنو
1890000000,93,1403,2,2,2,0,1,1,کشف
3650000000,93,1395,2,1,1,1,1,1,الهیه
4100000000,93,1404,2,6,4,1,1,1,امامیه (شهرک غرب)
3400000000,93,1402,2,1,1,1,1,1,الهیه
1450000000,93,1394,1,3,0,0,0,1,رده
3390000000,93,1392,2,2,2,0,1,1,شاهد (شهرک غرب)
3550000000,93,1395,2,3,3,1,1,1,موسوی قوچانی
3700000000,93,1398,2,5,5,1,1,1,الهیه
2130000000,93,1404,2,6,6,1,1,1,توس (بلوار توس)
2300000000,93,1400,2,7,7,1,1,1,مهدی آباد (بلوار توس)
4200000000,93,1400,2,5,5,1,1,1,الهیه
2750000000,94,1404,2,5,5,1,1,1,رستگار
4300000000,94,1397,2,4,4,1,1,1,شهرک رازی (شهرک غرب)
4520000000,94,1399,2,4,2,1,1,1,شهرک لشکر (شهرک غرب)
3400000000,94,1385,2,3,3,0,1,1,بهارستان
3500000000,94,1397,2,4,3,1,1,1,حسین‌آباد
3950000000,95,1385,2,3,3,0,1,1,شهید فرامرز عباسی
4095000000,95,1401,2,1,1,1,1,1,الهیه
3850000000,95,1400,2,3,3,1,1,1,الهیه
3990000000,95,1404,2,5,1,1,1,1,الهیه
3750000000,100,1402,2,3,3,1,1,1,الهیه
3000000000,95,1395,2,1,1,0,0,0,هفده شهریور
3600000000,95,1398,2,5,3,1,1,1,الهیه
3300000000,95,1397,2,4,4,1,1,0,حسین‌آباد
4650000000,95,1404,2,5,2,1,1,1,شهرک لشکر (شهرک غرب)
3699000000,95,1404,2,3,3,1,1,1,الهیه
3550000000,95,1395,2,3,1,0,1,1,الهیه
3600000000,95,1390,2,5,1,0,1,1,امامیه (شهرک غرب)
4480000000,95,1402,2,3,3,1,1,1,الهیه
3750000000,95,1404,2,6,5,1,1,1,الهیه
2900000000,95,1404,2,1,1,1,1,0,صیاد شیرازی
6300000000,95,1386,2,3,0,0,1,1,کوثر
3230000000,95,1404,2,6,5,1,1,1,شهید مطهری
4400000000,95,1390,2,4,2,1,1,1,نیروی هوایی
4500000000,95,1391,2,4,3,1,1,1,اقبال
3850000000,95,1395,2,5,3,1,1,1,جاهد شهر
3800000000,95,1395,2,6,3,1,1,1,الهیه
4000000000,95,1404,2,2,2,1,1,1,الهیه
5035000000,95,1404,2,5,3,1,1,1,شاهد (شهرک غرب)
4500000000,95,1404,2,3,3,1,1,1,الهیه
3650000000,95,1400,2,4,2,1,1,1,الهیه
5225000000,95,1404,2,3,3,1,1,1,الهیه
2050000000,95,1404,2,1,1,1,0,1,امیر
2050000000,95,1397,2,2,2,1,1,0,شهرک امام هادی (شهرک غرب)
3050000000,95,1401,2,6,2,1,1,1,جاهد شهر
12000000000,95,1404,2,0,0,1,1,1,فلسطین
2600000000,95,1397,2,4,4,1,1,1,موسوی قوچانی
4100000000,95,1396,2,4,3,1,1,1,هفت تیر (آب و برق)
2650000000,95,1398,2,4,4,1,1,1,موسوی قوچانی
2700000000,95,1395,2,8,4,1,1,1,انقلاب
4200000000,95,1386,2,3,3,0,1,1,شریف
3600000000,95,1404,2,3,3,1,1,1,الهیه
4600000000,95,1395,3,4,1,1,1,0,الهیه
3990000000,95,1391,2,3,3,1,1,1,حسابی جنوبی (شهرک غرب)
3850000000,95,1403,2,3,3,1,1,1,الهیه
4470000000,95,1403,2,5,5,1,1,1,الهیه
1050000000,95,1399,2,2,2,0,0,0,امین آباد
1500000000,95,1403,2,1,1,0,0,0,حضرت حجت
4150000000,95,1401,2,6,6,1,1,0,گلشور
4200000000,95,1402,2,12,5,1,1,1,حسابی جنوبی (شهرک غرب)
3650000000,95,1387,2,3,3,0,1,1,شهید فرامرز عباسی
4800000000,95,1404,1,5,1,1,1,1,امام رضا (ع)
3920000000,95,1394,2,4,4,1,1,1,جاهد شهر
2200000000,95,1390,2,4,3,0,0,0,حجت
4200000000,95,1403,2,5,1,1,1,1,الهیه
1450000000,92,1401,2,3,0,0,1,0,منزل آباد
2650000000,95,1387,2,3,3,0,1,1,زمرد
4890000000,95,1391,2,4,2,1,1,1,سرافرازان
1720000000,95,1397,1,1,1,0,1,0,شهرک بهارستان
3500000000,95,1404,2,5,3,1,1,1,الهیه
5300000000,95,1402,2,0,0,1,1,1,راهنمایی
2900000000,95,1396,2,3,3,1,1,0,سرافرازان
5500000000,95,1403,2,6,5,1,1,1,خرمشهر
4300000000,95,1404,2,5,3,1,1,1,الهیه
3430000000,95,1396,2,2,2,1,1,1,الهیه
5250000000,95,1394,2,2,2,1,1,1,سناباد
6500000000,95,1398,2,3,3,1,1,1,راهنمایی
4200000000,95,1404,2,3,3,1,1,1,الهیه
5200000000,96,1384,2,3,2,0,1,1,ارشاد
2600000000,96,1387,2,4,0,0,1,1,شفا
4300000000,96,1399,2,1,1,1,1,1,الهیه
3850000000,93,1403,2,2,2,1,1,1,الهیه
3100000000,96,1394,2,4,1,0,0,0,انقلاب
4850000000,96,1390,2,5,5,1,1,1,زیبا شهر
2530000000,96,1394,2,4,2,0,0,0,چهارچشمه
5180000000,96,1404,2,4,1,1,1,1,صیاد شیرازی
4000000000,96,1400,2,5,4,1,1,1,جاهد شهر
4280000000,96,1398,2,1,1,1,1,1,الهیه
3999000000,96,1391,2,4,2,1,1,1,هفت تیر (آب و برق)
4150000000,97,1390,2,2,2,1,1,1,هفت تیر (آب و برق)
4250000000,97,1380,2,4,1,0,1,1,آبکوه
4000000000,97,1400,2,2,2,1,1,1,جاهد شهر
1150000000,97,1398,2,2,2,0,0,0,منزل آباد
3000000000,97,1404,2,6,3,1,1,1,مشکینی (شهرک غرب)
4850000000,97,1404,2,1,1,1,1,1,فرهنگیان (شهرک غرب)
4950000000,98,1394,2,4,1,0,1,0,هفده شهریور
4400000000,98,1404,2,4,3,1,1,1,الهیه
3900000000,98,1400,2,5,2,1,1,1,الهیه
4000000000,98,1404,2,5,5,1,1,1,الهیه
4100000000,98,1395,2,5,1,1,1,1,الهیه
5100000000,98,1388,2,1,1,1,1,1,اقبال
5100000000,98,1400,2,5,2,1,1,1,مقدم
3050000000,98,1404,2,3,3,1,1,1,امیر
3950000000,98,1384,2,4,2,0,1,1,شهرآرا
4300000000,98,1404,2,4,4,1,1,1,الهیه
4200000000,98,1400,2,2,2,1,1,1,جاهد شهر
3520000000,98,1404,2,6,4,1,1,1,حسین‌آباد
8500000000,98,1403,2,3,3,1,1,1,حرم مطهر رضوی
4400000000,98,1402,2,2,2,1,1,1,الهیه
2084000000,98,1396,2,2,2,0,0,0,گلبرگ
2850000000,98,1403,2,3,3,1,0,1,شفا
3650000000,99,1400,2,1,1,1,1,1,امیریه
13950000000,155,1404,3,2,2,1,1,1,فرهنگ
4500000000,100,1390,2,4,4,1,1,1,هفت تیر (نه دره)
4400000000,100,1404,2,1,1,1,1,1,الهیه
1600000000,100,1392,1,4,4,0,1,1,حجت
4300000000,100,1398,2,4,1,1,1,0,الهیه
3100000000,100,1400,2,1,1,1,1,1,مصلی (کارمندان اول)
8000000000,100,1404,2,6,3,1,1,1,آیت الله خامنه‌ای
2500000000,100,1404,2,7,6,1,1,1,فدک
1000000000,100,1401,2,4,4,0,0,1,حضرت حجت
2500000000,100,1404,2,4,4,1,1,0,رده
1220000000,100,1402,2,1,1,0,0,1,رباط طرق
1200000000,100,1400,2,5,2,0,0,1,رباط طرق
6500000000,100,1402,2,4,4,1,1,1,جنت
4800000000,100,1404,2,6,2,1,1,1,مقدم
4400000000,100,1401,2,4,3,1,1,1,الهیه
3370000000,10,1385,2,3,1,0,1,1,امامیه (شهرک غرب)
2690000000,100,1404,2,6,2,1,1,1,مشکینی (شهرک غرب)
1200000000,100,1404,2,4,4,0,0,0,شهرک مطهری
3000000000,100,1386,2,4,1,0,1,1,مشکینی (شهرک غرب)
6500000000,100,1404,1,0,0,1,1,1,الهیه
3900000000,105,1403,2,4,4,1,1,1,الهیه
4350000000,100,1403,2,5,1,1,1,1,الهیه
2850000000,100,1399,2,2,2,1,1,1,شهید مطهری
3850000000,100,1400,2,1,1,1,1,1,امیریه
4700000000,100,1382,2,4,1,0,1,1,هفده شهریور
4000000000,100,1399,2,6,5,1,1,1,جاهد شهر
7000000000,100,1404,2,4,3,1,1,1,هفده شهریور
3820000000,100,1404,2,5,1,1,1,1,امیریه
3750000000,100,1375,2,4,3,0,1,1,راهنمایی
5900000000,100,1404,2,5,4,1,1,1,فارغ التحصیلان
3400000000,100,1386,2,4,4,0,1,1,اقبال
2350000000,100,1390,2,4,0,0,0,1,شفا
6400000000,100,1391,2,6,6,1,1,1,هنرستان
4850000000,100,1392,2,4,4,1,1,1,چهنو
3800000000,100,1404,2,6,1,1,1,1,هفده شهریور
3500000000,100,1403,2,5,1,1,1,1,توس (بلوار توس)
4250000000,100,1400,2,1,1,1,1,1,الهیه
9435000000,111,1404,2,6,6,1,1,1,هنرستان
1350000000,100,1390,2,2,2,0,0,0,مشهدقلی
2400000000,100,1398,2,4,2,0,0,0,شفا
4150000000,105,1404,2,2,2,1,1,1,جاهد شهر
5500000000,100,1404,2,2,2,1,1,1,جاهد شهر
4540000000,100,1404,2,5,3,1,1,1,امیریه
6100000000,100,1395,2,4,4,1,1,1,شهید بهشتی
4850000000,100,1386,2,4,4,1,1,1,آبکوه
1480000000,100,1393,2,3,2,0,0,0,شهرک امام هادی (شهرک غرب)
1550000000,100,1398,2,3,2,0,0,0,ایثارگران
4850000000,100,1400,2,5,5,1,1,1,جاهد شهر
4950000000,100,1387,2,3,1,0,1,0,هفت تیر (حافظ)
4000000000,100,1386,2,3,2,0,1,1,بهاران
1150000000,100,1400,2,4,3,0,0,1,حضرت حجت
4250000000,100,1394,2,3,1,0,1,1,بهاران
3900000000,100,1396,2,5,5,1,1,0,الهیه
3150000000,100,1395,2,5,5,1,1,0,الهیه
4800000000,100,1403,2,2,2,1,1,1,الهیه
4500000000,100,1402,2,6,3,1,1,1,جاهد شهر
1900000000,100,1404,2,4,2,1,1,1,درزآب
4300000000,100,1399,2,4,4,1,1,1,الهیه
4350000000,100,1403,2,5,3,1,1,1,الهیه
4250000000,100,1400,2,4,4,1,1,1,الهیه
4050000000,100,1395,2,1,1,1,1,1,جاهد شهر
4800000000,100,1387,2,3,3,1,1,1,صیاد شیرازی
4400000000,100,1403,2,5,1,1,1,1,الهیه
4990000000,100,1403,2,2,2,1,1,1,شاهد (شهرک غرب)
4300000000,100,1401,2,5,2,1,1,1,الهیه
4500000000,100,1404,2,5,3,1,1,1,الهیه
3900000000,102,1385,2,4,4,1,1,1,حسابی جنوبی (شهرک غرب)
3900000000,102,1389,2,3,3,0,1,1,شریف
6690000000,103,1404,2,5,1,1,1,1,هفده شهریور
6150000000,102,1388,2,3,3,1,1,1,احمدآباد
4250000000,102,1401,2,4,1,1,1,1,الهیه
4150000000,102,1399,2,5,5,1,1,1,جاهد شهر
3100000000,103,1394,2,5,1,1,1,1,مشکینی (شهرک غرب)
4650000000,103,1401,2,2,2,1,1,1,الهیه
4200000000,103,1394,2,6,1,1,1,1,امیریه
4550000000,103,1403,2,5,3,1,1,1,الهیه
3850000000,104,1404,2,8,2,1,1,1,امیریه
8920000000,105,1403,2,6,3,1,1,1,امام رضا (ع)
6300000000,105,1401,2,6,5,1,1,1,امام رضا (ع)
3900000000,105,1404,2,3,3,1,1,1,حسین‌آباد
4300000000,105,1396,2,1,1,1,1,1,الهیه
3850000000,105,1404,2,2,2,1,1,1,الهیه
7300000000,105,1402,2,1,1,1,1,1,امام رضا (ع)
8900000000,105,1403,2,1,1,1,1,1,امام رضا (ع)
3900000000,105,1390,2,3,3,0,1,1,سید رضی
1680000000,105,1404,2,5,5,1,1,1,مشهدقلی
2950000000,105,1393,2,4,4,0,1,1,رستگار
5600000000,105,1403,2,5,2,1,1,1,الهیه
1400000000,105,1404,2,3,3,0,1,0,پنجتن
6400000000,105,1390,2,4,2,0,1,1,شهید بهشتی
2550000000,90,1404,2,1,1,1,1,1,رستگار
7660000000,105,1404,2,1,1,1,1,1,آزادشهر
5050000000,105,1395,2,2,2,1,1,1,شهرآرا
2000000000,105,1395,2,0,0,0,1,0,ایثارگران
3000000000,105,1394,2,5,5,1,1,1,هنرور
2000000000,105,1404,2,5,5,1,0,1,ایثارگران
2950000000,105,1388,2,3,3,1,1,1,مشکینی (شهرک غرب)
4300000000,105,1403,2,5,3,1,1,1,الهیه
6200000000,106,1396,2,2,2,1,1,1,امام خمینی
8400000000,106,1404,2,6,4,1,1,1,دانش
8400000000,106,1404,2,2,2,1,1,1,امام رضا (ع)
4700000000,106,1396,2,5,5,1,1,1,فرهنگیان (شهرک غرب)
4250000000,107,1400,2,1,1,1,1,1,الهیه
4300000000,108,1400,2,2,2,1,1,1,جاهد شهر
4700000000,110,1394,2,1,1,0,1,0,کوی پلیس
3650000000,110,1385,2,4,3,0,1,1,هفت تیر (نه دره)
4100000000,108,1390,2,3,2,0,1,1,سرافرازان
4100000000,108,1394,2,5,4,1,1,0,الهیه
4250000000,108,1394,2,4,3,1,1,1,الهیه
3700000000,108,1404,2,2,2,1,1,1,حسین‌آباد
4300000000000,109,1386,2,1,1,0,1,1,شهرآرا
5720000000,110,1404,2,1,1,1,1,1,نرگس (شهرک غرب)
3790000000,110,1395,2,4,2,1,1,0,امیریه
6500000000,110,1398,2,5,3,1,1,1,خرمشهر
4400000000,110,1396,2,1,1,1,1,1,شهرک لشکر (شهرک غرب)
4500000000,110,1400,2,5,2,1,1,1,الهیه
9300000000,110,1404,2,6,2,1,1,1,حرم مطهر رضوی
5100000000,110,1384,3,2,2,0,1,1,هفت تیر (آب و برق)
1850000000,110,1401,2,3,3,1,0,1,حضرت حجت
3850000000,110,1399,2,4,4,1,1,1,الهیه
9300000000,110,1403,2,3,3,1,1,1,امام رضا (ع)
3850000000,110,1404,2,5,2,1,1,1,طلاب
1350000000,110,1404,2,4,4,0,0,1,منزل آباد
6500000000,110,1404,2,4,4,1,1,1,فارغ التحصیلان
7150000000,110,1404,2,2,2,1,1,1,چهارچشمه
1800000000,110,1403,2,5,4,1,1,1,توس (بلوار توس)
2300000000,110,1402,2,4,1,1,0,1,توس (بلوار توس)
4700000000,110,1402,2,5,1,1,1,1,الهیه
3200000000,110,1392,2,5,2,1,1,1,گلبرگ
5280000000,110,1385,2,2,2,0,1,1,جاهد شهر
8250000000,110,1403,2,6,4,1,1,1,امام رضا (ع)
2700000000,110,1400,2,6,2,1,0,1,نظام دوست
9300000000,110,1402,2,2,2,1,1,1,امام رضا (ع)
2680000000,110,1404,2,2,2,1,1,1,شهرک امام هادی (شهرک غرب)
2650000000,110,1397,2,3,3,1,1,1,کوی المهدی
4200000000,110,1404,2,5,1,1,1,1,جاهد شهر
4000000000,110,1394,2,4,1,1,1,1,امیریه
4500000000,110,1403,2,2,2,1,1,1,الهیه
2815000000,110,1397,2,5,5,1,1,1,هنرور
5500000000,110,1395,2,4,4,1,1,1,نیروی هوایی
6500000000,110,1384,2,4,2,1,1,1,هنرستان
4400000000,110,1397,2,5,5,1,1,1,جاهد شهر
1000000000,110,1404,2,2,2,1,1,1,انقلاب
3650000000,110,1404,2,7,2,1,1,1,گاز
1285000000,125,1400,1,3,3,0,0,0,شهرک بهارستان
7700000000,110,1404,2,1,1,1,1,1,هفت تیر (حافظ)
4750000000,110,1375,2,4,1,0,1,1,گوهرشاد
4250000000,110,1395,2,4,3,1,1,1,الهیه
4490000000,110,1404,2,2,2,1,1,1,الهیه
4100000000,110,1398,2,4,2,1,1,1,جاهد شهر
4200000000,111,1404,2,5,2,1,0,1,هنرور
5000000000,112,1400,2,6,4,1,1,1,فاطمیه
8475000000,113,1399,2,4,3,1,1,1,امام رضا (ع)
3900000000,113,1395,2,4,4,1,1,1,الهیه
4500000000,114,1390,2,4,1,1,1,1,هفده شهریور
4480000000,114,1404,2,2,2,1,1,1,جاهد شهر
4300000000,114,1393,2,3,2,0,1,1,زمرد
5480000000,117,1403,2,2,2,1,1,1,جاهد شهر
5060000000,115,1404,2,5,5,1,1,1,الهیه
1800000000,115,1398,2,5,5,1,0,1,توس (بلوار توس)
1900000000,115,1395,2,4,2,0,0,1,نوید
3700000000,115,1402,2,3,3,1,1,1,حسین‌آباد
6500000000,115,1396,2,2,2,1,1,1,امام خمینی
3790000000,3850000000,1400,2,6,6,1,1,1,حسین‌آباد
5150000000,110,1403,2,6,6,1,1,1,جاهد شهر
3400000000,115,1404,2,5,5,1,1,1,رستگار
2700000000,115,1403,2,4,4,1,1,1,توس (بلوار توس)
9200000000,115,1403,2,6,6,1,1,1,امام رضا (ع)
7300000000,115,1403,2,6,1,1,1,1,کلاهدوز
5520000000,115,1403,2,3,3,1,1,1,جاهد شهر
3900000000,115,1403,2,7,3,1,1,1,امیر
5750000000,115,1404,3,6,2,1,1,1,الهیه
4800000000,115,1403,2,5,3,1,1,1,الهیه
5300000000,115,1393,2,6,6,1,1,1,فرهنگ
4500000000,115,1400,2,4,1,1,1,1,شاهد (شهرک غرب)
4950000000,115,1404,2,6,3,1,1,1,الهیه
5050000000,115,1393,2,4,4,1,1,1,تربیت (صدف)
5980000000,115,1404,2,6,6,1,1,1,الهیه
4500000000,115,1390,2,1,1,1,1,1,شیرودی
3750000000,115,1397,2,2,2,1,1,1,الهیه
7500000000,115,1404,2,7,3,1,1,1,نیروی هوایی
6350000000,116,1404,2,6,1,1,1,1,الهیه
5380000000,117,1404,2,3,3,1,1,1,جاهد شهر
5031000000,117,1397,2,1,1,1,1,1,مشکینی (شهرک غرب)
5499000000,117,1404,2,5,5,1,1,1,نرگس (شهرک غرب)
8260000000,118,1404,2,3,3,1,1,1,امام خمینی
5400000000,118,1404,3,2,2,1,1,1,امامیه (شهرک غرب)
5900000000,118,1404,2,4,1,1,1,1,هفده شهریور
7750000000,119,1404,2,2,2,1,1,1,هفده شهریور
6250000000,120,1404,2,4,4,1,1,1,مقدم
2850000000,125,1404,2,1,1,1,0,0,شهرک امام هادی (شهرک غرب)
9600000000,120,1403,2,6,2,1,1,1,حرم مطهر رضوی
2500000000,120,1395,2,3,1,0,0,1,نظام دوست
5200000000,123,1400,3,4,4,1,1,1,الهیه
3300000000,120,1404,2,7,1,1,1,1,جانباز
5750000000,120,1403,2,2,2,1,1,1,جاهد شهر
3800000000,120,1399,2,8,3,1,1,0,جانباز
5000000000,120,1400,2,5,5,1,1,1,شاهد (شهرک غرب)
3380000000,120,1403,2,4,3,1,1,1,زمرد
3200000000,120,1380,2,4,3,0,1,1,حجاب (شهرک غرب)
3790000000,120,1388,2,4,4,1,1,1,حجاب (شهرک غرب)
4800000000,120,1402,2,4,3,1,1,1,میعاد (شهرک غرب)
6600000000,120,1404,2,6,5,1,1,1,شاهد (شهرک غرب)
2950000000,120,1392,2,3,3,0,1,1,ابوذر
1380000000,120,1404,2,2,2,0,0,0,علی آباد
4990000000,120,1403,2,6,6,1,1,1,الهیه
4500000000,122,1404,2,4,3,1,1,0,چهنو
4500000000,122,1402,2,6,6,1,1,1,حسین‌آباد
6100000000,121,1398,2,4,2,1,1,1,صیاد شیرازی
4150000000,122,1400,2,5,1,1,1,1,شهید مطهری
5600000000,123,1398,2,2,2,1,1,1,شهرک رازی (شهرک غرب)
5700000000,123,1385,2,2,2,0,1,1,فردوسی
3500000000,123,1403,2,6,6,1,1,1,امیر
2800000000,124,1394,2,3,2,0,0,1,طبرسی شمالی
8125000000,125,1404,3,5,3,1,1,1,سعد آباد
2800000000,125,1404,3,2,2,1,1,1,شهرک امام هادی (شهرک غرب)
3500000000,125,1404,2,7,5,1,1,1,فدک
3330000000,125,1404,2,5,5,1,1,1,شهید مطهری
5300000000,125,1404,3,5,4,1,1,1,الهیه
1200000000,125,1404,2,2,2,0,0,0,حضرت حجت
2300000000,125,1404,2,5,5,1,0,0,امیر
8200000000000,126,1404,2,2,2,1,1,1,نیروی هوایی
5850000000,125,1392,2,2,2,1,1,1,صیاد شیرازی
5900000000,125,1392,3,1,1,1,1,1,سعد آباد
8500000000,125,0,2,13,13,1,1,1,کوه سنگی
2150000000,125,1404,2,1,1,1,1,1,توس (بلوار توس)
6900000000,125,1392,2,5,5,1,1,1,آزادشهر
5000000000,126,1399,2,5,4,1,1,1,جاهد شهر
5900000000,127,1392,3,5,5,1,1,1,هفت تیر (آب و برق)
6000000000,127,1397,3,2,2,1,1,1,شهرآرا
12700000000,127,1404,3,4,1,1,1,1,آیت الله خامنه‌ای
4864000000,128,1396,2,3,3,0,1,0,شهید بهشتی
6500000000,128,1397,3,4,2,1,1,1,نیروی هوایی
7800000000,128,1404,3,4,4,1,1,1,نیروی هوایی
5300000000,130,1398,3,5,5,1,1,1,الهیه
3200000000,130,1402,3,4,4,1,1,1,فدک
3350000000,130,1401,2,5,5,1,0,0,توس (بلوار توس)
8400000000,130,1403,3,6,3,1,1,1,امام رضا (ع)
4850000000,130,1402,2,5,5,1,1,1,حسین‌آباد
5500000000,138,1404,3,3,3,1,1,1,الهیه
4120000000,130,1404,2,6,5,1,1,1,هنرور
4050000000,130,1404,2,6,3,1,1,1,هنرور
3550000000,130,1403,3,6,3,1,1,1,امیر
2900000000,130,1404,3,6,6,1,1,1,توس (بلوار توس)
3800000000,130,1402,2,5,0,1,1,1,توس (بلوار توس)
6100000000,130,1403,3,5,5,1,1,1,جاهد شهر
4550000000,130,1404,2,5,2,1,1,1,گلبرگ
4650000000,130,1404,2,1,1,1,1,1,الهیه
6700000000,131,1394,3,5,1,1,1,1,هفده شهریور
6700000000,133,1404,3,5,3,1,1,1,فرهنگیان (شهرک غرب)
8000000000,133,1400,2,1,1,1,1,1,امام رضا (ع)
6500000000,134,1402,3,1,1,1,1,1,چهارچشمه
3800000000,135,1404,2,7,2,1,1,1,رستگار
3500000000,135,1399,3,5,5,1,1,1,رستگار
6500000000,131,1380,2,5,1,1,1,1,نیروی هوایی
3800000000,135,1402,2,2,2,1,1,1,رستگار
8050000000,135,1404,3,1,1,1,1,1,سلام
8000000000,135,1404,3,2,2,1,1,1,سلام
8000000000,135,1404,2,10,1,1,1,1,امام رضا (ع)
6345000000,135,1404,3,5,5,1,1,1,میعاد (شهرک غرب)
7500000000,135,1388,3,0,0,0,1,1,رضاشهر
5300000000,135,1399,3,6,5,1,1,1,جاهد شهر
5700000,135,1392,3,4,4,1,1,1,فرهنگیان (شهرک غرب)
1200000000,135,1399,2,5,3,0,0,0,رباط طرق
10300000000,135,1402,3,3,3,1,1,1,هنرستان
5800000000,135,1404,3,6,3,1,1,1,الهیه
6000000000,135,1399,3,5,4,1,1,1,شهرک رازی (شهرک غرب)
5950000000,135,1404,3,6,3,1,1,1,الهیه
6750000000,135,1404,2,6,2,1,1,1,الهیه
2650000000,135,1404,3,6,4,1,1,1,نوید
5130000000,135,1404,3,4,4,1,1,1,طلاب
4650000000,136,1400,3,6,1,1,1,1,حسین‌آباد
5400000000,138,1374,3,1,1,0,1,1,اقبال
4100000000,138,1401,3,5,5,1,1,1,شهید مطهری
5270000000,139,1397,3,5,5,1,1,1,جاهد شهر
6550000000,140,1384,2,4,4,1,1,1,فردوسی
5600000000,140,1400,3,4,4,1,1,1,هفده شهریور
3950000000,140,1401,3,5,2,1,1,1,خواجه ربیع
6850000000,140,1386,3,2,2,0,1,1,کوثر
5990000000,140,1403,2,4,3,1,1,1,استاد یوسفی (شهرک غرب)
2800000000,140,1404,3,3,3,1,1,0,پنجتن
3690000000,140,1404,3,7,3,1,1,1,فدک
4620000000,140,1404,3,2,2,1,1,1,شهید مطهری
2460000000,140,1392,3,3,3,0,0,0,فاطمیه
4300000000,140,1404,2,4,4,1,1,1,ابوذر
5800000000,140,1404,3,5,5,1,1,1,الهیه
7750000000,140,1385,3,3,1,0,1,1,فرهنگ
5530000000,140,1404,3,5,2,1,1,1,امیریه
5200000000,140,1384,3,3,1,0,1,1,زیبا شهر
4550000000,140,1404,2,1,1,1,1,1,گاز
6300000000,140,1404,3,5,5,1,1,1,الهیه
5040000000,140,1404,3,6,5,1,1,1,حسین‌آباد
5600000000,140,1404,3,6,5,1,1,1,الهیه
4200000000,140,1401,3,6,4,1,1,0,شهرک مهر آباد
9500000000,140,1403,3,6,1,1,1,1,آزادشهر
5800000000,141,1401,3,6,1,1,1,1,الهیه
5800000000,141,1400,3,3,3,1,1,1,جاهد شهر
4700000000,142,1401,3,3,3,1,1,0,حسین‌آباد
7700000000,143,1404,3,6,3,1,1,1,جاهد شهر
4500000000,143,1404,3,3,3,1,1,1,هنرور
7000000000,143,1372,3,1,1,0,1,0,سناباد
5760000000,144,1404,3,1,1,1,1,1,امیریه
11000000000,145,1396,3,5,5,1,1,0,احمدآباد
6800000000,145,1402,3,1,1,1,1,1,الهیه
6950000000,144,1403,3,6,5,1,1,1,پروین اعتصامی
9200000000,145,1390,3,5,2,1,1,1,هنرستان
4100000000,145,1404,3,7,1,1,1,1,امیر
7800000000,145,1395,3,5,3,1,1,1,هفده شهریور
8120000000,145,1404,3,5,5,1,1,1,الهیه
4600000000,145,1404,3,3,3,1,1,1,موسوی قوچانی
9500000000,145,1404,3,11,1,1,1,1,جنت
10800000000,145,1401,3,4,4,1,1,1,شریف
3000000000,145,1404,2,5,4,1,1,1,توس (بلوار توس)
9300000000,145,1404,3,7,7,1,1,1,هفت تیر (حافظ)
7500000000,146,1387,3,4,3,1,1,1,دانشجو
8800000,148,1393,3,4,4,1,1,1,کوثر
13830000000,148,1404,3,5,5,1,1,1,احمدآباد
6150000000,150,1371,3,4,1,0,0,1,جنت
5650000000,150,1382,3,3,1,0,1,1,دانشجو
12000000000,150,1404,3,5,1,1,1,1,کوثر
6300000000,155,1400,3,6,2,1,1,1,شاهد (شهرک غرب)
5950000000,150,1397,3,5,5,1,1,1,هفده شهریور
9600000000,150,1403,3,5,5,1,1,1,رضاشهر
7190000000,150,1403,3,4,4,1,1,1,میعاد (شهرک غرب)
6000000000,150,1398,3,4,3,1,1,1,سرافرازان
8500000000,150,1403,3,6,1,1,1,1,کوه سنگی
12880000000,150,1404,3,3,3,1,1,1,کوه سنگی
4800000000,150,1400,3,6,1,1,1,1,امیر
5100000000,150,1404,3,6,5,1,1,1,شهید مطهری
5500000000,150,1404,3,3,3,1,1,1,الهیه
4200000000,150,1401,3,6,5,1,1,1,ایثارگران
7500000000,150,1404,3,5,3,1,1,1,شهرک لشکر (شهرک غرب)
5000000000,150,1401,3,5,5,1,1,0,طلاب
12000000000,150,1404,3,2,2,1,1,1,کوثر
7470000000,150,1404,3,1,1,1,1,1,ولیعصر (شهرک غرب)
13700000000,150,1404,3,6,1,1,1,1,فرهنگ
7500000000,151,1403,3,5,5,1,1,1,کوشش
10560000000,152,1404,3,3,3,1,1,1,سید رضی
4450000000,152,1402,3,3,3,1,1,1,رستگار
10000000000,152,1404,3,5,5,1,1,1,فارغ التحصیلان
9400000000,153,1402,3,5,5,1,1,1,شهید فرامرز عباسی
8200000000,155,1400,3,6,6,1,1,1,شهید رضوی
9500000000,155,1404,3,6,6,1,1,1,زیبا شهر
7600000000,155,1395,3,1,1,1,1,1,امام خمینی
9000000000,155,1400,3,5,2,1,1,1,رضاشهر
12750000000,155,1404,3,6,6,1,1,1,احمدآباد
8500000000,155,1404,2,0,0,1,1,1,دانشجو
6100000000,155,1400,3,4,2,1,1,1,جاهد شهر
7700000000,155,1404,3,2,2,1,1,1,فرهنگیان (شهرک غرب)
7870000000,155,1403,3,6,1,1,1,1,سید رضی
7900000000,155,1398,3,6,6,1,1,1,شهید رضوی
10700000000,155,1404,3,4,4,1,1,1,رضاشهر
12990000000,155,1404,3,2,2,1,1,1,فلسطین
5350000000,155,1403,3,7,5,1,1,1,زمرد
4850000000,155,1403,3,6,4,1,1,1,شهید مطهری
6450000000,155,1400,3,5,1,1,1,1,الهیه
9300000000,155,1394,3,4,4,1,1,1,سلام
10000000000,155,1403,3,2,2,1,1,1,دانشجو
12800000000,155,1404,3,6,4,1,1,1,شهید فرامرز عباسی
13500000000,156,1392,3,5,5,1,1,1,احمدآباد
6200000000,157,1400,3,5,3,1,1,1,جاهد شهر
6500000000,158,1404,3,3,3,1,1,1,میعاد (شهرک غرب)
11600000000,158,1403,2,0,0,1,1,1,راهنمایی
11380000000,159,1404,3,2,2,1,1,1,آزادشهر
7050000000,160,1404,3,6,4,1,1,1,الهیه
6000000000,160,1404,3,4,4,1,1,1,الهیه
1100000000,160,1403,2,3,3,0,0,0,خواجه ربیع
6400000000,160,1404,3,3,3,1,1,1,الهیه
9440000000,160,1404,3,5,5,1,1,1,امام خمینی
8100000000,160,1395,3,5,3,1,1,1,خرمشهر
8100000000,160,1396,3,5,3,1,1,1,خرمشهر
5300000000,160,1404,3,5,5,1,1,1,هنرور
2865000000,160,1403,2,5,1,1,1,1,نوید
10200000000,160,1403,3,4,4,1,1,1,رضاشهر
8800000000,160,1398,3,2,2,1,1,1,امام رضا (ع)
6240000000,160,1404,3,7,7,1,1,1,شهید مطهری
8400000000,160,1400,3,3,3,1,1,1,خرمشهر
10240000000,160,1403,3,6,1,1,1,1,امام خمینی
6850000000,160,1398,3,5,5,1,1,1,مقدم
23400000000,160,1403,3,5,2,1,1,1,سجاد شهر
4500000000,160,1403,3,6,2,1,1,1,شهید مطهری
7680000000,160,1404,3,6,5,1,1,1,رضاشهر
10600000000,160,1404,3,6,3,1,1,1,سید رضی
10400000000,160,1398,3,6,1,1,1,1,فرهنگ
10400000000,160,1404,3,2,2,1,1,1,صیاد شیرازی
10000000000,160,1402,2,6,5,1,1,1,آزادشهر
7600000000,165,1402,3,6,6,1,1,1,کوشش
8600000000,164,1402,3,6,6,1,1,1,الهیه
4000000000,165,1403,3,3,3,1,1,1,رستگار
9280000000,165,1401,3,6,6,1,1,1,آزادشهر
11500000000,165,1404,3,3,3,1,1,1,صیاد شیرازی
5445000000,165,1404,3,6,6,1,1,1,حسین‌آباد
10200000000,165,1402,3,4,4,1,1,1,آزادشهر
6500000000,165,1404,3,6,6,1,1,1,الهیه
13500000000,165,1404,3,4,4,1,1,1,دانشجو
5400000000,165,1402,3,5,4,1,1,1,الهیه
11800000000,165,1404,3,6,2,1,1,1,سناباد
9900000000,165,1404,3,6,3,1,1,1,امام رضا (ع)
13000000000,165,1404,3,6,2,1,1,1,فرهنگ
10150000000,165,1403,3,5,5,1,1,1,زیبا شهر
9400000000,165,1404,3,6,4,1,1,1,آزادشهر
7000000000,165,1404,3,5,3,1,1,1,الهیه
8134000000,166,1402,3,4,2,1,1,1,نیروی هوایی
6500000000,166,1403,3,5,5,1,1,1,جاهد شهر
9500000000,167,1403,3,4,4,1,1,1,خرمشهر
13500000000,167,1404,3,1,1,1,1,1,رضاشهر
12500000000,168,1387,3,4,2,1,1,1,کوثر
6590000000,169,1403,3,5,5,1,1,1,جاهد شهر
8000000000,170,1400,3,3,3,1,1,1,جاهد شهر
7650000000,170,1404,3,6,4,1,1,1,الهیه
5500000000,175,1404,3,5,5,1,1,1,امیر
4800000000,170,1403,3,5,5,1,1,1,امیر
11900000000,170,1404,3,6,4,1,1,1,خرمشهر
5950000000,170,1404,3,7,1,1,1,1,موسوی قوچانی
11700000000,170,1404,3,1,1,1,1,1,وکیل‌آباد
7200000000,170,1404,3,6,6,1,1,1,عامل
11700000000,170,1404,3,3,3,1,1,1,گوهرشاد
8500000000,170,1404,3,2,2,1,1,1,الهیه
11900000000,170,1404,3,5,5,1,1,1,دانشجو
16830000000,170,1404,3,6,6,1,1,1,کوثر
12500000000,175,1394,3,6,3,1,1,1,کوثر
9460000000,172,1404,3,2,2,1,1,1,امیر
10500000000,172,1402,3,2,2,1,1,1,کوثر
16000000000,174,1404,3,6,2,1,1,1,هنرستان
12900000000,174,1403,3,6,1,1,1,1,امام رضا (ع)
10500000000,175,1404,3,5,5,1,1,1,آزادشهر
17600000000,175,1404,3,6,4,1,1,1,فرهنگ
11300000000,175,1401,3,6,4,1,1,1,شهید فرامرز عباسی
8100000000,175,1393,3,1,1,1,1,1,نیروی هوایی
7740000000,172,1401,3,5,3,1,1,1,فرهنگیان (شهرک غرب)
5100000000,175,1402,3,7,7,1,1,1,جانباز
5425000000,175,1404,3,5,4,1,1,1,امیریه
10900000000,175,1404,3,6,2,1,1,1,آزادشهر
8800000000,177,1392,3,4,3,1,1,1,کلاهدوز
12600000000,177,1402,3,6,1,1,1,1,آزادشهر
11500000000,178,1404,3,5,5,1,1,1,کوثر
8270000000,178,1404,3,5,4,1,1,1,فرهنگیان (شهرک غرب)
15000000000,180,1403,3,5,5,1,1,1,هنرستان
18900000000,180,1404,3,3,3,1,1,1,احمدآباد
10800000000,180,1403,3,6,4,1,1,1,امام خمینی
13550000000,180,1404,3,4,4,1,1,1,امام خمینی
12700000000,180,1398,3,5,3,1,1,1,ارشاد
9000000000,180,1404,3,6,2,1,1,1,شهرک لشکر (شهرک غرب)
13200000000,182,1404,3,5,5,1,1,1,اقبال
7300000000,185,1403,3,5,4,1,1,1,الهیه
13000000000,185,1404,3,6,4,1,1,1,اقبال
13500000000,187,1404,3,3,3,1,1,1,شهید فرامرز عباسی
13090000000,187,1404,3,3,3,1,1,1,جاهد شهر
7500000000,188,1404,3,6,6,1,1,1,الهیه
7990000000,189,1404,3,4,4,1,1,1,فرهنگیان (شهرک غرب)
10450000000,190,1403,3,6,2,1,1,1,تربیت (صدف)
5950000000,190,1404,3,4,4,1,1,1,الهیه
12500000000,190,1388,3,4,4,1,1,1,کوثر
8100000000,195,1404,4,6,4,1,1,1,مقدم
995000000,95,1404,2,1,1,0,1,1,یاغون آباد
4300000000,106,1399,2,5,1,1,1,1,الهیه
1550000000,80,1402,2,1,1,0,0,1,کوی ولیعصر
11000000000,200,1404,3,6,6,1,1,1,سرافرازان
11000000000,200,1390,3,5,5,1,1,1,کوثر
8900000000,200,1404,3,5,5,1,1,1,کوی پلیس
8400000000,200,1404,3,5,4,1,1,1,الهیه
12000000000,200,1404,3,5,4,1,1,1,آیت الله کاشانی
9900000000,200,1402,3,6,6,1,1,1,امام خمینی
11000000000,200,1395,3,5,1,1,1,1,امام خمینی
13000000000,200,1404,3,1,1,1,1,1,فارغ التحصیلان
12500000000,200,1398,3,6,3,1,1,1,ارشاد
8600000000,200,1398,4,5,5,1,1,1,شهرک رازی (شهرک غرب)
15000000000,200,1404,3,6,6,1,1,1,وکیل‌آباد
8170000000,200,1403,3,6,6,1,1,1,فرهنگیان (شهرک غرب)
13900000000,200,1398,3,3,1,1,1,1,احمدآباد
6000000000,200,1404,4,6,3,1,1,1,ایثار
7400000000,200,1402,4,6,6,1,1,1,شهرک لشکر (شهرک غرب)
14500000000,200,1403,3,4,4,1,1,1,رضاشهر
10000000000,202,1402,3,6,5,1,1,1,هفده شهریور
12180000000,203,1402,3,6,5,1,1,1,امام رضا (ع)
21000000000,205,1404,3,2,2,1,1,1,کوثر
17500000000,205,1404,3,6,3,1,1,1,شهید فرامرز عباسی
6300000000,206,1404,3,5,5,1,1,1,ابوذر
10500000000,208,1396,4,5,5,1,1,1,اقبال
6000000000,210,1403,3,8,6,1,1,1,جانباز
6800000000,210,1401,3,7,1,1,1,1,جانباز
15760000000,211,1404,3,6,6,1,1,1,هنرستان
9115000000,212,1404,3,6,5,1,1,1,شهرک لشکر (شهرک غرب)
17000000000,220,1404,3,4,4,1,1,1,هنرستان
7200000000,220,1403,4,5,5,1,1,1,الهیه
14250000000,222,1403,3,4,4,1,1,1,فارغ التحصیلان
14000000000,230,1404,4,4,4,1,1,1,وکیل‌آباد
13800000000,239,1402,3,6,0,1,1,1,هفت تیر (حافظ)
11500000000,240,1404,3,5,2,1,1,1,جاهد شهر
23500000000,250,1404,3,7,5,1,1,1,کوثر
12500000000,250,1404,3,1,1,1,1,1,کوثر
20500000000,275,1396,3,0,0,1,1,1,آزادشهر
8690000000,140,1402,3,5,5,1,1,1,آزادشهر
16990000000,200,1404,3,5,5,1,1,1,آزادشهر
8000000000,160,1404,3,6,6,1,1,1,خرمشهر
5600000000,127,1403,3,6,2,1,1,1,الهیه
9595000000,160,1401,3,1,1,1,1,1,فارغ التحصیلان
2200000000,130,1404,3,2,2,1,1,1,کریم آباد
4200000000,120,1404,3,3,3,1,1,1,انقلاب
6000000000,127,1394,3,2,2,1,1,1,دانشجو
7800000000,166,1392,3,1,1,1,1,1,زیبا شهر
6400000000,134,1404,3,5,3,1,1,1,جاهد شهر
13000000000,185,1404,3,5,2,1,1,1,رضاشهر
6370000000,130,1403,3,9,3,1,1,1,فرهنگیان (شهرک غرب)
8900000000,145,1402,3,3,3,1,1,1,اقبال
35000000000,300,1403,4,30,0,1,1,1,وکیل‌آباد
21000000000,300,1404,3,0,0,1,1,1,کوثر
35000000000,309,1403,4,6,4,1,1,1,سجاد شهر
61000000000,317,1404,4,3,3,1,1,1,ملک‌آباد
37500000000,325,1403,4,6,4,1,1,1,سجاد شهر
39000000000,340,1403,4,6,5,1,1,1,سجاد شهر
400000000,80,1404,2,4,4,0,0,1,طبرسی شمالی
63750000000,510,1404,2,4,1,1,1,0,دانش
1050000000,40,1404,1,0,0,1,0,0,شهید مطهری
63000000000,450,1403,4,6,5,1,1,1,سجاد شهر
12000000000,50,1402,1,6,6,1,0,1,انقلاب
550000000,50,1402,1,1,1,0,0,0,رباط طرق
1430000000,50,1384,1,3,3,0,0,1,الهیه
2680000000,51,1388,1,3,0,0,0,1,سعد آباد
1400000000,50,1390,1,2,2,0,0,0,شهید مطهری
870000000,50,1396,1,3,3,0,0,1,بهمن
680000000,50,1404,1,3,3,0,0,1,طبرسی شمالی
650000000,50,1402,1,4,4,0,0,1,حضرت حجت
1000000000,50,1399,1,3,3,0,0,0,شهرک بهارستان
1250000000,50,1402,1,5,2,0,0,0,هنرور
4200000000,51,1403,1,6,6,1,1,1,سلام
2600000000,51,1388,1,4,4,0,1,1,هفده شهریور
920000000,52,1390,1,2,1,0,1,1,شهرک امام هادی (شهرک غرب)
1750000000,52,1390,1,6,3,0,1,0,کوی دروی
1100000000,55,1404,1,3,3,1,0,1,حضرت حجت
850000000,55,1399,1,2,2,0,0,0,نوید
1020000000,55,1394,1,3,3,0,0,0,یوسفیه (شهرک غرب)
850000000,55,1393,1,4,4,0,0,0,بهمن
600000000,55,1403,1,4,4,0,0,1,رباط طرق
1280000000,55,0,0,4,3,0,0,1,محمدآباد
1100000000,55,1404,1,1,1,0,0,0,مشهدقلی
2300000000,55,1383,1,4,4,0,1,1,هفت تیر (نه دره)
645000000,55,1390,1,2,1,0,0,1,مهدی آباد (بلوار توس)
1670000000,55,1391,1,2,2,0,0,0,سرافرازان
1400000000,55,1404,1,4,2,0,0,1,شهید مطهری
1350000000,55,1394,1,3,1,0,0,1,شهرک رازی (شهرک غرب)
920000000,55,1390,1,4,0,0,0,0,حضرت حجت
850000000,55,1402,1,4,2,0,0,1,توس (بلوار توس)
1880000000,60,1390,1,2,0,0,0,0,عبادی
2600000000,60,1395,2,2,2,0,1,0,ولیعصر (شهرک غرب)
890000000,60,1400,1,3,3,0,0,0,نوید
1750000000,60,1404,2,4,3,0,0,0,شهید مطهری
1300000000,60,1400,1,2,2,0,0,0,ایثارگران
3500000000000,60,1388,1,2,2,0,1,1,کوثر
1380000000,60,1404,1,0,0,1,0,1,طلاب
780000000,60,1404,2,1,1,0,0,0,مهدی آباد (بلوار توس)
1120000000,60,1398,2,4,1,0,0,0,کوی المهدی
1100000000,60,1403,1,1,1,0,0,0,هفت تیر (نه دره)
1200000000,60,1398,1,4,2,0,0,0,کوی المهدی
2160000000,60,1381,2,2,2,0,1,0,جاهد شهر
3000000000,63,1387,1,3,3,0,0,0,امام رضا (ع)
830000000,60,1390,1,2,1,0,0,1,کشف
321000,60,1404,1,3,1,0,0,0,کوه سنگی
1050000000,60,1402,1,4,3,0,0,0,بهمن
1050000000,60,1390,2,3,3,0,0,1,کوی ولیعصر
3100000000,60,1384,2,4,3,1,1,1,دانشجو
1200000000,60,1404,2,1,1,1,1,1,منزل آباد
1450000000,60,1397,1,3,3,0,0,0,رستگار
3000000000,60,1390,2,3,2,0,1,1,عبادی
3200000000,64,1394,2,4,4,1,1,1,مقدم
950000000,65,1398,1,3,3,0,0,0,توس (بلوار توس)
920000000,65,1400,1,3,1,0,1,1,توس (بلوار توس)
1850000000,65,1403,2,4,0,0,0,1,عبادی
1600000000,65,1385,0,2,2,0,0,0,کارگران
1650000000,65,1398,1,3,3,0,1,0,فاطمیه
1100000000,65,1400,1,4,2,0,0,0,ایثارگران
2050000000,65,1398,1,3,3,0,1,1,شهید مطهری
2050000000,70,1403,2,1,1,1,0,0,شهرک رازی (شهرک غرب)
1300000000,65,1400,1,1,1,0,1,1,نظام دوست
1050000000,65,1400,1,4,2,0,0,0,شهید قربانی
935000000,65,1388,1,2,1,0,0,1,توس (بلوار توس)
2500000000,65,1398,2,1,1,0,1,1,حسین‌آباد
900000000,65,1398,1,4,1,0,0,0,حضرت حجت
950000000,65,1402,1,2,2,0,0,1,طبرسی شمالی
870000000,65,1395,1,4,3,0,0,0,یوسفیه (شهرک غرب)
820000000,65,1400,1,3,3,0,0,0,طبرسی شمالی
630000000,65,1404,1,5,3,0,0,1,حضرت حجت
1700000000,67,1404,1,2,2,1,0,1,شهید مطهری
3000000000,68,1390,2,5,5,1,1,1,هفده شهریور
2500000000,70,1395,2,3,1,0,1,0,ادیب نیشابوری (شهرک غرب)
280000000,70,1398,1,3,3,1,1,1,الهیه
1450000000,70,1395,1,3,3,0,0,0,ابوذر
950000000,70,1403,2,4,1,0,0,1,شهرک امام هادی (شهرک غرب)
1100000000,70,1398,1,1,1,0,0,0,هفت تیر (نه دره)
940000000,70,1400,1,3,1,0,0,1,حضرت حجت
1800000000,70,1404,1,12,3,1,0,0,سمزقند
1650000000,70,1397,1,4,1,0,0,0,طلاب
1750000000,70,1400,1,1,1,0,0,1,وحید
1850000000,70,1390,1,0,0,0,1,1,شفا
1400000000,70,1390,1,3,3,0,0,0,شهید مطهری
2700000000,70,1396,1,3,1,0,1,1,الهیه
5200000000,70,1389,2,2,2,1,1,1,هنرستان
1850000000,70,1404,1,0,0,1,0,1,حجت
3500000000,70,1383,2,3,2,0,1,1,شهید بهشتی
1750000000,70,1402,2,2,2,0,0,0,صیدآباد
1820000000,70,1394,2,2,2,0,0,0,سمزقند
1680000000,70,1401,1,4,3,0,0,1,حیدرآباد
1950000000,70,1404,1,1,1,1,1,1,عبادی
1380000000,70,1395,1,3,1,0,0,1,فدک
1390000000,70,1404,2,3,3,1,1,1,کریم آباد
1400000000,70,1401,1,4,4,1,0,0,کوی ولیعصر
1150000000,70,1399,1,3,3,0,0,0,پنجتن
1340000000,70,1398,1,1,1,0,0,1,ایثارگران
1830000000,70,1386,2,3,3,0,1,0,الهیه
1520000000,70,1395,1,3,3,0,0,1,طلاب
100000000000,700,1404,4,7,7,1,1,1,سجاد شهر
1860000000,71,1385,2,3,3,0,1,1,الهیه
2480000000,72,1390,2,1,1,1,1,0,سرافرازان
1400000000,72,1400,2,1,1,0,1,1,نوید
2900000000,72,1387,2,4,4,0,1,1,صیاد شیرازی
5700000000,73,1390,2,6,4,1,1,1,آیت الله خامنه‌ای
3100000000,73,1397,2,4,3,1,1,1,الهیه
2990000000,73,1386,2,2,2,0,1,1,شهرآرا
3150000000,73,1392,2,4,1,1,1,0,نرگس (شهرک غرب)
1280000000,73,1404,2,3,3,1,0,1,امیریه
2350000000,74,1391,2,4,4,0,1,1,هفت تیر (نه دره)
6000000000,74,1404,2,2,2,1,1,1,خرمشهر
4630000000,74,1394,2,4,2,1,1,1,نیروی هوایی
970000000,75,1394,2,2,2,0,0,0,توس (بلوار توس)
1100000000,75,1400,2,3,3,0,0,1,رده
3400000000,75,1380,2,2,2,1,1,1,تربیت (صدف)
1800000000,75,1375,2,4,2,0,1,1,توس (بلوار توس)
2000000000,95,1404,1,6,6,1,0,1,خواجه ربیع
660000000,75,1398,2,2,2,0,0,1,انبارنفت
1150000000,75,1398,1,3,3,0,0,0,نوید
2370000000,75,1386,2,3,1,0,1,1,الهیه
3200000000,75,1396,2,3,3,1,1,1,جاهد شهر
1200000000,75,1401,1,2,2,0,0,1,شهید قربانی
980000000,75,1402,1,4,2,0,0,0,مهدی آباد (بلوار توس)
2150000000,75,1394,2,4,4,1,1,1,مشکینی (شهرک غرب)
1350000000,75,1399,1,4,0,0,1,1,شهرک امام هادی (شهرک غرب)
1050000000,75,1402,1,3,0,0,0,0,طرق
1750000000,75,1402,1,3,2,0,0,1,کوی ولیعصر
2100000000,75,1404,2,5,4,1,0,1,رستگار
2000000000,75,1404,2,4,1,0,1,0,کوی سیدی
1100000000,75,1404,1,2,2,0,0,1,طبرسی شمالی
1420000000,75,1400,1,4,4,1,0,1,شهرک امام هادی (شهرک غرب)
3150000000,75,1383,2,2,2,0,1,1,شهرک رازی (شهرک غرب)
2340000000,75,1387,2,4,4,0,1,1,فرهنگیان (شهرک غرب)
3100000000,75,1398,2,4,4,1,1,1,امیریه
6000000000,75,1404,2,6,2,1,1,1,کوشش
800000000,75,1401,1,3,0,0,0,0,شهید بصیر
1380000000,75,1390,2,2,2,0,0,1,مشهدقلی
2550000000,75,1390,1,3,3,0,0,1,سرافرازان
3890000000,75,1390,2,4,3,1,1,1,هفت تیر (حافظ)
2850000000,75,1388,2,2,2,0,1,1,فرهنگیان (شهرک غرب)
1300000000,75,1404,1,1,1,1,0,1,بهمن
1250000000,75,1404,2,1,1,0,0,1,نظام دوست
1610000000,75,1396,2,4,3,0,0,1,طلاب
4175000000,75,1395,2,4,3,1,1,1,زیبا شهر
2520000000,75,1391,2,1,1,1,1,1,مشکینی (شهرک غرب)
1100000000,75,1400,1,3,3,0,0,0,توس (بلوار توس)
2700000000,75,1389,2,5,1,1,1,1,جاهد شهر
1800000000,75,1394,1,3,3,0,0,0,گلشور
2000000000,75,1393,2,4,4,0,0,0,شهرآرا
2300000000,75,1389,2,4,4,0,1,1,فرهنگیان (شهرک غرب)
1800000000,75,1404,1,5,5,1,1,1,فدک
4200000000,75,1394,2,4,3,1,1,1,امام رضا (ع)
1750000000,75,1395,1,3,2,0,0,1,فاطمیه
1900000000,75,1390,1,3,2,0,0,1,فاطمیه
750000000,75,1404,2,2,2,0,0,0,چاهشک
3300000000,75,1397,2,3,3,1,1,1,شیرودی
3700000000,75,1404,2,5,3,1,1,1,شهرک لشکر (شهرک غرب)
1820000000,76,1403,2,5,3,1,1,1,مشکینی (شهرک غرب)
3130000000,76,1392,2,3,3,1,1,1,حجاب (شهرک غرب)
6300000000,76,1403,2,6,2,1,1,1,امام رضا (ع)
3300000000,77,1392,2,4,3,1,1,1,سرافرازان
2850000000,77,1390,2,4,3,1,1,0,امیر
2000000000,77,1398,2,5,1,0,0,1,مشکینی (شهرک غرب)
3800000000,77,1394,2,4,4,1,1,1,فرهنگیان (شهرک غرب)
2500000000,78,1393,2,4,1,1,0,0,شاهد (شهرک غرب)
3300000000,78,1399,2,3,3,1,1,1,چهارچشمه
9300000000,78,1404,2,1,1,1,1,1,آیت الله خامنه‌ای
3050000000,78,1394,2,1,1,1,1,1,امیریه
2745000000,78,1390,2,2,2,1,1,1,الهیه
785000000,78,1398,1,3,3,0,0,0,حضرت حجت
2500000000,78,1382,2,4,4,0,0,1,حسابی جنوبی (شهرک غرب)
1900000000,79,1404,2,3,3,1,1,1,سیس‌آباد
4250000000,102,1400,2,4,1,1,1,1,الهیه
3050000000,80,1395,2,4,1,1,1,1,امیریه
2050000000,80,1392,2,2,2,0,0,1,شهید مطهری
1700000000,80,1398,2,2,2,0,0,0,هنرور
2100000000,80,1404,2,1,1,1,1,1,فدک
1100000000,80,1401,2,3,3,0,0,1,حضرت حجت
4500000000,80,1380,2,5,1,0,1,1,هنرستان
1150000000,80,1400,1,3,0,0,0,1,مشهدقلی
3300000000,80,1394,2,4,4,1,1,1,هفده شهریور
1730000000,80,1398,2,7,2,0,1,0,سپاد
1490000000,80,1402,2,1,1,1,1,1,طبرسی شمالی
1000000000,80,1401,1,2,2,0,0,1,طبرسی شمالی
2000000000,80,1393,2,4,4,1,0,0,تلگرد
3780000000,80,1388,2,1,1,1,1,1,هفت تیر (آب و برق)
4000000000,80,1392,2,4,4,1,1,1,کوشش
3500000000,80,1386,2,2,2,0,1,1,هفده شهریور
6400000000,80,1403,2,6,4,1,1,1,امام رضا (ع)
3050000000,80,1389,2,1,1,0,0,0,خرمشهر
7800000000,80,1404,2,2,2,1,1,1,امام رضا (ع)
2520000000,80,1385,2,3,2,0,1,1,شاهد (شهرک غرب)
2590000000,80,1393,2,4,4,1,1,1,الهیه
1100000000,80,1400,2,3,3,0,0,1,نوده
1200000000,80,1397,2,3,3,0,0,1,توس (بلوار توس)
10400000000,80,1403,2,6,3,1,1,1,امام رضا (ع)
4400000000,80,1388,2,4,3,1,1,1,هفت تیر (حافظ)
2000000000,80,1395,2,2,2,0,0,0,مشکینی (شهرک غرب)
2800000000,80,1388,2,3,3,0,0,1,فارغ التحصیلان
2350000000,80,1404,2,6,1,1,1,1,مشکینی (شهرک غرب)
2100000000,80,1404,2,3,0,0,1,1,گاز
2850000000,80,1404,2,4,4,1,0,0,سرافرازان
3400000000,80,1404,2,5,1,1,1,1,الهیه
980000000,80,1400,2,3,3,0,0,1,حضرت حجت
1430000000,80,1396,2,4,4,1,0,0,یوسفیه (شهرک غرب)
3600000000,80,1389,2,4,3,0,1,1,آزادشهر
1200000000,83,1404,2,3,3,1,1,1,هنرستان
6500000000,82,1396,2,2,2,1,1,1,امام رضا (ع)
6500000000,82,1396,2,2,2,1,1,1,امام رضا (ع)
3200000,82,1388,2,4,2,0,1,1,فتح المبین
4510000000,82,1404,2,5,1,1,1,1,شاهد (شهرک غرب)
3400000000,82,1392,2,3,2,0,1,1,رضاشهر
3100000000,82,1398,2,4,4,1,1,1,گاز
1711000000,82,1399,2,3,1,0,0,0,ایثارگران
3650000000,85,1386,2,4,3,0,1,1,فردوسی
970000000,82,1401,2,3,1,0,0,1,سیس‌آباد
3050000000,83,1388,2,3,3,0,1,1,شاهد (شهرک غرب)
1900000000,83,1395,1,4,3,0,0,1,مشکینی (شهرک غرب)
5350000000,83,1392,2,2,2,1,1,1,امام رضا (ع)
3390000000,83,1394,1,2,2,1,1,0,الهیه
4330000000,84,1394,2,4,4,1,1,1,آزادشهر
2350000000,84,1390,2,4,4,0,1,1,حجاب (شهرک غرب)
3400000000,84,1394,2,4,2,1,1,0,الهیه
5870000000,84,1397,2,5,0,1,1,0,کوشش
2800000000,84,1396,2,8,3,1,1,1,الهیه
1620000000,85,1399,1,3,3,0,0,1,هنرور
3690000000,85,1390,2,1,1,1,1,1,شاهد (شهرک غرب)
2250000000,85,1404,2,1,1,1,0,0,حسین‌آباد
920000000,85,1402,2,0,0,0,0,0,حضرت حجت
3600000000,85,1385,2,1,1,1,1,1,صیاد شیرازی
2100000000,85,1394,2,4,3,1,0,1,شفا
1590000000,85,1393,2,2,2,0,0,1,یوسفیه (شهرک غرب)
4350000000,85,1392,2,4,2,1,1,1,هفت تیر (آب و برق)
4580000000,85,1396,2,1,1,1,1,1,شهرآرا
2400000000,85,1396,2,4,4,1,1,1,شهید مطهری
1890000000,85,1402,2,5,5,1,0,1,شهرک بهارستان
5500000000,85,1401,2,5,2,1,1,1,کوشش
980000000,85,1400,1,2,2,0,0,1,نوده
2800000000,85,1403,2,5,2,1,1,1,رضاییه
2250000000,85,1404,2,6,1,1,0,1,شهرک صنعتی مشهد
3200000000,85,1396,2,5,2,1,1,1,امیریه
3640000000,85,1383,2,1,1,1,1,1,صیاد شیرازی
2000000000,85,1403,1,6,6,1,0,1,حرم مطهر رضوی
3200000000,85,1396,2,2,2,1,1,1,امیریه
1580000000,85,1400,2,4,4,1,0,1,توس (بلوار توس)
1820000000,85,1395,1,4,2,0,0,0,مشکینی (شهرک غرب)
8000000000,85,1404,2,4,4,1,1,1,آیت الله خامنه‌ای
3250000000,85,1386,2,1,1,0,1,1,فرهنگیان (شهرک غرب)
1950000000,85,1402,2,7,3,1,0,1,نکاح
3050000000,85,1398,2,2,2,1,1,1,حسین‌آباد
3800000000,85,1400,2,2,2,1,1,1,فرهنگیان (شهرک غرب)
2800000000,85,1391,2,1,1,0,1,1,الهیه
2750000000,85,1396,2,1,1,0,1,1,الهیه
5000000000,85,1392,2,3,2,1,1,1,کوه سنگی
3080000000,85,1398,2,3,3,1,1,1,حسابی جنوبی (شهرک غرب)
3200000000,85,1404,2,2,2,1,1,1,آیت الله کاشانی
2700000000,85,1391,2,4,1,0,1,1,الهیه
4250000000,85,1404,2,2,2,1,1,1,فرهنگیان (شهرک غرب)
16500000,85,1404,2,3,3,0,0,1,رسالت
1180000000,85,1397,2,4,4,0,0,1,نوید
2550000000,85,1395,2,1,1,1,0,1,هنرور
1430000000000,85,1402,2,4,3,1,0,0,نوید
2000000000,85,1399,2,2,2,1,1,0,نوید
3640000000,85,1390,2,1,1,1,1,1,هفت تیر (آب و برق)
3690000000,85,1388,2,3,1,0,1,1,صیاد شیرازی
3850000000,86,1388,2,3,3,0,1,1,امام رضا (ع)
4550000000,86,1404,2,5,1,1,1,1,شاهد (شهرک غرب)
3250000000,86,1387,2,7,1,0,1,1,جاهد شهر
1800000000,87,1400,2,4,4,1,1,0,توس (بلوار توس)
3230000000,78,1389,2,3,1,0,1,1,فرهنگیان (شهرک غرب)
1300000000,87,1401,2,3,3,0,0,0,توس (بلوار توس)
3430000000,88,1395,2,4,3,1,1,1,الهیه
6600000000,88,1404,2,3,3,1,1,1,هفت تیر (آب و برق)
4400000000,88,1404,2,5,2,1,1,1,امیریه
3700000000,88,1404,2,5,1,1,1,1,الهیه
5000000000,89,1398,2,1,1,1,1,1,امام خمینی
3600000000,89,1389,2,3,3,0,1,1,هفت تیر (آب و برق)
4900000000,90,1385,2,3,2,0,1,1,کوثر
2950000000,95,1393,2,2,2,1,1,1,طلاب
2520000000,85,1380,2,2,2,0,1,1,ادیب نیشابوری (شهرک غرب)
2150000000,90,1390,2,3,3,0,0,0,عامل
12300000000,87,1404,2,3,3,0,0,1,حضرت حجت
5700000000,90,1402,2,2,2,1,1,1,امام رضا (ع)
7500000000,90,1402,2,6,4,1,1,1,امام رضا (ع)
1000000000,90,1404,1,3,3,0,0,1,طبرسی شمالی
1350000000,90,1390,1,3,1,0,0,0,طبرسی شمالی
2700000000,90,1396,2,10,4,1,1,1,هدایت
1300000000,90,1397,1,2,2,0,0,1,نوید
6570000000,90,1404,2,4,2,1,1,1,گوهرشاد
3100000000,90,1404,2,3,3,1,1,1,شهید مطهری
8000000000,90,1403,2,1,1,1,1,1,سلام
1600000000,90,1404,2,5,1,0,0,1,طبرسی شمالی
4000000000,90,1393,2,4,3,1,1,1,هفده شهریور
3100000000,90,1398,2,5,5,1,1,0,چهارچشمه
2680000000,90,1404,2,5,2,1,1,0,شهرک رازی (شهرک غرب)
5700000000,90,1392,2,4,2,0,1,1,کوثر
3750000000,90,1390,2,2,2,0,1,1,شهید بهشتی
3300000000,90,1394,2,4,4,1,1,1,الهیه
1590000000,90,1403,1,0,0,0,1,1,طبرسی شمالی
2580000000,90,1394,2,4,0,0,0,0,سرافرازان
3980000000,90,1394,2,4,4,1,1,1,فرهنگیان (شهرک غرب)
4050000000,100,1400,2,4,4,1,1,1,الهیه
2300000000,90,1385,2,3,1,0,0,0,رده
1150000000,90,1403,2,0,0,0,0,0,شهید قربانی
3990000000,90,1403,2,1,1,1,1,1,الهیه
1200000000,90,1394,2,3,3,0,0,1,بهمن
3500000000,90,1396,2,4,4,1,1,1,الهیه
2050000000,90,1396,2,4,3,0,0,1,عبادی
4300000000,90,1393,2,4,4,1,1,1,شهرآرا
9900000000,90,1403,2,2,2,1,1,1,حرم مطهر رضوی
3550000000,90,1395,2,3,1,0,1,1,جاهد شهر
3870000000,90,1404,2,5,3,1,1,1,امیریه
3520000000,90,1402,2,5,1,1,1,1,الهیه
8000000000,90,1402,2,7,2,1,1,1,امام رضا (ع)
3500000000,90,1404,2,5,2,1,1,1,امیریه
2400000000,90,1394,2,4,1,1,1,1,کوی المهدی
3300000000,90,1404,2,1,1,1,1,1,امیریه
1495000000,90,1401,2,3,3,0,0,1,نظام دوست
2810000000,90,1401,2,4,3,1,1,1,شهرک لشکر (شهرک غرب)
4000000000,92,1390,2,1,1,1,1,1,اقبال
700000000,92,1404,2,2,2,0,0,0,نوده
700000000,92,1404,2,2,2,0,0,0,نوده
3900000000,92,1393,2,1,1,1,1,0,الهیه
3600000000,90,1395,2,1,1,1,1,1,الهیه
3600000000,92,1395,2,4,2,1,1,0,الهیه
4400000000,92,1404,2,5,4,1,1,1,جاهد شهر
3680000000,92,1404,2,1,1,1,1,1,امیریه
3350000000,92,1386,2,3,2,0,1,1,هفت تیر (آب و برق)
3650000000,92,1399,2,4,2,1,1,1,امیریه
3400000000,93,1387,2,1,1,0,1,1,فرهنگیان (شهرک غرب)
3200000000,90,1394,2,4,1,1,1,1,سرافرازان
3600000000,93,1404,2,5,4,1,1,1,هفده شهریور
3700000000,93,1394,2,3,3,0,1,1,حجت
4000000000,93,1395,2,5,1,1,1,1,جاهد شهر
4560000000,93,1404,2,6,4,1,1,1,جاهد شهر
4600000000,93,1399,2,5,4,1,1,1,جاهد شهر
4300000000,93,1384,2,3,3,0,1,0,سعد آباد
3450000000,93,1397,2,2,2,1,1,1,امیریه
4300000000,93,1386,2,3,3,0,1,1,کوثر
4600000000,94,1380,2,3,3,1,1,1,نیروی هوایی
2650000000,95,1388,2,3,3,0,1,1,صداقیه
3000000000,95,1393,2,3,1,1,0,0,ایثار
3400000000,95,1386,2,2,2,0,1,1,ادیب نیشابوری (شهرک غرب)
4650000000,95,1399,2,2,2,1,1,1,شاهد (شهرک غرب)
1900000000,95,1397,2,4,5,1,1,1,کوی المهدی
1200000000,95,1400,2,4,3,0,0,1,توس (بلوار توس)
4100000000,95,1404,2,5,3,1,1,1,الهیه
7400000000,95,1403,2,6,4,1,1,1,امام رضا (ع)
4560000000,95,1404,2,4,4,1,1,1,الهیه
5500000000,95,1385,2,2,2,0,1,1,رضاشهر
1950000000,95,1395,2,3,2,0,0,1,یوسفیه (شهرک غرب)
1300000000,95,1400,2,4,4,0,0,1,نظام دوست
5100000000,95,1400,2,5,4,1,1,1,شهید رضوی
3900000000,95,1398,2,4,3,1,1,1,نرگس (شهرک غرب)
2215000000,135,1397,1,4,4,0,0,1,سرافرازان
4370000000,95,1404,2,5,2,1,1,1,الهیه
2000000000,95,1393,2,4,1,0,0,0,فدک
2500000000,95,1403,2,4,4,1,1,0,انقلاب
4100000000,96,1390,2,1,1,1,1,1,هفت تیر (آب و برق)
5200000000,96,1391,2,0,0,1,1,0,عنصری
4150000000,96,1404,2,5,3,1,1,1,حسابی جنوبی (شهرک غرب)
5500000000,96,1404,2,5,1,1,1,1,الهیه
4850000000,96,1392,2,3,1,0,1,1,کوشش
3168000000,96,1404,2,5,3,1,1,1,یاس
3000000000,97,1404,2,3,3,1,1,1,مشکینی (شهرک غرب)
1650000000,97,1404,2,1,1,1,0,0,کشف
6000000000,97,1401,2,4,2,1,1,1,کوثر
2350000000,97,1399,2,3,3,1,1,1,وکیل‌آباد
4900000000,97,1386,2,3,0,0,1,1,فرهنگ
3800000000,97,1398,2,5,2,1,1,1,جاهد شهر
3850000000,97,1401,2,4,2,1,1,1,الهیه
4025000000,97,1404,2,3,3,1,1,1,امیریه
4760000000,96,1389,2,4,0,0,1,1,بهاران
2380000000,98,1395,2,3,2,0,1,1,هنرور
4000000000,98,1395,2,4,3,1,1,1,الهیه
9405000000,99,1403,2,6,3,1,1,1,امام رضا (ع)
5650000000,99,1402,2,6,3,1,1,1,کوشش
10000000000,156,1404,3,3,3,1,1,1,آزادشهر
1520000000,105,1399,2,4,4,1,0,1,کشف
500000000000,150,1404,4,6,6,1,1,1,جاهد شهر
880000000,57,1404,1,4,4,0,0,0,شهرک بهارستان
7000000000,180,1404,3,5,4,1,1,1,امیریه
700000000,60,1403,1,2,2,0,0,0,نوده
1200000000,60,1400,1,0,0,0,1,1,شهید معقول
950000000,72,1389,1,4,4,0,0,0,یوسفیه (شهرک غرب)
4400000000,80,1384,2,2,2,1,1,1,رضاشهر
1800000000,80,1393,1,0,0,0,0,1,ثامن
2250000000,80,1401,1,2,2,1,0,1,شهید مطهری
3700000000,139,1390,3,4,4,1,1,1,هدایت
2400000000,120,1402,2,5,5,1,1,0,حضرت حجت
3600000000,110,1401,2,1,1,1,1,0,کوی المهدی
2400000000,70,1401,1,3,1,0,0,0,مصلی (کارمندان اول)
1250000000,50,1400,1,0,0,1,0,0,نظام دوست
1950000000,100,1400,2,5,3,0,0,1,فدک
3600000000,99,1380,2,4,3,1,1,1,یاس
1500000000,75,1390,1,1,1,0,0,1,جانباز
1300000000,110,1404,2,2,2,0,0,0,دوست آباد
1500000000,70,1390,1,3,3,0,0,0,شهرک بهارستان
3700000000,98,1385,2,1,1,0,0,1,سناباد
7410000000,190,1404,3,5,5,1,1,1,الهیه
1350000000,75,1403,2,1,1,0,0,1,طبرسی شمالی
5000000000,135,1400,3,2,2,1,1,1,ایثار
41000000000,125,1404,2,2,2,1,1,1,حسین‌آباد
1800000000,70,1392,2,4,2,1,0,1,فاطمیه
1500000000,100,1400,2,2,2,0,1,1,کشف
100000000,75,1399,1,4,2,0,0,1,حضرت حجت
3550000000,88,1395,2,3,3,0,0,0,ارشاد
3200000000,100,1395,2,10,1,1,1,1,طلاب
3600000000,80,1387,2,8,2,0,1,1,تربیت (صدف)
3300000000,160,1403,1,2,2,0,0,1,انصار
4700000000,163,1404,3,7,5,1,1,1,فدک
6000000000,120,1398,2,1,1,1,1,1,آیت الله کاشانی
1100000000,65,1402,2,3,3,1,0,1,حضرت حجت
1600000000,78,1404,1,0,0,0,1,0,کوشک مهدی
1050000000,100,1401,1,4,4,0,0,1,رده
7000000000,100,1403,2,4,2,1,1,1,امام رضا (ع)
3900000000,100,1391,2,2,2,0,1,0,بهارستان
7500000000,100,1403,2,6,3,1,1,1,امام رضا (ع)
1900000000,100,1391,2,4,3,0,0,0,مشکینی (شهرک غرب)
2850000000,100,1401,2,5,5,1,1,1,شهید مطهری
5490000000,100,1391,2,4,1,1,1,1,هفت تیر (آب و برق)
4350000000,100,1393,2,4,4,1,1,1,هفت تیر (آب و برق)
4550000000,102,1403,2,1,1,1,1,1,نرگس (شهرک غرب)
6695000000,103,1403,2,4,2,1,1,1,امام رضا (ع)
5500000000,104,1385,1,3,1,0,1,1,خواجه ربیع
7000000000,105,1401,2,6,3,1,1,1,امام رضا (ع)
7350000000,105,1404,2,2,2,1,1,1,هنرستان
5720000000,105,1404,2,5,5,1,1,1,فرهنگیان (شهرک غرب)
4600000000,106,1400,2,3,3,1,1,1,الهیه
7000000000,107,1403,2,5,5,1,1,1,امام رضا (ع)
4995000000,108,1404,2,4,2,1,1,1,شهرک رازی (شهرک غرب)
4950000000,108,1391,2,4,3,1,1,1,هفت تیر (آب و برق)
7700000000,110,1403,2,5,4,1,1,1,امام رضا (ع)
7000000000,110,1401,2,2,2,1,1,1,سلام
8250000000,110,1403,2,6,4,1,1,1,امام رضا (ع)
8800000000,110,1403,2,6,3,1,1,1,امام رضا (ع)
4200000000,105,1403,2,4,4,1,1,1,جاهد شهر
8800000000,110,1403,2,6,3,1,1,1,امام رضا (ع)
2300000000,110,1404,2,5,4,1,1,0,شهرک امام هادی (شهرک غرب)
2650000000,110,1403,2,2,2,0,0,1,شفا
7700000000,110,1404,2,6,5,1,1,1,امام رضا (ع)
1750000000,110,1403,2,5,1,0,0,1,طبرسی شمالی
3700000000,110,1403,2,6,1,1,1,1,حسین‌آباد
2400000000,110,1403,2,3,3,1,1,1,نوید
4250000000,110,1386,2,4,3,0,1,1,آزادشهر
4600000000,110,1392,2,2,2,0,1,1,هفت تیر (آب و برق)
5000000000,111,1397,2,1,1,1,1,1,شهید مطهری
4590000000,111,1402,2,5,5,1,1,1,الهیه
2900000000,112,1403,2,6,5,1,1,1,ایثار
2880000000,112,1403,2,5,5,1,1,1,ایثار
4650000000,115,1404,2,4,4,1,1,1,الهیه
7700000000,115,1403,2,6,3,1,1,1,امام رضا (ع)
7475000000,115,1403,2,6,1,1,1,1,امام رضا (ع)
3400000000,115,1403,2,3,3,1,1,1,گلبرگ
5250000000,115,1385,2,1,1,0,1,1,رضاشهر
2500000000,115,1403,2,3,2,0,1,1,پروین اعتصامی
6500000000,115,1404,3,4,4,1,1,1,تربیت (صدف)
4650000000,115,1395,2,4,4,1,1,1,شهید مطهری
8500000000,117,1402,2,6,4,1,1,1,امام رضا (ع)
7800000000,117,1401,2,6,4,1,1,1,حرم مطهر رضوی
6100000000,118,1402,2,6,6,1,1,1,امام رضا (ع)
2450000000,120,1402,2,1,1,0,1,1,سپاد
3350000000,120,1404,2,6,1,1,1,1,یاس
2650000000,120,1398,2,5,5,1,0,1,طلاب
9000000000,120,1403,2,6,4,1,1,1,امام رضا (ع)
12000000000,120,1404,3,6,2,1,1,1,آیت الله خامنه‌ای
5324000000,121,1394,2,3,3,1,1,1,خرمشهر
8750000000,125,1403,3,4,4,1,1,1,امام رضا (ع)
8875000000,125,1403,2,5,3,1,1,1,هفده شهریور
7000000000,125,1393,2,5,5,1,1,1,سید رضی
9375000000,125,1403,2,6,6,1,1,1,امام رضا (ع)
6600000000,125,1400,2,4,4,1,1,1,رضاشهر
5200000000,125,1403,2,5,3,1,1,1,الهیه
10000000000,125,1396,2,5,1,1,1,1,کوثر
4150000000,125,1404,2,3,3,1,1,1,رستگار
5550000000,125,1404,2,5,2,1,1,1,سمزقند
5300000000,125,1397,3,4,4,1,1,1,شاهد (شهرک غرب)
5490000000,125,1399,3,5,5,1,1,1,فرهنگیان (شهرک غرب)
4320000000,126,1396,2,1,1,1,1,1,رستگار
4500000000,127,1396,2,1,1,1,1,1,رستگار
5900000000,127,1392,3,5,5,1,1,1,هفت تیر (آب و برق)
8450000000,130,1403,2,6,1,1,1,1,امام رضا (ع)
6900000000,130,1404,3,2,2,1,1,1,الهیه
8750000000,120,1404,3,5,2,1,1,1,ده دی
7500000000,130,1392,3,2,2,1,1,0,آزادشهر
3000000000,132,1403,2,2,2,1,1,0,شهید مطهری
6300000000,132,1401,3,4,4,1,1,1,الهیه
4600000000,135,1404,3,5,5,1,1,1,کوی المهدی
5050000000,135,1404,3,5,5,1,1,1,الهیه
10200000000,135,1404,3,5,3,1,1,1,رضاشهر
7950000000,135,1400,2,5,1,1,1,1,امام رضا (ع)
6500000000,135,1390,3,4,1,1,1,1,هفت تیر (آب و برق)
7700000000,135,1404,3,5,3,1,1,1,شهرآرا
6700000000,137,1396,2,4,2,1,1,1,هفده شهریور
4460000000,140,1404,3,6,2,1,1,1,شهید مطهری
6850000000,140,1404,3,5,1,1,1,1,هنرور
4650000000,141,1400,3,6,6,1,1,1,حسین‌آباد
7050000000,140,1404,3,5,5,1,1,1,ولیعصر (شهرک غرب)
7700000000,140,1402,3,5,5,1,1,1,هفده شهریور
4550000000,145,1403,3,2,2,1,1,1,رستگار
3800000000,145,1403,3,7,7,1,1,1,رستگار
10870000000,145,1404,3,3,3,1,1,1,فارغ التحصیلان
8900000000,145,1400,3,5,3,1,1,1,فارغ التحصیلان
4700000000,147,1404,3,6,1,1,1,1,شهید مطهری
8400000000,150,1399,3,0,0,1,1,1,کوه سنگی
6750000000,150,1402,3,6,4,1,1,1,شهید مطهری
8100000000,155,1397,3,5,3,1,1,1,امام رضا (ع)
7500000000,155,1404,3,3,3,1,1,1,الهیه
5150000000,155,1402,3,5,4,1,1,1,طلاب
6950000000,155,1398,3,5,5,1,1,1,تربیت (صدف)
9760000000,155,1404,2,4,4,1,1,1,دانشجو
7950000000,155,1401,3,6,6,1,1,1,سید رضی
7000000000,155,1403,3,4,4,1,1,1,میعاد (شهرک غرب)
7100000000,155,1387,3,1,1,0,1,0,شهید فرامرز عباسی
10000000000,155,1403,3,6,5,1,1,1,امام رضا (ع)
10500000000,156,1404,3,6,3,1,1,1,اقبال
8700000000,157,1392,3,5,5,1,1,1,سناباد
11900000000,158,1404,3,3,3,1,1,1,شهید فرامرز عباسی
8300000000,158,1396,3,5,1,1,1,1,آزادشهر
10000000000,160,1404,3,1,1,1,1,1,فارغ التحصیلان
15000000000,160,1404,3,5,2,1,1,1,کوثر
8795000000,160,1404,3,2,2,1,1,1,شاهد (شهرک غرب)
6000000000,160,1402,3,5,5,1,1,1,حسین‌آباد
9440000000,160,1403,3,6,6,1,1,1,خرمشهر
11000000000,160,1403,3,6,6,1,1,1,امام رضا (ع)
9300000000,160,1403,3,6,5,1,1,1,خرمشهر
5800000000,160,1385,3,2,2,0,1,1,ادیب نیشابوری (شهرک غرب)
7400000000,160,1404,3,6,1,1,1,1,هنرور
7150000000,160,1404,3,2,2,1,1,1,میعاد (شهرک غرب)
5100000000,163,1404,3,6,5,1,1,1,شهید مطهری
9900000000,165,1404,3,3,3,1,1,1,امام رضا (ع)
12000000000,165,1404,3,2,2,1,1,1,فرهنگ
12250000000,165,1389,3,4,4,1,1,1,سجاد شهر
11450000000,165,1403,3,5,4,1,1,1,رضاشهر
11900000000,170,1404,3,5,5,1,1,1,امام رضا (ع)
12250000000,170,1397,3,5,5,1,1,1,کوثر
10200000000,170,1402,2,1,1,1,1,1,آزادشهر
4900000000,170,1399,3,7,3,1,1,1,جانباز
7650000000,170,1401,3,3,3,1,1,1,فرهنگیان (شهرک غرب)
11500000000,170,1404,3,2,2,1,1,1,شهید فرامرز عباسی
12000000000,170,1401,3,5,4,1,1,1,نیروی هوایی
10000000000,170,1404,3,4,4,1,1,1,شهرآرا
7700000000,170,1404,3,3,3,1,1,1,جاهد شهر
5500000000,175,1404,3,4,4,1,1,1,الهیه
5500000000,175,1386,2,0,0,1,1,1,امام رضا (ع)
8650000000,175,1400,3,5,4,1,1,1,رضاشهر
11980000000,180,1403,2,5,5,1,1,1,رضاشهر
8100000000,180,1404,3,4,4,1,1,1,فرهنگیان (شهرک غرب)
14600000000,180,1404,3,6,6,1,1,1,رضاشهر
11250000000,180,1404,3,6,6,1,1,1,سید رضی
12000000000,180,1401,3,1,1,1,1,1,فرهنگ
7700000000,185,1404,3,6,4,1,1,1,شهرک لشکر (شهرک غرب)
12500000000,185,1402,3,6,2,1,1,1,شهید فرامرز عباسی
12200000000,187,1404,3,3,3,1,1,1,جاهد شهر
11350000000,190,1401,3,5,5,1,1,1,امام خمینی
13500000000,190,1404,3,4,4,1,1,1,خرمشهر
9160000000,191,1401,3,4,4,1,1,1,امام رضا (ع)
16000000000,220,1404,3,5,5,1,1,1,امام رضا (ع)
10000000000,200,1404,3,3,3,1,1,1,شاهد (شهرک غرب)
15120000000,210,1403,3,6,3,1,1,1,امام رضا (ع)
13200000000,210,1404,3,6,4,1,1,1,آزادشهر
9450000000,210,1404,3,2,2,1,1,1,شاهد (شهرک غرب)
20000000000,260,1404,4,6,2,1,1,1,نیروی هوایی
26000000000,260,1404,4,2,2,1,1,1,وکیل‌آباد
4750000000,130,1404,3,7,1,1,1,1,شهید مطهری
9850000000,140,1403,3,2,2,1,1,1,هفت تیر (حافظ)
4950000000,55,1397,3,3,3,0,0,1,رده
1000000000,50,1403,1,4,2,0,1,1,بلال
4100000000,51,1403,1,6,6,1,1,1,امام رضا (ع)
1690000000,55,1387,1,0,0,0,1,1,جاهد شهر
2600000000,60,1404,1,3,1,0,1,0,هفده شهریور
1480000000,60,1402,1,4,4,1,0,0,شهرک بهارستان
1650000000,60,1402,1,4,0,1,0,1,طلاب
1500000000,65,1395,1,2,2,0,0,1,هنرور
900000000,65,1400,1,4,0,0,0,1,شهرک امام هادی (شهرک غرب)
1647000000,68,1404,2,5,2,1,0,1,حسین‌آباد
4300000000,70,1385,2,2,2,1,1,1,دانشجو
4760000000,70,1403,2,3,2,1,1,1,امام رضا (ع)
2750000000,70,1390,2,3,3,0,1,1,نرگس (شهرک غرب)
910000000,70,1395,1,3,0,0,0,0,حضرت حجت
1000000000,70,1404,2,5,3,1,0,1,طلاب
3400000000,72,1390,2,2,2,1,1,1,کوی پلیس
5600000000,73,1390,2,4,4,1,1,1,آیت الله خامنه‌ای
1680000000,75,1390,1,2,1,0,0,1,کوی المهدی
2450000000,75000,1401,2,6,3,1,1,0,رسالت
6000000000,75,1404,2,2,2,1,1,1,امام رضا (ع)
9000000000,75,1403,2,1,1,1,1,1,آیت الله خامنه‌ای
990000000,75,1403,2,3,0,0,0,0,کشف
9000000000,75,1403,2,1,1,1,1,1,حرم مطهر رضوی
3250000000,75,1391,2,4,4,1,1,0,هفده شهریور
3050000000,75,1384,2,3,3,0,1,1,هفت تیر (آب و برق)
3550000000,75,1391,2,4,4,1,1,1,سعد آباد
3700000000,76,1394,2,4,4,1,1,1,کوشش
2750000000,78,1394,2,5,1,1,1,1,الهیه
2850000000,78,1396,2,3,2,1,1,1,حسین‌آباد
6000000000,78,1404,2,6,2,1,1,1,امام رضا (ع)
2747000000,79,1395,2,3,2,0,1,1,طلاب
1620000000,80,1399,2,3,3,1,1,1,یوسفیه (شهرک غرب)
6450000000,80,1404,2,6,4,1,1,1,امام رضا (ع)
7600000000,80,1404,2,6,1,1,1,1,آیت الله خامنه‌ای
3280000000,80,1395,2,6,6,1,1,1,الهیه
980000000,80,1396,2,4,4,0,0,0,کشف
1680000000,80,1395,1,4,1,0,0,0,کوی المهدی
3650000000,80,1391,2,4,1,1,1,1,هفت تیر (آب و برق)
3200000000,81,1388,2,2,2,0,1,1,شاهد (شهرک غرب)
3800000000,81,1394,2,4,4,1,1,1,فرهنگیان (شهرک غرب)
3850000000,83,1394,2,4,4,1,1,1,فرهنگیان (شهرک غرب)
3540000000,83,1387,2,4,4,1,1,1,هفت تیر (آب و برق)
6000000000,85,1403,2,6,3,1,1,1,امام رضا (ع)
6500000000,85,1403,2,6,1,1,1,1,امام رضا (ع)
3300000000,85,1387,2,3,3,0,1,1,نیروی هوایی
5700000000,89,1403,2,4,4,1,1,1,امام رضا (ع)
2700000000,85,1396,2,1,1,1,1,1,فاطمیه
2430000000,85,1395,2,3,3,1,1,1,رستگار
6375000000,85,1403,2,6,5,1,1,1,امام رضا (ع)
6000000000,85,1403,2,6,2,1,1,1,امام رضا (ع)
2400000000,85,1397,2,3,3,1,1,1,رستگار
6000000000,85,1403,2,6,3,1,1,1,امام رضا (ع)
3750000000,85,1387,2,3,3,0,1,1,دانشجو
2250000000,85,1396,2,2,2,0,0,1,ایثارگران
8170000000,86,1403,2,6,2,1,1,1,امام رضا (ع)
2420000000,86,1396,2,3,3,1,1,1,امیر
1800000000,87,1383,2,0,0,0,0,1,شهرک امام هادی (شهرک غرب)
3050000000,88,1396,2,4,4,1,1,1,رستگار
2850000000,89,1384,2,3,3,0,1,1,سمزقند
8100000000,89,1403,2,6,6,1,1,1,امام رضا (ع)
2490000000,90,1396,2,2,2,1,1,1,یاس
3100000000,90,1397,2,5,5,1,1,1,جاهد شهر
5500000000,90,1394,2,4,2,1,1,1,کوثر
2050000000,90,1404,2,5,5,1,0,1,امیر
6300000000,90,1403,2,6,2,1,1,1,امام رضا (ع)
5000000000,90,1404,2,1,1,1,1,1,کوشش
1799000000,90,1390,2,3,1,0,1,1,یوسفیه (شهرک غرب)
7500000000,90,1404,2,4,4,1,1,1,امام رضا (ع)
7200000000,90,1403,2,7,2,1,1,1,امام رضا (ع)
6480000000,90,1403,2,6,2,1,1,1,امام رضا (ع)
3700000000,90,1395,2,4,2,1,1,1,نرگس (شهرک غرب)
1620000000,90,1403,2,4,3,0,0,1,یوسفیه (شهرک غرب)
1290000000,90,1404,1,4,3,0,1,1,نوده
2700000000,90,1404,2,7,4,1,1,1,جانباز
3550000000,90,1397,2,4,2,1,1,1,نرگس (شهرک غرب)
3900000000,90,1403,2,5,3,1,1,1,الهیه
3450000000,90,1389,2,3,3,0,1,1,هفت تیر (حافظ)
4000000000,90,1388,2,3,1,0,0,0,هفده شهریور
2900000000,90,1404,2,6,5,1,1,1,رسالت
1950000000,90,1401,2,3,1,1,1,1,منزل آباد
1620000000,90,1404,2,0,0,0,1,1,طبرسی شمالی
5690000000,91,1388,2,4,2,1,1,1,امام رضا (ع)
4500000000,92,1392,2,4,3,1,1,1,هفده شهریور
4750000000,93,1404,2,6,3,1,1,1,شهرک لشکر (شهرک غرب)
3410000000,93,1394,2,4,1,1,1,1,طلاب
10340000000,94,1404,2,2,2,1,1,1,آیت الله خامنه‌ای
1590000000,95,1393,2,4,4,0,1,0,کوی المهدی
5700000000,95,1403,2,5,3,1,1,1,امام رضا (ع)
5800000000,95,1403,2,1,1,1,1,1,امام رضا (ع)
4600000000,95,1399,2,4,4,1,1,1,الهیه
9200000000,95,1403,2,4,4,1,1,1,آیت الله خامنه‌ای
10450000000,95,1403,2,6,3,1,1,1,امام رضا (ع)
785000000,95,1404,2,2,2,0,0,1,طبرسی شمالی
3600000000,95,1404,2,4,4,1,1,1,الهیه
800000000,200,1403,2,2,2,0,1,1,شهرک مهرگان
4350000000,95,1404,2,4,4,1,1,1,الهیه
5000000000,95,1390,2,4,1,0,1,1,هفده شهریور
9120000000,96,1403,2,6,2,1,1,1,امام رضا (ع)
3327000000,96,1396,2,4,4,1,1,1,طلاب
7275000000,97,1403,2,6,2,1,1,1,امام رضا (ع)
3849000000,97,1404,2,6,1,1,1,1,حسین‌آباد
3400000000,98,1400,2,1,1,1,1,1,حسین‌آباد
5300000000,98,1404,2,5,4,1,1,1,شهرک لشکر (شهرک غرب)
2150000000,100,1403,2,3,0,0,1,1,توس (بلوار توس)
16200000000,180,1403,3,6,6,1,1,1,امام رضا (ع)
8000000000,205,1403,3,4,4,1,1,1,الهیه
2820000000,120,1388,1,4,0,0,1,1,شهید مطهری
4700000000,98,1399,2,2,2,1,1,1,جاهد شهر
4330000000,135,1404,2,6,6,1,1,1,شهید مطهری
3750000000,105,1390,2,3,3,0,1,0,شهرک رازی (شهرک غرب)
3800000000,105,1386,2,4,2,0,1,1,ولیعصر (شهرک غرب)
2890000000,75,1389,2,1,1,0,1,0,حسابی جنوبی (شهرک غرب)
2600000000,75,1380,2,0,0,0,1,0,حجاب (شهرک غرب)
7900000000,155,1404,2,0,0,1,1,1,اقبال
3000000000,125,1404,2,4,4,1,1,1,امیر
4700000000,110,1403,2,5,2,1,1,1,الهیه
6500000000,145,1404,3,3,3,1,1,1,الهیه
10000,95,1404,2,5,3,1,1,1,الهیه
7750000000,170,1404,3,6,1,1,1,1,الهیه
6200000000,131,1399,2,4,3,1,1,1,نیروی هوایی
2570000,83,1403,2,4,3,1,0,0,سمزقند
14000000000,200,1404,3,4,4,1,1,1,شهید فرامرز عباسی
11000000000,230,1394,3,5,5,1,1,1,هنرستان
1370000000,75,1403,2,3,2,0,1,1,کشف
1290000000,90,1403,2,3,3,0,0,0,ایثارگران
4800000000,80,1403,2,3,3,1,1,1,امام رضا (ع)
4250000000,85,1381,2,3,2,0,0,1,شهید هاشمی نژاد
11200000000,162,1403,3,5,2,1,1,1,اقبال
6950000000,158,1391,3,6,2,1,1,1,اقبال
66000000000,972,1404,3,6,6,1,1,1,اقبال
4100000000,107,1395,2,4,4,1,1,1,الهیه
13400000000,158,1404,3,5,5,1,1,1,آزادشهر
12000000000,160,1404,3,6,3,1,1,1,آزادشهر
6800000000,150,1404,3,4,2,1,1,1,شهرک رازی (شهرک غرب)
4600000000,85,1390,2,4,4,1,1,1,نیروی هوایی
4500000000,87,1392,2,3,1,0,1,1,نیروی هوایی
7500000000,100,1404,2,4,2,1,1,1,هفت تیر (حافظ)
5050000000,100,1404,2,1,1,1,1,1,فرهنگیان (شهرک غرب)
15790000000,205,1404,3,7,6,1,1,1,فرهنگ
13100000000,160,1404,3,6,2,1,1,1,فرهنگ
12500000000,175,1404,3,2,2,1,1,1,رضاشهر
13000000000,205,1393,3,4,3,1,1,1,رضاشهر
2800000000,105,1388,2,4,4,0,1,1,شهرک رازی (شهرک غرب)
6850000000,125,1401,3,5,5,1,1,1,سرافرازان
9500000000,170,1403,3,5,5,1,1,1,سرافرازان
16000000000,190,1404,3,6,5,1,1,1,آزادشهر
6500000000,105,1392,2,5,4,1,1,1,هفت تیر (حافظ)
9000000000,135,1402,3,6,6,1,1,1,هفت تیر (حافظ)
9116000000,212,1404,3,6,6,1,1,1,شهرک لشکر (شهرک غرب)
4500000000,93,1404,2,6,2,1,1,1,شهرک لشکر (شهرک غرب)
11200000000,160,1404,3,4,1,1,1,1,صیاد شیرازی
4120000000,89,1399,2,1,1,1,1,1,اقبال
11250000000,180,1388,1,3,3,1,1,1,وکیل‌آباد
3800000000,82,1393,2,4,1,1,1,1,خاتم الانبیا
7500000000,120,1395,3,6,2,1,1,1,کوثر
10000000000,142,1394,3,4,4,1,1,1,کوثر
21000000000,200,1404,3,2,2,1,1,1,کوثر
5780000000,140,1380,3,3,3,0,1,1,هفت تیر (آب و برق)
7600000000,156,1390,3,2,2,1,1,1,هنرستان
10650000000,165,1391,3,5,4,1,1,1,هنرستان
7500000000,160,1380,3,4,4,1,1,1,دانشجو
9300000000,160,1400,3,1,1,1,1,1,فارغ التحصیلان
9000000000,128,1404,3,5,4,1,1,1,سناباد
4100000000,75,1390,2,3,1,0,1,1,صیاد شیرازی
5100000000,100,1404,2,6,2,1,1,1,الهیه
12650000000000,245,1387,3,4,5,1,1,1,راهنمایی
1400000000,55,1401,2,4,4,1,1,1,شهید قربانی
4000000000,114,1385,2,3,3,0,0,0,بهشت
4700000000,75,1388,2,3,1,0,1,1,احمدآباد
8700000000,145,1385,3,1,1,1,1,1,احمدآباد
38400000000,320,1404,4,6,2,1,1,1,احمدآباد
8500000000,145,1390,3,4,1,1,1,1,احمدآباد
8700000000,142,1385,3,1,1,1,1,1,احمدآباد
37260000000,320,1402,4,5,4,1,1,1,احمدآباد
13000000000,200,1404,3,3,3,1,1,1,کلاهدوز
5800000000,115,1401,2,3,2,0,1,1,کلاهدوز
6750000000,135,1388,3,3,2,0,1,1,سناباد
2700000000,125,1404,2,4,4,1,1,1,ایثارگران
3350000000,100,1404,2,3,3,1,1,1,گلبرگ
3400000000,100,1404,2,6,2,1,1,1,گلبرگ
4500000000,150,1404,3,6,6,1,1,1,موسوی قوچانی
6500000000,130,1394,2,0,0,1,1,0,سناباد
4000000,83,1390,2,1,1,1,1,1,سناباد
3750000000,105,1401,2,5,1,1,1,1,الهیه
2100000000,125,1403,2,4,1,1,1,1,خواجه ربیع
9000000000,150,1381,3,1,1,0,1,1,بهشت
13200000000,160,1404,3,1,1,1,1,1,بهشت
38000000000,620,1383,4,1,1,0,1,1,احمدآباد
17000000000,170,1404,3,2,2,1,1,1,بهشت
6800000000,105,1385,2,5,4,1,1,1,احمدآباد
12100000000,160,1391,3,5,5,1,1,1,احمدآباد
5000000000,84,1386,2,3,3,0,1,1,احمدآباد
8000000000,150,1383,3,2,2,0,1,1,بهشت
7200000000,140,1386,2,2,2,0,1,1,بهشت
7950000000,100,1404,2,2,2,1,1,1,احمدآباد
21400000000,165,1404,3,6,6,1,1,1,احمدآباد
3800000,65,1377,2,1,1,0,0,0,احمدآباد
17050000000,155,1404,3,6,1,1,1,1,احمدآباد
6825000000,140,1385,3,5,2,0,1,1,احمدآباد
12500000000,130,1404,3,6,6,1,1,1,بهشت
13200000000,150,1404,3,3,3,1,1,1,بهشت
12910000000,156,1404,2,5,5,1,1,1,احمدآباد
31750000000,235,1404,3,7,3,1,1,1,احمدآباد
11111000000000,130,1404,3,1,1,1,1,1,احمدآباد
2000000000,65,1390,2,4,4,0,1,1,ولیعصر (شهرک غرب)
2580000000,78,1393,2,3,3,0,1,1,ادیب نیشابوری (شهرک غرب)
2500000000,52,1388,2,0,0,0,0,1,چهارچشمه
1250000000,70,1404,1,1,1,0,0,1,طبرسی شمالی
6050000000,140,1404,3,4,4,1,1,1,الهیه
6435000000,143,1380,3,1,1,0,1,1,ارشاد
7500000000,116,1392,3,3,3,1,1,1,ارشاد
3850000000,110,1404,2,3,3,1,1,0,حجت
10400000000,160,1404,3,5,5,1,1,1,آزادشهر
2300000000,83,1404,2,4,4,1,1,1,هفت تیر (نه دره)
13950000000,192,1403,3,4,4,1,1,1,رضاشهر
29990000000,320,1404,4,6,6,1,1,1,رضاشهر
3400000000,76,1383,2,4,3,1,1,1,گوهرشاد
13600000000,156,1404,3,6,6,1,1,1,آزادشهر
18900000000,185,1404,3,6,6,1,1,1,آزادشهر
6600000000,102,1397,2,4,2,1,1,1,گوهرشاد
11500000000,160,1404,3,6,4,1,1,1,فرهنگ
2400000000,85,1404,2,2,2,1,1,1,عیدگاه
5500000000,60,1400,1,3,3,1,1,0,عیدگاه
8600000000,220,1402,3,6,4,1,1,1,گلبرگ شمالی
12500000000,188,1404,3,6,4,1,1,1,شهید فرامرز عباسی
6000000000,50,1404,1,7,7,1,1,0,بالا خیابان
9000000000,68,1404,1,4,4,1,1,0,شهید هاشمی نژاد
4300000000,85,1389,2,4,4,1,1,1,صیاد شیرازی
7100000000,158,1392,3,2,2,1,1,1,اقبال
5500000000,110,1404,2,6,2,1,1,1,اقبال
13200000000,220,1404,3,6,6,1,1,1,اقبال
11500000000,200,1404,3,5,2,1,1,1,صیاد شیرازی
6190000000,115,1396,2,3,3,1,1,1,فارغ التحصیلان
4100000000,85,1388,2,8,1,0,1,1,اقبال
8900000000,147,1400,3,5,3,1,1,1,اقبال
5450000000,100,1389,2,1,1,1,1,1,اقبال
6400000000,90,1404,2,5,1,1,1,1,اقبال
10500000000,204,1397,3,5,3,1,1,1,شهرآرا
4650000000,85,1394,2,4,4,1,1,1,اقبال
4690000000,110,1390,2,2,2,0,1,1,اقبال
5250000000,102,1388,2,5,4,1,1,1,اقبال
9500000000,140,1404,3,5,4,1,1,1,اقبال
13500000000,200,1403,3,4,4,1,1,1,اقبال
2400000000,90,1398,2,2,2,0,0,0,شهرآرا
6150000000,110,1404,3,4,1,1,1,1,اقبال
4650000000,85,1393,2,4,4,1,1,1,اقبال
4000000000,95,1390,2,4,3,1,1,1,شهرآرا
5450000000,105,1396,2,3,3,1,1,1,صیاد شیرازی
7400000000,135,1398,3,4,4,1,1,1,اقبال
4750000000,100,1392,2,4,4,1,1,1,اقبال
7300000000,130,1399,3,1,1,1,1,1,هفت تیر (آب و برق)
5700000000,107,1397,2,3,3,1,1,1,صیاد شیرازی
5000000000,110,1390,2,3,3,1,1,1,صیاد شیرازی
6500000000,110,1403,2,6,5,1,1,1,اقبال
8250000000,110,1404,2,5,5,1,1,1,اقبال
6400000000,125,1400,3,2,2,1,1,1,اقبال
7000000000,115,1395,2,4,4,1,1,1,اقبال
11200000000,165,1403,3,4,4,1,1,1,اقبال
3980000000,95,1388,2,2,2,1,1,1,شهرآرا
4000000,85,1390,2,3,3,1,1,1,شهرآرا
4400000000,88,1394,2,5,5,1,1,1,شهرآرا
9300000000,150,1404,3,5,5,1,1,1,اقبال
8900000000,145,1404,3,3,3,1,1,1,اقبال
5500000000,90,1404,2,3,3,1,1,1,اقبال
4400000000,99,1396,2,3,3,1,1,0,الهیه
4000000000,91,1400,2,4,3,1,1,1,الهیه
7500000000,161,1401,3,4,3,1,1,1,الهیه
5000000000,120,1404,2,4,4,1,1,1,الهیه
5100000000,103,1403,2,4,4,1,1,1,الهیه
4500000000,105,1401,2,5,2,1,1,1,الهیه
4050000000,107,1396,2,5,4,1,1,1,الهیه
3700000000,60,1398,2,6,6,1,1,1,الهیه
2300000000,45,1404,1,5,5,1,1,1,چهنو
4200000000,107,1404,2,4,2,1,1,1,الهیه
4580000000,100,1404,2,1,1,1,1,1,الهیه
11800000000,170,1404,3,6,6,1,1,1,دانشجو
50000000000,340,1404,4,4,4,1,1,1,کوثر
14800000000,165,1404,3,6,4,1,1,1,فرهنگ
17690000000,177,1403,3,6,5,1,1,1,آزادشهر
4480000000,100,1404,2,4,1,1,1,1,الهیه
5100000000,125,1404,2,5,3,1,1,1,جاهد شهر
2850000000,75,1388,2,4,4,1,1,1,جاهد شهر
5500000000,145,1404,3,6,5,1,1,1,الهیه
3900000000,100,1396,2,5,5,1,1,0,الهیه
4000000000,90,1395,2,4,4,1,1,1,الهیه
4700000000,105,1403,2,5,5,1,1,1,الهیه
3995000000,91,1400,2,4,4,1,1,1,الهیه
3650000000,107,1397,2,1,1,1,1,1,جاهد شهر
4900000000,100,1404,2,6,6,1,1,1,الهیه
4700000000,108,1401,2,1,1,1,1,1,الهیه
6300000000,152,1403,3,3,3,1,1,1,الهیه
6200000000,126,1403,2,6,5,1,1,1,امامیه (شهرک غرب)
4200000000,100,1400,2,8,2,1,1,1,الهیه
4550000000,100,1404,2,2,2,1,1,1,جاهد شهر
5300000000,105,1404,2,5,2,1,1,1,الهیه
4450000000,110,1404,2,2,2,1,1,1,الهیه
5000000000,120,1404,2,3,3,1,1,1,الهیه
3160000000,112,1393,2,1,1,1,1,1,جاهد شهر
1300000000,55,1385,1,3,3,0,1,1,الهیه
6100000000,165,1404,3,6,3,1,1,1,الهیه
7200000000,170,1404,3,5,2,1,1,1,الهیه
11750000000000,210,1403,3,6,6,1,1,1,الهیه
7920000000,220,1403,4,6,2,1,1,1,الهیه
9250000000,250,1404,4,3,3,1,1,1,الهیه
3880000000,90,1397,2,4,4,1,1,1,الهیه
5300000000,130,1404,3,3,3,1,1,1,الهیه
7310000000,170,1404,3,6,3,1,1,1,الهیه
2750000000,88,1392,2,6,4,1,1,1,جاهد شهر
4500000000,100,1404,2,2,2,1,1,1,الهیه
4600000000,95,1404,2,4,4,1,1,1,الهیه
4000000000,100,1398,2,2,2,1,1,1,الهیه
4200000000,105,1404,2,5,3,1,1,1,الهیه
4000000000,110,1394,2,1,1,1,1,1,الهیه
4600000000,115,1400,2,5,1,1,1,1,الهیه
5200000000,115,1402,2,2,2,1,1,1,الهیه
8100000000,135,1404,3,3,3,1,1,1,الهیه
6050000000,144,1402,3,6,6,1,1,1,جاهد شهر
2250000000,75,1389,2,2,2,0,1,1,الهیه
7000000000,148,1400,3,5,3,1,1,1,جاهد شهر
5180000000,135,1397,3,1,1,1,1,1,الهیه
5250000000,122,1399,3,1,1,1,1,1,الهیه
2250000000,70,1384,2,0,0,1,1,0,الهیه
3550000000,90,1395,2,4,3,1,1,0,الهیه
3370000000,93,1394,2,1,1,1,1,1,الهیه
4400000000,100,1397,2,3,3,1,1,1,الهیه
10600000000,165,1402,3,6,6,1,1,1,آزادشهر
8800000000,160,1404,3,2,2,1,1,1,آزادشهر
9800000000,158,1404,3,6,1,1,1,1,آزادشهر
8640000000,178,1393,3,1,1,1,1,1,آزادشهر
9000000000,160,1404,3,4,4,1,1,1,آزادشهر
9250000000,168,1399,3,6,5,1,1,1,آزادشهر
12770000000,175,1404,3,3,3,1,1,1,آزادشهر
10200000000,160,1404,1,6,6,1,1,1,آزادشهر
13260000000,171,1404,3,6,1,1,1,1,آزادشهر
9400000000,155,1401,3,6,2,1,1,1,آزادشهر
10980000000,165,1404,3,3,5,1,1,1,فرهنگ
11900000000,170,1404,3,5,5,1,1,1,آزادشهر
6100000000,150,1387,3,3,3,1,1,1,زیبا شهر
8400000000,155,1404,3,6,6,1,1,1,آزادشهر
16500000000,210,1404,3,4,4,1,1,1,آزادشهر
8200000000,149,1387,3,4,2,1,1,1,آزادشهر
9180000000,167,1402,3,6,6,1,1,1,آزادشهر
4500000000,75,1385,2,0,0,1,1,1,دانشجو
6700000000,97,1404,2,0,0,1,1,1,آزادشهر
13490000000,173,1402,3,2,2,1,1,1,آزادشهر
8950000000,162,1402,3,1,1,1,1,1,آزادشهر
12000000000,180,1403,3,6,6,1,1,1,آزادشهر
8900000000,140,1404,3,2,2,1,1,1,آزادشهر
7550000000,135,1393,3,2,2,1,1,1,آزادشهر
4000000000,100,1392,2,3,3,1,1,1,آزادشهر
10400000000,160,1404,3,4,4,1,1,1,آزادشهر
12800000000,160,1404,3,3,3,1,1,1,آزادشهر
4690000000,80,1389,2,4,4,1,1,1,آزادشهر
3300000000,85,1388,2,3,3,0,1,1,زیبا شهر
9900000000,160,1404,3,6,1,1,1,1,آزادشهر
3300000000,85,1389,2,4,4,0,1,1,زیبا شهر
4800000000,80,1391,2,4,4,1,1,1,آزادشهر
3950000000,85,1385,2,4,3,0,1,1,زیبا شهر
6200000000,133,1380,3,1,1,0,1,1,آزادشهر
5820000000,158,1386,3,3,3,0,1,1,آزادشهر
5300000000,105,1388,2,4,4,1,1,1,آزادشهر
4700000000,83,1390,2,4,4,1,1,1,آزادشهر
9600000000,165,1404,3,4,4,1,1,1,آزادشهر
9600000000,165,1404,3,5,5,1,1,1,آزادشهر
7200000000,145,1404,3,2,2,1,1,1,استاد یوسفی (شهرک غرب)
2550000000,92,1393,1,4,1,0,0,1,امامیه (شهرک غرب)
7730000000,186,1400,3,5,5,1,1,1,ادیب نیشابوری (شهرک غرب)
4300000000,83,1390,2,0,0,1,1,1,امام خمینی
12000000000,160,1402,3,1,1,1,1,1,عنصری
4600000000,93,1390,2,1,1,0,1,1,امام رضا (ع)
9320000000,151,1400,3,4,4,1,1,1,امام رضا (ع)
2400000000,125,1403,2,5,3,1,1,1,توس (بلوار توس)
600000000,110,1404,2,0,0,0,1,1,شهرک مهرگان
17000000000,245,1404,3,4,4,1,1,1,آزادشهر
7900000000,135,1402,2,5,2,1,1,1,امام رضا (ع)
5400000000,125,1404,2,5,2,1,1,1,امام خمینی
6500000000,133,1395,2,4,3,1,1,1,امام خمینی
2850000000,75,1392,2,4,4,0,1,1,امام خمینی
810000000,72,1402,1,1,1,0,0,1,رباط طرق
1600000000,65,1398,1,5,5,1,1,1,جاهد شهر
1200000000,50,1390,1,4,0,0,0,0,ایثارگران
1130000000,50,1398,1,3,0,0,0,0,ایثارگران
1180000000,55,1403,1,3,3,0,0,1,ایثارگران
2300000000,100,1401,2,4,4,1,1,1,شهرک بهارستان
1000000000,100,1404,2,1,1,1,1,1,خواجه ربیع
1000000000,47,1400,0,3,0,0,0,1,ایثارگران
2500000000,75,1404,2,1,1,1,1,1,عنصری
1599000000,85,1402,2,2,2,0,0,1,طبرسی شمالی
1700000000,60,1394,2,0,0,0,0,1,شهرک رازی (شهرک غرب)
4200000000,85,1394,2,4,3,1,1,1,هفده شهریور
1400000000,55,1404,1,3,3,1,1,1,چهنو
3900000000,101,1404,2,1,1,1,1,1,الهیه
1300000000,42,1404,1,5,5,1,1,1,حرم مطهر رضوی
8000000000,150,1404,3,3,3,1,1,1,تربیت (صدف)
8750000000,156,1404,3,4,4,1,1,1,آزادشهر
8450000000,155,1398,3,6,6,1,1,1,آزادشهر
4250000000,65,1397,1,3,3,1,1,1,عیدگاه
2850000000,78,1393,2,2,2,1,1,1,الهیه
4150000000,105,1400,2,5,1,1,1,1,امیریه
2680000000,85,1392,2,2,2,0,1,1,الهیه
3450000000,100,1398,2,5,1,1,1,1,امیریه
3850000000,95,1399,2,6,1,1,1,1,امیریه
6990000000,173,1398,3,4,4,1,1,1,امیریه
8700000000,150,1393,3,5,4,1,1,1,هفت تیر (حافظ)
1777000000,110,1403,2,1,1,0,0,1,طبرسی شمالی
1320000000,90,1400,2,4,4,0,0,0,یوسفیه (شهرک غرب)
6480000000,120,1398,3,4,1,1,1,1,چهارچشمه
8000000000,130,1404,3,6,5,1,1,1,چهارچشمه
4500000000,85,1388,2,4,4,1,1,1,نیروی هوایی
10990000000,165,1404,3,4,4,1,1,1,دانشجو
2220000000,75,1395,2,4,1,1,1,0,مشکینی (شهرک غرب)
3450000000,100,1397,2,1,1,1,1,1,مشکینی (شهرک غرب)
2800000000,100,1387,2,4,1,0,1,1,مشکینی (شهرک غرب)
1520000000,55,1395,1,3,2,0,0,0,مشکینی (شهرک غرب)
2330000000,75,1394,2,4,3,0,1,1,مشکینی (شهرک غرب)
2300000000,73,1386,2,4,4,0,1,1,شهرک رازی (شهرک غرب)
2550000000,80,1397,2,7,7,1,1,1,مشکینی (شهرک غرب)
2430000000,76,1404,2,3,3,1,0,1,حجاب (شهرک غرب)
2150000000,75,1391,2,4,1,1,1,1,مشکینی (شهرک غرب)
2050000000,80,1390,2,3,2,0,0,0,شهرک رازی (شهرک غرب)
4000000000,100,1385,2,2,0,0,1,1,مشکینی (شهرک غرب)
2330000000,106,1385,2,5,3,0,1,1,حجاب (شهرک غرب)
5100000000,120,1400,2,5,2,1,1,1,مشکینی (شهرک غرب)
4800000000,150,1401,3,5,5,1,1,1,مشکینی (شهرک غرب)
2999000000,90,1387,2,0,0,0,1,1,شهرک رازی (شهرک غرب)
2350000000,75,1385,2,3,3,0,1,1,حجاب (شهرک غرب)
1610000000,54,1391,1,3,3,0,0,0,حجاب (شهرک غرب)
1699000000,75,1390,2,3,3,0,0,0,مشکینی (شهرک غرب)
1900000000,80,1395,2,1,1,1,1,1,مشکینی (شهرک غرب)
2500000000,90,1397,2,2,2,0,1,1,مشکینی (شهرک غرب)
2650000000,90,1404,2,5,1,1,1,1,مشکینی (شهرک غرب)
2500000000,78,1395,2,7,7,1,1,1,مشکینی (شهرک غرب)
1600000000,50,1393,1,4,2,0,0,1,شهرک رازی (شهرک غرب)
3000000000,103,1390,2,4,1,0,1,1,حجاب (شهرک غرب)
3200000000,106,1387,2,1,1,1,1,1,شهرک رازی (شهرک غرب)
2980000000,160,1395,2,2,2,0,1,1,مشکینی (شهرک غرب)
2520000000,80,1395,2,7,7,1,1,1,مشکینی (شهرک غرب)
2700000000,102,1393,2,3,3,0,1,1,مشکینی (شهرک غرب)
3800000000,114,1385,2,4,1,0,1,1,شهرک رازی (شهرک غرب)
2700000,91,1387,2,3,3,0,1,1,شهرک رازی (شهرک غرب)
1600000000,65,1394,2,1,1,1,0,0,مشکینی (شهرک غرب)
11650000000,174,1404,3,6,2,1,1,1,دانشجو
8600000000,165,1396,3,5,1,1,1,1,فردوسی
6600000000,125,1404,2,4,4,1,1,1,هفت تیر (آب و برق)
9900000000,156,1404,3,4,4,1,1,1,آزادشهر
3000000000,97,1404,2,6,3,1,1,1,مشکینی (شهرک غرب)
3350000000,70,1390,2,2,2,1,1,1,هفت تیر (آب و برق)
9400000000,174,1402,3,5,5,1,1,1,شهرآرا
5500000000,100,1391,2,8,1,1,1,1,صیاد شیرازی
11500000000,160,1404,3,6,1,1,1,1,چهارچشمه
8699000000,126,1404,2,5,2,1,1,1,نیروی هوایی
4100000000,75,1389,2,4,4,1,1,1,وکیل‌آباد
5800000000,100,1404,2,4,4,1,1,1,اقبال
11800000000,198,1403,3,3,3,1,1,1,اقبال
5300000000,100,1392,2,4,4,1,1,1,اقبال
7560000000,105,1404,2,6,3,1,1,1,اقبال
4500000000,90,1393,2,2,2,1,1,1,اقبال
4300000000,100,1390,2,3,2,0,1,1,اقبال
5800000000,105,1396,2,4,4,1,1,1,فارغ التحصیلان
4500000000,110,1394,2,3,3,1,1,1,اقبال
6200000000,110,1397,2,3,3,1,1,1,هفت تیر (حافظ)
7800000000,130,1404,3,6,6,1,1,1,هفت تیر (حافظ)
7700000000,130,1404,3,5,5,1,1,1,هفت تیر (حافظ)
11700000000,190,1404,3,1,1,1,1,1,صیاد شیرازی
4800000000,107,1392,2,2,2,1,1,1,اقبال
5400000000,95,1404,2,5,5,1,1,1,اقبال
4800000000,102,1400,2,3,3,1,1,1,الهیه
10000000000,165,1404,3,5,5,1,1,1,آزادشهر
9800000000,163,1399,3,6,6,1,1,1,آزادشهر
8250000000,175,1397,3,4,4,1,1,1,آزادشهر
5100000000,115,1404,2,6,1,1,1,1,الهیه
2900000,71,1381,2,2,2,0,1,0,شهرک رازی (شهرک غرب)
2250000000,70,1380,1,3,3,0,1,1,شهرک رازی (شهرک غرب)
10980000000,90,1404,2,2,2,1,1,1,حرم مطهر رضوی
8450000000,140,1399,3,2,2,1,1,1,فرهنگ
9400000000,164,1382,3,4,3,1,1,1,آزادشهر
8100000000,130,1401,3,5,5,1,1,1,فرهنگ
12000000000,160,1403,3,5,5,1,1,1,دانشجو
4450000000,85,1391,2,2,2,0,1,1,دانشجو
11950000000,168,1404,3,6,3,1,1,1,دانشجو
12800000000000,180,1404,3,3,3,1,1,1,دانشجو
12000000000,170,1402,3,6,2,1,1,1,فرهنگ
10500000000,175,1404,3,4,4,1,1,1,رضاشهر
4850000000,115,1396,3,6,3,1,1,1,جاهد شهر
4400000000,99,1401,2,5,4,1,1,1,الهیه
14700000000,185,1404,3,2,2,1,1,1,فرهنگ
12560000000,175,1404,3,6,3,1,1,1,ارشاد
8800000000,135,1403,3,6,6,1,1,1,هنرستان
18250000000,250,1404,4,3,3,1,1,1,هفت تیر (آب و برق)
7500000000,127,1390,2,5,5,1,1,1,صیاد شیرازی
5150000000,100,1393,2,2,2,1,1,1,صیاد شیرازی
5150000000,114,1389,2,3,2,0,1,1,هفت تیر (حافظ)
6400000000,118,1395,2,0,0,1,1,1,هفت تیر (حافظ)
14300000000,200,1404,3,6,3,1,1,1,هفت تیر (حافظ)
3950000000,83,1390,2,3,0,0,1,0,صیاد شیرازی
8250000000,160,1403,3,5,3,1,1,1,هفت تیر (حافظ)
18000000000,260,1404,3,5,5,1,1,1,هفت تیر (حافظ)
8750000000,170,1402,3,3,3,1,1,1,صیاد شیرازی
10800000000,120,1404,2,5,1,1,1,1,راهنمایی
7000000000,98,1395,2,4,2,1,1,1,راهنمایی
3450000000,85,1403,2,5,2,1,1,1,جاهد شهر
8850000000,120,1403,3,1,1,1,1,1,هنرستان
4600000000,80,1385,2,3,1,0,1,1,کوثر
4800000000,95,1394,2,2,2,1,1,0,کوثر
6500000000,150,1384,3,3,3,0,1,1,هنرستان
17000000000,175,1404,3,6,2,1,1,1,هنرستان
13000000000,180,1390,3,1,1,1,1,1,کوثر
5800000000,85,1391,2,5,4,1,1,1,کوثر
4400000000,80,1387,2,3,1,0,1,1,هنرستان
12000000000,163,1404,3,4,4,1,1,1,هنرستان
9500000000,145,1395,3,4,4,1,1,1,هنرستان
7800000000,145,1394,2,3,3,1,1,1,هنرستان
16000000000,150,1403,3,2,2,1,1,1,کوثر
5000000000,65,1385,1,4,0,1,1,1,کوثر
9900000000,138,1404,3,6,2,1,1,1,شریف
14900000000,165,1404,3,6,3,1,1,1,فرهنگ
13700000000,250,1404,3,6,6,1,1,1,دانشجو
4200000000,100,1390,2,4,3,1,1,1,صیاد شیرازی
12200000000,170,1404,3,6,6,1,1,1,اقبال
11600000000,170,1403,3,1,1,1,1,1,اقبال
5600000000,140,1403,3,6,6,1,1,1,الهیه
5100000000,115,1403,2,6,3,1,1,1,الهیه
6200000000,140,1403,3,2,2,1,1,1,الهیه
5600000000,110,1403,2,2,2,1,1,1,الهیه
4860000000,90,1404,2,5,5,1,1,1,شهرک رازی (شهرک غرب)
3350000000,79,1393,2,4,4,1,1,0,شهرک رازی (شهرک غرب)
3300000000,83,1391,2,3,3,1,1,1,صیاد شیرازی
14730000000,180,1404,3,6,4,1,1,1,فرهنگ
5800000000,150,1385,3,4,4,0,1,1,فرهنگ
17500000000,160,1404,3,6,6,1,1,1,فرهنگ
13600000000,167,1404,3,6,3,1,1,1,آزادشهر
37000000000,250,1375,3,0,0,0,1,1,فرهنگ
5500000000,100,1387,2,0,0,1,1,1,دانشجو
12400000000,157,1404,3,4,4,1,1,1,دانشجو
14000000000,160,1404,3,6,5,1,1,1,فرهنگ
17000000000,205,1404,3,7,7,1,1,1,دانشجو
5600000000,145,1403,3,6,3,1,1,1,الهیه
4900000000,120,1397,3,1,1,1,1,1,جاهد شهر
24000000000,250,1404,4,0,0,1,1,1,رضاشهر
12000000000,160,1404,3,6,2,1,1,1,وکیل‌آباد
12000000000,150,1404,2,0,0,1,1,1,هفت تیر (حافظ)
3080000000,85,1390,2,3,3,0,1,1,صیاد شیرازی
10700000000,165,1404,3,3,3,1,1,1,صیاد شیرازی
5700000000,108,1396,2,2,2,1,1,1,صیاد شیرازی
8700000000,110,1404,2,3,3,1,1,1,هفت تیر (حافظ)
6260000000,100,1396,2,0,0,1,1,1,اقبال
3680000000,85,1385,2,3,2,0,1,1,صیاد شیرازی
4100000000,90,1404,2,7,1,1,1,1,شهرک لشکر (شهرک غرب)
9200000000,150,1400,3,3,3,1,1,1,آزادشهر
4640000000,101,1400,2,5,2,1,1,1,جاهد شهر
32300000000,340,1402,4,5,5,1,1,1,فرهنگ
7900000000,148,1388,3,2,2,1,1,1,آزادشهر
7900000000,148,1388,3,2,2,1,1,1,آزادشهر
15500000000,170,1404,3,6,5,1,1,1,هنرستان
7300000000,140,1387,3,6,3,0,1,1,کوثر
19000000000,210,1400,3,5,5,1,1,1,کوثر
15500000000,175,1403,3,3,3,1,1,1,کوثر
5000000000,100,1385,2,2,2,1,1,1,هفت تیر (حافظ)
4100000000,70,1383,2,2,2,1,1,1,هنرستان
12600000000,190,1401,3,3,3,1,1,1,هنرستان
12990000000,157,1404,3,3,3,1,1,1,دانشجو
23000000000,200,1404,3,3,3,1,1,1,کوثر
9600000000,120,1404,2,5,2,1,1,1,دانشجو
8350000000,160,1389,3,4,4,1,1,1,دانشجو
25000000000,310,1403,4,3,3,1,1,1,رضاشهر
6450000000,118,1390,2,4,1,0,1,1,صیاد شیرازی
2200000000,75,1400,2,2,2,1,1,1,الهیه
2200000000,75,1396,1,2,2,1,1,1,سرافرازان
8790000000,155,1404,3,2,2,1,1,1,زیبا شهر
8888000000,163,1404,3,6,2,1,1,1,زیبا شهر
7850000000,110,1404,2,6,2,1,1,1,آزادشهر
2250000000,60,1385,1,4,2,0,1,1,هنرور
3800000000,98,1387,2,2,1,0,1,0,بهاران
14000000000,170,1404,3,1,1,1,1,1,حرم مطهر رضوی
4900000000,100,1383,2,1,1,1,1,1,آیت الله خامنه‌ای
2600000000,100,1404,2,6,2,1,0,1,طبرسی شمالی
2700000000,100,1404,2,4,4,1,0,1,نظام دوست
1900000000,100,1402,2,5,2,0,0,1,نظام دوست
1850000000,100,1403,2,5,2,0,0,1,نظام دوست
5500000000,100,1394,2,9,9,1,1,1,هفت تیر (حافظ)
1620000000,100,1401,2,2,2,0,1,0,توس (بلوار توس)
4100000000,95,1395,2,3,3,1,1,0,الهیه
3580000000,100,1382,2,4,3,0,1,1,شهرآرا
4480000000,100,1403,2,3,2,1,1,1,الهیه
5300000000,103,1404,2,1,1,1,1,1,هفت تیر (آب و برق)
7500000000,105,1403,2,3,3,1,1,1,امام رضا (ع)
4570000000,105,1401,2,4,3,1,1,1,الهیه
3700000000,106,1394,2,3,3,0,1,1,شهرک رازی (شهرک غرب)
1850000000,110,1402,2,4,1,0,0,1,طبرسی شمالی
3600000000,110,1404,2,5,3,1,1,1,هنرور
7150000000,110,1404,3,8,2,1,1,1,آزادشهر
9900000000,111,1403,2,3,3,1,1,1,حرم مطهر رضوی
4300000000,111,1404,2,5,2,1,0,1,هنرور
1800000000,115,1401,2,5,1,0,0,1,طبرسی شمالی
2390000000,115,1396,2,4,0,0,0,1,شهرک امام هادی (شهرک غرب)
5250000000,117,1387,2,6,6,1,1,0,آزادشهر
8300000000,119,1404,2,5,3,1,1,1,امام خمینی
3700000000,120,1404,3,6,4,1,1,0,گاز
8500000000,120,1403,2,0,0,1,1,1,امام رضا (ع)
5400000000,120,1404,2,6,4,1,1,1,الهیه
3750000000,120,1404,2,2,2,1,1,1,گاز
4750000000,120,1394,2,3,3,1,1,1,هنرور
10000000000,120,1404,2,1,1,1,1,1,حرم مطهر رضوی
13500000000,120,1403,2,1,1,1,1,1,امام رضا (ع)
14500000000,122,1404,2,2,2,1,1,1,حرم مطهر رضوی
2100000000,125,1403,2,3,3,1,1,1,شهرک مطهری
2850000000,125,1402,2,6,4,1,1,0,شهرک امام هادی (شهرک غرب)
950000000,125,1404,3,2,2,1,1,1,بهشت
1800000000,125,1391,2,4,1,0,0,1,کوی ولیعصر
9500000000,130,1394,2,4,4,1,1,0,سلام
8900000000,130,1401,3,5,5,1,1,1,چهارچشمه
12950000000,132,1404,3,1,1,1,1,1,حرم مطهر رضوی
3800000000,135,1398,2,2,2,1,1,1,جانباز
3250000000,135,1403,1,7,7,1,1,1,هنرور
4150000000,140,1404,3,6,3,1,1,1,نظام دوست
3500000000,140,1403,3,7,3,1,1,1,نظام دوست
8500000000,140,1385,3,4,1,1,1,1,هنرستان
6370000000,145,1404,3,2,2,1,1,1,الهیه
4100000000,150,1404,3,7,4,1,1,1,طبرسی شمالی
3750000000,150,1404,3,5,3,1,1,1,نظام دوست
6500000000,150,1392,3,4,0,0,1,1,نیروی هوایی
8300000000,150,1395,3,5,1,1,1,1,نیروی هوایی
6150000000,150,1404,3,5,1,1,1,1,الهیه
8550000000,150,1403,3,6,3,1,1,1,امام رضا (ع)
17050000000,155,1403,3,4,4,1,1,1,آزادشهر
6600000000,155,1386,3,3,3,0,1,1,آزادشهر
3800000000,160,1404,3,7,4,1,1,1,نظام دوست
5550000000,160,1404,3,6,6,1,1,1,موسوی قوچانی
7400000000,160,1400,3,3,3,1,1,1,الهیه
12300000000,160,1404,3,6,2,1,1,1,فرهنگ
4875000000,161,1403,3,7,4,1,1,1,جانباز
4550000000,165,1403,2,5,2,1,1,1,هنرور
14000000000,165,1404,3,6,1,1,1,1,امام رضا (ع)
13400000000,170,1404,3,2,2,1,1,1,هنرستان
13400000000,170,1404,3,2,2,1,1,1,هنرستان
8000000000,173,1403,3,5,5,1,1,1,الهیه
9400000000,175,1404,3,2,2,1,1,1,سید رضی
8200000000,180,1404,3,3,3,1,1,1,الهیه
7000000000,180,1398,2,1,1,1,1,1,شهرک رازی (شهرک غرب)
13000000000,185,1403,3,5,5,1,1,1,هفت تیر (حافظ)
9850000000,180,1404,3,4,4,1,1,1,صیاد شیرازی
5900000000,140,1403,3,7,7,1,1,1,نظام دوست
12800000000,185,1404,3,2,2,1,1,1,شهید فرامرز عباسی
6150000000,190,1403,3,6,2,1,1,1,هنرور
15000000000,195,1404,3,4,4,1,1,1,رضاشهر
11800000000,190,1396,3,5,4,1,1,1,هنرستان
14000000000,70,1402,1,7,7,1,1,0,حرم مطهر رضوی
12100000000,128,1403,3,1,1,1,1,1,حرم مطهر رضوی
13400000000,230,1404,3,6,5,1,1,1,کلاهدوز
12200000000,230,1403,3,6,3,1,1,1,کلاهدوز
3300000000,150,1403,3,1,1,1,1,0,توس (بلوار توس)
33500000000,305,1403,4,6,6,1,1,1,احمدآباد
54000000000,350,1403,3,2,2,1,1,1,کوثر
6600000000,60,1400,1,10,10,1,1,1,حرم مطهر رضوی
400000000,55,1404,1,5,2,0,0,1,توس (بلوار توس)
1150000000,55,1403,1,4,0,0,0,1,هفت تیر (نه دره)
1250000000,57,1400,1,3,1,0,0,1,شفا
1450000000,60,1396,1,2,2,0,0,1,گلبرگ
3000000000,65,1385,2,5,2,0,0,1,صیاد شیرازی
1500000000,65,1404,1,4,4,1,0,1,نظام دوست
790000000,65,1393,1,2,2,0,0,1,سیس‌آباد
1700000000,70,1404,2,5,5,1,0,1,کوی سیدی
4000000000,70,1397,2,5,1,1,1,0,دریادل
1080000000,70,1402,1,3,3,0,1,0,شهید بصیر
1800000000,75,1404,2,1,1,1,1,0,فاطمیه
1930000000,75,1404,2,4,3,1,0,0,تلگرد
5150000000,75,1390,2,4,1,1,1,1,هنرستان
1800000000,75,1398,1,4,2,0,0,0,گاز
1100000000,80,1403,2,4,4,1,1,1,امام رضا (ع)
1700000000,75,1400,2,0,0,0,0,0,وکیل‌آباد
2900000000,75,1388,2,2,2,0,1,1,شهرک رازی (شهرک غرب)
1580000000,80,1404,1,5,5,1,0,1,کوی سیدی
2200000000,80,1404,2,5,1,1,1,1,نظام دوست
1650000000,80,1398,2,4,2,0,1,1,شهرک امام هادی (شهرک غرب)
1800000000,80,1404,2,5,2,1,0,0,بلال
1900000000,80,1399,1,2,2,0,0,0,گاز
2450000000,80,1387,2,4,4,0,1,1,شهرک رازی (شهرک غرب)
1830000000,80,1396,1,3,2,0,0,1,ایثارگران
1750000000,80,1404,2,5,2,1,1,1,کوی المهدی
4200000000,80,1398,2,4,4,1,1,1,امام رضا (ع)
3250000000,81,1393,2,2,2,1,1,1,الهیه
1600000000,85,1403,2,4,2,0,0,1,طبرسی شمالی
2120000000,85,1394,2,3,3,1,0,1,حجت
1850000000,85,1396,1,2,2,0,0,1,هنرور
2030000000,85,1397,1,3,1,0,0,1,عامل
5150000000,86,1403,2,5,5,1,1,1,حرم مطهر رضوی
8500000000,90,1403,2,6,6,1,1,1,حرم مطهر رضوی
2700000000,90,1380,2,3,3,0,1,1,استاد یوسفی (شهرک غرب)
2300000000,90,1403,2,5,1,1,1,1,طبرسی شمالی
1600000000,90,1404,2,2,2,0,0,0,توس (بلوار توس)
6500000000,88,1403,2,6,6,1,1,1,امام رضا (ع)
2300000000,90,1395,2,5,0,0,0,1,عبادی
3700000000,90,1399,2,2,2,1,1,1,جاهد شهر
4150000000,90,1398,2,1,1,1,1,1,الهیه
1500000000,90,1399,2,2,2,0,0,0,کشف
8100000000,90,1403,2,1,1,1,1,1,حرم مطهر رضوی
3600000000,91,1402,2,4,4,1,1,1,الهیه
6550000000,92,1400,2,2,2,1,1,1,امام رضا (ع)
9000000000,94,1403,2,1,1,1,1,1,حرم مطهر رضوی
4350000000,95,1394,2,4,1,1,1,1,شهرک لشکر (شهرک غرب)
2900000000,95,1404,2,6,2,1,1,1,نظام دوست
4400000000,95,1404,2,2,2,1,1,1,الهیه
4100000000,97,1404,2,5,5,1,1,1,جاهد شهر
6800000000,100,1397,2,4,2,1,1,1,هفت تیر (حافظ)
8200000000,170,1404,3,6,2,1,1,1,کلاهدوز
1550000000,55,1397,1,3,3,1,1,0,شهید قربانی
2850000000,100,1397,2,5,2,1,1,1,گلبرگ
830000000,50,1403,1,3,3,0,0,1,یوسفیه (شهرک غرب)
4300000000,96,1399,2,2,2,1,1,1,الهیه
4450000000,63,1403,2,0,0,1,1,1,حرم مطهر رضوی
6500000000,160,1403,3,11,4,1,1,1,الهیه
4200000000,94,1402,2,3,3,1,1,1,الهیه
4000000000,85,1392,2,16,1,1,1,1,الهیه
9600000000,167,1387,3,5,1,1,1,1,آزادشهر
2600000000,75,1392,2,3,2,0,1,0,ولیعصر (شهرک غرب)
4000000000,100,1404,2,8,7,1,1,1,امیریه
7250000000,110,1400,2,0,0,1,1,1,هفت تیر (حافظ)
3340000000,97,1397,2,2,2,1,1,1,الهیه
2200000000,66,1385,2,4,4,0,1,0,هفت تیر (حافظ)
1200000000,110,1404,2,4,1,0,0,1,نوده
19200000000,160,1404,3,6,3,1,1,1,کوثر
1450000000,125,1400,1,0,0,0,1,1,خواجه ربیع
1550000000,65,1403,1,4,4,1,0,0,تلگرد
3900000000,85,1397,2,4,3,1,1,1,شفا
2200000000,110,1400,2,4,4,1,1,1,نوید
770000000,75,1401,1,2,2,0,0,0,حضرت حجت
750000000,55,1402,1,3,3,0,0,0,طبرسی شمالی
1300000000,68,1392,1,3,2,0,0,1,نوید
1570000000,91,1404,2,1,1,0,1,0,توس (بلوار توس)
940000000,55,1400,1,3,2,0,0,1,نوید
1180000000,80,1404,2,0,0,0,0,1,کشف
1050000000,85,1404,1,3,0,0,1,1,مشهدقلی
1800000000,110,1403,2,5,5,1,1,1,توس (بلوار توس)
1600000000,80,1402,2,6,6,1,0,1,حضرت حجت
1180000000,90,1393,1,3,3,0,0,1,کشف
1020000000,90,1398,1,0,0,0,1,0,کشف
1150000000,70,1404,2,0,0,1,0,0,کشف
6550000000,192,1396,3,6,6,1,1,1,الهیه
6500000000,115,1403,2,1,1,1,1,1,عبادی
5270000000,120,1384,2,5,1,0,1,1,هفت تیر (آب و برق)
2500000000,115,1397,2,4,4,1,0,1,طبرسی شمالی
35000000000,125,1404,2,6,5,1,1,1,امیر
1950000000,60,1402,1,2,2,0,0,1,عبادی
10800000000,163,1394,3,6,5,1,1,1,هنرستان
41500000000,345,1404,4,6,5,1,1,1,کوثر
2750000000,102,1404,2,3,3,1,1,1,کوی المهدی
3650000000,100,1404,2,5,3,1,1,1,گلشور
3900000000,123,1388,3,4,3,0,0,1,رضاشهر
25400000000,310,1401,4,5,3,1,1,1,کوثر
48000000000,320,1404,4,6,6,1,1,1,سجاد شهر
1520000000,100,1403,1,2,0,0,0,1,توس (بلوار توس)
10000000000,185,1399,3,3,3,1,1,1,جانباز
4450000000,80,1384,2,1,1,0,1,1,سید رضی
7600000000,150,1377,3,3,3,1,1,1,فرهنگ
1700000000,100,1403,2,5,5,1,0,1,طبرسی شمالی
3150000000,125,1403,2,5,1,1,1,1,انقلاب
2020000000,75,1382,2,4,4,0,1,1,حجاب (شهرک غرب)
6300000000,70,0,2,3,3,0,0,0,آیت الله خامنه‌ای
6100000000,92,1402,2,5,1,1,1,0,کوی راد
4400000000,52,1397,1,11,11,1,1,1,حرم مطهر رضوی
4350000000,50,1397,1,7,7,1,1,1,حرم مطهر رضوی
950000000,75,1394,1,1,1,0,0,1,خواجه ربیع
3000000000,75,1400,2,2,2,1,1,0,چهارباغ
2150000000,75,1403,2,5,5,1,1,1,گلشور
10500000000,132,1404,3,6,3,1,1,1,امام رضا (ع)
3980000000,80,1387,2,4,4,1,1,1,کوشش
1150000000,60,1395,1,4,2,0,0,0,شهرک امام هادی (شهرک غرب)
5600000000,55,1402,1,3,3,1,1,1,حرم مطهر رضوی
5600000000,60,1402,1,3,3,1,1,1,حرم مطهر رضوی
790000000,50,1390,1,0,0,0,0,0,کوی دروی
8000000000,80,1403,2,2,2,1,1,1,آیت الله خامنه‌ای
9100000000,65,1404,1,3,3,1,1,1,حرم مطهر رضوی
12000000000,120,1404,3,6,4,1,1,1,امام رضا (ع)
4800000000,95,1379,2,2,1,0,1,1,سید رضی
7500000000,60,1400,1,8,8,1,1,1,حرم مطهر رضوی
1650000000,120,1390,2,3,2,0,1,1,بهمن
11000000000,200,0,2,4,3,0,1,1,سجاد شهر
12500000000,255,1402,4,6,5,1,1,1,زمرد
2100000000,140,1397,2,1,1,0,0,1,توس (بلوار توس)
1700000000,150,1403,2,5,4,0,1,1,کشاورز
1200000000,90,1400,2,3,3,0,0,1,طبرسی شمالی
1500000000,90,1403,2,4,1,1,1,1,طبرسی شمالی
5200000000,100,1393,2,0,0,1,1,0,خرمشهر
1450000000,85,1403,2,3,3,1,1,1,خواجه ربیع
1500000000,85,1396,2,4,4,1,0,1,سپاد
3300000000,83,1396,2,2,2,1,1,0,الهیه
1760000000,90,1399,2,4,0,0,1,1,شهرک بهارستان
3000000,90,1400,2,4,4,1,1,1,شفا
1700000000000,100,1402,2,5,4,1,0,0,توس (بلوار توس)
1130000000,85,1400,2,4,4,0,0,0,توس (بلوار توس)
695000000,110,1404,2,3,3,0,0,1,شهید قربانی
15000000000,190,1402,4,2,2,1,1,1,توس (بلوار توس)
1800000000,80,1403,2,1,1,1,0,0,توس (بلوار توس)
4230000000,110,1396,2,1,1,1,1,1,الهیه
3200000000,80,1392,2,5,1,1,1,1,جاهد شهر
5639000000,115,1403,2,6,6,1,1,1,شهرک لشکر (شهرک غرب)
1320000000,65,1395,2,2,2,1,1,0,سیس‌آباد
5500000000,95,1393,2,1,1,1,1,1,فردوسی
2400000000,75,1386,2,3,1,0,1,0,الهیه
4100000000,95,1396,2,4,3,1,1,1,هفت تیر (آب و برق)
3100000000,100,1404,2,6,3,1,1,0,بلال
1400000000,80,1403,2,2,2,0,0,0,کشف
1300000000,100,1403,2,3,2,0,0,0,خواجه ربیع
3400000000,82,1388,2,2,2,0,1,1,بهارستان
1100000000,125,1402,2,4,4,0,0,1,رباط طرق
6400000000,160,1401,3,1,1,1,1,1,الهیه
1450000000,53,1393,1,2,2,0,1,1,کوی دروی
2500000000,85,1395,2,4,1,0,1,1,ثامن
7350000000,145,1397,3,5,2,1,1,1,نیروی هوایی
35500000000,230,1404,3,3,3,1,1,1,سجاد شهر
8700000000,133,1379,2,4,4,1,1,1,سجاد شهر
850000000,60,1404,1,3,2,0,0,1,توس (بلوار توس)
600000000,60,1404,1,3,3,0,0,0,طبرسی شمالی
4280000000,107,1403,2,6,5,1,1,1,جاهد شهر
2750000000,73,1390,2,2,2,1,1,1,هنرور
3690000000,96,1403,2,1,1,1,1,1,الهیه
2050000000,46,1385,1,3,0,0,0,1,سرافرازان
7000000000,150,1388,3,4,4,1,1,1,جانباز
2100000000,78,1383,2,4,4,0,1,1,حجاب (شهرک غرب)
1150000000,52,1390,1,3,3,0,0,0,چاهشک
3200000000,160,1403,3,5,3,1,1,0,پنجتن
3000000000,105,1390,3,4,4,0,1,1,شهرآرا
5150000000,118,1389,3,3,1,0,1,1,هفت تیر (حافظ)
6150000000,125,1393,3,5,5,1,1,1,شهرآرا
6550000000,122,1404,3,5,1,1,1,1,مقدم
9300000000,134,1390,3,4,2,1,1,1,هنرستان
1000000000,100,1403,2,3,2,0,0,1,شهید جنگی
23500000000,155,1403,3,3,3,0,1,1,اروند
10360000000,143,1402,3,5,2,1,1,1,هفت تیر (حافظ)
1320000000,60,1404,1,4,3,0,0,1,کوی المهدی
16430000000,185,1404,3,6,3,1,1,1,آزادشهر
4400000000,104,1400,2,4,4,1,1,1,الهیه
3850000000,100,1404,2,5,3,1,1,1,الهیه
900000000,65,1398,1,3,3,0,0,0,حضرت حجت
1450000000,70,1402,1,4,4,1,1,0,شهید قربانی
2800000000,130,1404,3,5,3,1,1,0,پنجتن
2250000000,102,1404,2,4,2,1,1,1,پنجتن
900000000,50,1398,1,1,1,0,0,1,نوید
1790000000,90,1392,2,3,3,0,0,0,مشکینی (شهرک غرب)
3650000000,115,1388,2,3,3,0,1,0,بهاران
2550000000,114,1404,2,4,4,1,1,1,انقلاب
1390000000,80,1397,2,2,2,1,0,1,الهیه
1800000000,100,1403,2,4,4,1,1,1,حضرت حجت
1650000000,90,1404,2,3,3,0,1,1,کشف
2000000000,124,1400,2,3,3,1,0,1,الهیه
1120000000,55,1403,1,2,2,1,0,0,یوسفیه (شهرک غرب)
1500000000,75,1397,2,2,2,1,1,1,بهمن
4800000000,150,1401,3,1,1,1,1,1,جانباز
5100000000,117,1402,2,6,5,1,1,1,مقدم
1600000000,130,1400,2,4,3,0,0,1,حضرت حجت
1850000000,100,1403,2,3,1,1,1,1,توس (بلوار توس)
2920000000,100,1404,2,5,5,1,1,1,فدک
13800000000,236,1404,3,5,3,1,1,1,کلاهدوز
10080000000,160,1404,3,5,2,1,1,1,شریف
3020000000,90,1404,2,3,3,1,1,1,کوی المهدی
12600000000,130,1403,3,3,3,1,1,1,حرم مطهر رضوی
10500000000,150,1404,3,2,2,1,1,1,رضاشهر
10000000000,135,1404,3,5,5,1,1,1,هفت تیر (حافظ)
18200000000,234,1404,3,7,1,1,1,1,ارشاد
6600000000,137,1403,3,5,3,1,1,1,استاد یوسفی (شهرک غرب)
8300000000,100,1404,2,4,3,1,1,1,حرم مطهر رضوی
7900000000,128,1403,3,0,0,1,1,1,هفت تیر (حافظ)
3100000000,95,1404,2,6,6,1,1,1,قائم
2100000000,75,1404,2,4,4,1,0,1,موسوی قوچانی
11700000000,160,1404,3,6,3,1,1,1,دانشجو
2300000000,130,1403,2,5,1,1,1,1,کشاورز
2600000000,135,1404,2,6,5,1,1,1,کشاورز
5800000000,107,1404,2,5,5,1,1,1,الهیه
6350000000,88,1404,2,2,2,1,1,1,هفت تیر (آب و برق)
9300000000,150,1404,3,6,6,1,1,1,فرهنگ
3000000000,95,1404,2,6,2,1,1,1,موسوی قوچانی
1150000000,60,1404,1,4,4,0,0,1,تلگرد
3000000000,80,1404,2,5,2,1,1,0,هفت تیر (نه دره)
4850000000,111,1400,2,4,4,1,1,1,الهیه
2870000000,85,1404,2,5,5,1,1,1,موسوی قوچانی
4400000000,115,1404,2,1,1,1,1,0,ایثار
2650000000,120,1404,2,5,1,1,0,1,خواجه ربیع
11200000000,195,1404,3,4,4,1,1,1,شهید فرامرز عباسی
110000000000,150,1404,3,0,1,1,1,1,کوثر
40000000,117,1404,2,6,6,1,1,1,گاز
5750000000,98,1404,2,3,3,1,1,1,صیاد شیرازی
3350000000,95,1395,2,3,3,1,1,1,صیاد شیرازی
9500000000,170,1404,3,4,4,1,1,1,صیاد شیرازی
5900000000,127,1393,3,5,5,1,1,1,صیاد شیرازی
10800000000000,171,1402,3,6,1,1,1,1,صیاد شیرازی
1095000000,75,1400,2,3,3,0,0,1,نظام دوست
2300000000,125,1403,3,1,1,0,0,0,طبرسی شمالی
1170000000,85,1399,1,3,2,0,0,0,شهید قربانی
1100000000,85,1403,2,1,1,0,0,1,نوید
1999000000,100,1401,2,3,1,0,1,0,پنجتن
1300000000,85,1398,1,3,1,0,0,0,توس (بلوار توس)
3100000000,65,1382,2,1,1,0,1,0,بهاران
3150000000,100,1402,2,1,1,1,0,1,شفا
820000000,70,1399,1,2,2,0,0,1,کشف
720000000,55,1398,1,2,2,0,0,1,حضرت حجت
1350000000,100,1400,1,2,2,0,0,1,طبرسی شمالی
2100000000,110,1402,2,4,3,1,1,0,پنجتن
5400000000,90,1404,2,4,3,1,1,1,صیاد شیرازی
1120000000,100,1394,1,0,0,0,1,1,کشف
910000000,90,1398,1,0,0,0,0,1,کشف
1950000000,65,1385,1,0,0,0,1,0,سجادیه
1150000,70,1393,1,0,0,0,0,1,نوید
850000000,65,1390,1,2,0,0,0,1,توس (بلوار توس)
3600000000,90,1395,2,5,4,1,1,1,کوی المهدی
2450000000,130,1403,2,5,3,1,1,0,پنجتن
6782000000,183,1395,3,3,3,1,1,1,عبادی
4400000000,108,1398,2,4,2,1,1,1,عبادی
11200000000,160,1404,3,6,5,1,1,1,امام خمینی
9500000000,102,1404,2,4,1,1,1,1,امام رضا (ع)
4650000000,93,1404,2,2,2,1,1,1,شهرک لشکر (شهرک غرب)
12000000000,110,1404,2,6,6,1,1,1,حرم مطهر رضوی
12500000000,185,1404,3,6,4,1,1,1,شهید فرامرز عباسی
2500000000,110,1403,2,5,3,1,1,1,طبرسی شمالی
1140000000,50,1397,1,3,3,0,0,0,شهرک بهارستان
8400000000,155,1389,3,5,1,1,1,1,آزادشهر
800000000,65,1404,1,3,3,0,0,0,شهرک مطهری
1450000000,100,1402,2,4,3,0,0,1,مشهدقلی
860000000,65,1402,1,1,1,0,0,0,توس (بلوار توس)
820000000,80,1395,1,0,0,0,0,1,خواجه ربیع
2800000000,120,1399,2,1,1,1,1,1,خواجه ربیع
4600000000,90,1395,2,4,4,1,1,1,آزادشهر
1250000000,110,1404,2,3,1,0,0,1,همت آباد
3400000000,80,1390,2,3,3,1,1,1,جاهد شهر
4280000000,105,1401,2,1,1,1,1,1,سرافرازان
1100000000,55,1397,1,2,2,0,0,1,یوسفیه (شهرک غرب)
5200000000,92,1396,2,5,1,1,1,1,هنرستان
1400000000,100,1403,2,1,1,0,0,1,طبرسی شمالی
1100000000,90,1403,2,1,1,0,0,1,نظام دوست
1750000000,75,1404,2,1,1,1,1,1,طبرسی شمالی
1230000000,120,1402,1,3,3,0,0,1,طبرسی شمالی
970000000,90,1404,1,3,3,0,0,1,طبرسی شمالی
1250000000,75,1399,1,4,1,0,0,0,نظام دوست
1500000000,80,1404,2,4,3,0,0,1,نظام دوست
1500000000,95,1404,2,4,1,0,0,0,نظام دوست
1150000000,65,1402,2,5,0,0,0,1,نظام دوست
3000000000,90,1404,2,5,3,1,1,1,نظام دوست
1900000000,100,1401,2,4,2,0,0,1,نظام دوست
1150000000,55,1402,1,4,0,0,0,0,نظام دوست
1800000000,100,1403,2,4,0,0,1,0,نظام دوست
1600000000,90,1394,1,4,2,0,0,0,بهمن
1050000000,75,1404,1,3,3,0,1,1,رده
1150000000,60,1404,1,4,3,0,0,0,قائم
3325000000,95,1394,2,3,4,1,1,0,حسین‌آباد
570000000,75,1403,2,3,3,0,0,0,نظام دوست
4600000000,90,1385,2,4,1,0,1,1,کوثر
1750000000,120,1399,2,0,0,0,1,1,یاغون آباد
1500000000,63,1401,2,4,2,1,1,1,شهید قربانی
4150000000,105,1393,2,3,3,1,0,1,شهرآرا
1170000000,65,1402,1,5,3,0,0,1,کوی سیدی
980000000,93,1400,2,4,0,0,1,0,توس (بلوار توس)
2920000000,180,1403,3,1,1,0,1,1,توس (بلوار توس)
1050000000,70,1395,1,0,0,0,1,1,منزل آباد
1400000000,120,1404,1,4,4,0,0,0,خواجه ربیع
4200000000,102,1393,2,1,1,1,1,1,امامیه (شهرک غرب)
2270000000,80,1402,2,2,1,0,0,0,کوه سنگی
4800000000,100,1404,2,1,1,1,1,1,جاهد شهر
600000000,65,1400,1,2,1,0,0,0,نوده
6000000000,140,1404,3,4,4,1,1,1,الهیه
2500000000,100,1404,2,5,2,1,1,1,طبرسی شمالی
1630000000,50,1390,1,0,0,0,0,0,سرافرازان
4000000000,145,1398,2,5,5,1,1,1,تلگرد
3880000000,86,1401,2,3,3,1,1,1,شهرک لشکر (شهرک غرب)
2500000000,93,1402,2,4,0,1,1,1,الهیه
14250000000,190,1404,3,5,5,1,1,1,سید رضی
3420000000,115,1404,2,5,5,1,1,1,نکاح
4380000000,100,1387,2,4,4,1,1,1,هفت تیر (آب و برق)
15600000000,172,1397,3,5,4,1,1,1,فلسطین
3600000000,123,1404,2,2,2,1,1,1,ابوذر
4400000000,150,1404,3,6,1,1,1,1,شهید مطهری
1780000000,90,1394,2,2,2,0,0,0,یوسفیه (شهرک غرب)
3900000000,120,1390,2,5,4,1,1,1,چهارچشمه
2700000000,90,1385,2,4,0,0,0,1,شهرآرا
5580000000,175,1402,3,7,4,1,1,1,شفا
3400000000,140,1400,2,6,6,1,0,1,گاز
7250000000,110,1404,2,10,2,1,1,1,خرمشهر
1500000000,105,1403,2,4,4,1,0,1,پنجتن
18000000000,160,1404,3,6,3,1,1,1,هنرستان
5450000000,53,1401,1,2,2,1,1,0,عیدگاه
3000000000,80,1396,2,3,1,1,1,1,جاهد شهر
6790000000,175,1403,3,6,6,1,1,1,گاز
1550000000,60,1394,1,1,1,0,0,0,گاز
4100000000,125,1402,3,3,3,1,1,1,گاز
2300000000,125,1400,2,2,1,0,0,0,گاز
2800000000,120,1404,2,4,4,1,1,1,حضرت حجت
6000000000,73,1390,2,1,1,0,1,1,بهشت
100000,100,1402,2,3,3,0,0,1,کوی ولیعصر
4900000000,150,1404,3,3,3,1,1,1,شهید مطهری
10500000000,246,1402,3,5,4,1,1,1,شهید مطهری
4000000000,90,1402,2,1,1,0,0,1,گلشور
28900000000,170,1403,3,6,6,1,1,1,فلسطین
3150000000,75,1388,2,4,4,0,1,1,آزادشهر
850000000,100,1404,2,0,0,0,1,1,شهرک مهرگان
1700000,55,1390,1,2,2,0,1,1,پنجتن
5635000000,115,1404,2,1,1,1,1,1,شهرک لشکر (شهرک غرب)
3800000000,45,1400,1,0,0,1,1,1,حرم مطهر رضوی
9400000000,90,1403,3,3,3,1,1,1,آیت الله خامنه‌ای
2600000000,65,1398,2,4,3,0,1,1,حرم مطهر رضوی
7800000000,55,1397,1,6,6,1,1,1,حرم مطهر رضوی
11500000000,164,1402,3,6,6,1,1,1,حرم مطهر رضوی
4200000000,60,1400,1,4,4,1,1,1,حرم مطهر رضوی
5600000000,80,1397,2,2,2,1,1,1,حرم مطهر رضوی
11000000000,100,1400,2,6,1,1,1,1,حرم مطهر رضوی
3550000000,55,1397,1,5,5,1,1,1,حرم مطهر رضوی
5000000000,63,1403,1,1,1,1,1,1,حرم مطهر رضوی
8300000000,90,1404,2,3,3,1,1,1,حرم مطهر رضوی
8500000000,90,1402,2,6,6,1,1,1,امام رضا (ع)
5175000000,115,1388,2,4,2,0,1,1,حرم مطهر رضوی
11250000000,125,1404,3,6,1,1,1,1,امام رضا (ع)
10800000000,90,1403,2,1,1,1,1,1,امام رضا (ع)
3300000000,108,1393,2,3,3,0,0,1,پروین اعتصامی
4400000000,52,1399,1,10,10,1,1,1,حرم مطهر رضوی
5820000000,53,1403,1,3,3,1,1,1,حرم مطهر رضوی
4400000000,51,1399,1,10,10,1,1,1,حرم مطهر رضوی
5200000000,70,1395,1,4,2,1,1,1,آیت الله خامنه‌ای
1100000000,80,1403,2,3,3,0,0,1,نظام دوست
2300000000,49,1404,1,4,1,1,0,0,چهنو
1000000000,70,1398,1,0,0,0,0,1,توس (بلوار توس)
1240000000,50,1400,1,3,3,0,0,0,وکیل‌آباد
680000000,50,1390,1,4,4,0,0,1,شفا
3100000000,59,1393,1,4,3,0,1,0,چهارباغ
1500000000,59,1402,1,4,3,1,1,1,شهید قربانی
750000000,40,1397,1,4,0,0,0,0,بهمن
1350000000,68,1396,1,2,2,0,0,0,محمدآباد
2300000000,125,1403,3,1,1,0,0,1,طبرسی شمالی
1200000000,85,1402,2,2,2,0,0,1,حضرت حجت
6000000000,100,1403,2,1,1,1,1,0,آیت الله کاشانی
1000000000,75,1399,1,3,2,0,0,1,حضرت حجت
1260000000,100,1404,2,4,0,0,0,1,علی آباد
1050000000,75,1403,1,2,2,0,0,0,عباس‌آباد
1680000000,95,1403,2,1,1,1,0,0,توس (بلوار توس)
1850000000,100,1404,2,5,5,1,0,1,طلاب
4500000000,120,1400,2,4,4,1,1,1,الهیه
11900000000,170,1404,3,7,3,1,1,1,سعد آباد
5300000000,140,1404,3,2,2,1,1,1,حیدرآباد
2400000000,75,1403,2,1,1,0,0,1,رده
820000000,50,1403,1,3,3,0,0,1,یوسفیه (شهرک غرب)
740000000,55,1403,1,3,3,0,0,1,حضرت حجت
1050000000,55,1397,1,1,1,0,0,0,توس (بلوار توس)
4200000000,64,1385,1,2,2,0,1,1,هنرستان
7800000000,142,1401,3,3,3,1,1,0,نیروی هوایی
8400000000,154,1403,3,5,2,1,1,1,چهارچشمه
3900000000,90,1395,2,3,1,1,0,1,چهارچشمه
4750000000,150,1404,3,4,4,1,1,1,گاز
7600000000,64,1398,1,2,2,1,1,0,حرم مطهر رضوی
4470000000,80,1393,2,3,3,1,1,1,امام خمینی
1600000000,80,1394,2,4,0,0,0,1,کوی سیدی
5000000000,90,1390,2,0,0,0,0,1,هنرستان
1750000000,68,1390,1,4,0,0,0,1,شهید مطهری
1780000000,100,1404,1,0,0,0,1,1,طبرسی شمالی
2100000000,90,1395,1,3,0,0,0,0,رستگار
1400000000,80,1400,2,0,0,0,0,1,رده
1050000000,50,1404,1,0,0,0,0,0,نظام دوست
1750000000,75,1392,2,0,0,0,0,1,مشکینی (شهرک غرب)
8800000000,120,1404,2,0,0,1,1,1,رضاشهر
1270000000,50,1393,1,3,0,0,0,1,ایثارگران
1250000000,65,1400,2,0,0,0,1,1,منزل آباد
4000000000,70,1393,2,0,0,0,1,0,امام رضا (ع)
1630000000,100,1398,2,0,0,0,1,1,کشف
1960000000,105,1402,2,5,1,1,1,1,توس (بلوار توس)
3400000000,87,1387,2,4,4,0,1,1,شهرآرا
2250000000,95,1402,2,2,2,1,0,0,پورسینا
2200000000,70,1385,2,3,3,0,1,1,امامیه (شهرک غرب)
1000000000,50,1388,1,3,3,0,1,0,الهیه
7490000000,125,1404,3,5,2,1,1,1,آیت الله کاشانی
5150000000,150,1404,3,7,2,1,1,1,گلبرگ
2300000000,85,1404,2,2,2,1,1,1,سپاد
4600000000,130,1404,3,3,3,1,1,1,سمزقند
10000000000,165,1400,3,5,3,1,1,1,هفت تیر (آب و برق)
3000000000,73,1393,2,2,1,0,1,1,بهارستان
6500000000,130,1404,2,10,10,1,1,1,شهید هاشمی نژاد
1700000000,90,1400,2,4,2,0,0,0,چاهشک
8750000000,100,1403,2,6,6,1,1,1,حرم مطهر رضوی
17500000000,230,1404,4,6,1,1,1,1,احمدآباد
5070000000,164,1404,3,7,5,1,1,1,شهید مطهری
950000000,100,1395,1,1,1,0,0,0,کشف
8600000000,140,1404,3,5,0,1,1,1,کلاهدوز
6550000000,120,1404,2,5,1,1,1,1,مقدم
1300000000,80,1396,2,2,2,1,0,1,الهیه
1330000000,126,1403,2,4,4,0,0,0,توس (بلوار توس)
1950000000,50,1387,1,4,0,1,1,0,الهیه
1600000000,55,1401,1,4,3,0,0,0,طلاب
3900000000,67,1385,1,2,2,0,1,0,سعد آباد
1160000000,62,1394,1,4,3,0,0,1,شهرک بهارستان
1800000000,80,1404,2,0,0,0,0,0,طلاب
3690000000,100,1404,2,6,6,1,1,0,طلاب
3100000000,100,1400,2,2,2,1,1,1,جانباز
5400000000,100,1404,2,6,6,1,1,1,الهیه
5650000000,100,1384,2,1,1,1,1,1,آبکوه
4450000000,100,1404,2,1,1,1,1,1,الهیه
4500000000,100,1404,2,5,1,1,1,1,الهیه
2300000000,100,1396,2,5,5,1,1,0,کوی المهدی
1850000000,100,1400,2,0,0,0,0,0,ایثارگران
2250000000,100,1380,2,4,4,0,1,1,مشکینی (شهرک غرب)
4200000000,100,1398,2,4,2,1,1,1,الهیه
850000000,100,1404,2,0,0,0,1,0,نظام دوست
3650000000,100,1404,2,4,4,1,1,1,کوی المهدی
3800000000,100,1400,2,1,1,1,1,1,الهیه
2370000000,100,1404,2,4,2,1,1,1,توس (بلوار توس)
5600000000,100,1404,2,3,3,1,1,1,اقبال
3700000000,100,1396,2,2,2,1,1,1,الهیه
3500000000,100,1390,2,1,1,1,0,0,شهرک رازی (شهرک غرب)
3500000000,97,1394,2,4,1,1,0,0,شهرک رازی (شهرک غرب)
2300000000,100,1395,2,5,5,1,0,1,شفا
1620000000,100,1397,1,4,0,0,1,0,توس (بلوار توس)
4650000000,100,1399,2,3,3,1,1,1,الهیه
9200000000,100,1404,2,5,2,1,1,1,راهنمایی
2250000000,100,1403,2,2,2,1,1,1,نظام دوست
1480000000,100,1402,2,1,1,0,0,1,حضرت حجت
1850000000,100,1398,2,5,1,0,0,1,هدایت
4000000000,100,1397,2,4,4,1,1,0,هفت تیر (نه دره)
3150000000,100,1404,2,6,3,1,1,1,مشکینی (شهرک غرب)
3900000000,100,1404,2,3,3,1,1,1,الهیه
6100000000,100,1395,2,4,4,1,1,1,امام رضا (ع)
1560000000,100,1404,2,2,2,0,1,0,حضرت حجت
3100000000,100,1398,2,1,1,1,1,1,شهید مطهری
3800000000,100,1397,2,5,3,1,1,1,جاهد شهر
3000,100,1404,2,10,1,1,1,0,شهرک شیرین
1750000000,100,1402,2,0,0,0,0,0,کشف
5900000000,100,1404,3,3,3,1,1,1,فارغ التحصیلان
4250000000,100,1400,2,4,1,1,1,1,الهیه
3670000000,103,1389,2,3,2,0,1,1,شهرک رازی (شهرک غرب)
4800000000,103,1394,2,4,4,1,1,1,خاتم الانبیا
2500000000,105,1400,2,4,3,1,1,1,شهرک امام هادی (شهرک غرب)
5300000000,105,1395,2,8,4,1,1,1,اقبال
1800000000,105,1398,2,4,2,0,1,1,حضرت حجت
4700000000,105,1391,2,5,5,1,1,1,هفت تیر (آب و برق)
1400000000,105,1398,2,3,3,0,0,1,حضرت حجت
1900000000,105,1400,2,3,2,1,1,1,نوید
3500000000,105,1400,2,2,2,1,1,1,فاطمیه
1100000000,105,1401,2,4,4,0,0,0,بهمن
5000000000,105,1404,2,6,3,1,1,1,شهرک لشکر (شهرک غرب)
5500000000,105,1385,2,0,0,1,1,1,رضاشهر
5800000000,105,1394,2,3,3,1,1,1,شهید رضوی
4500000000,105,1397,2,5,2,1,1,1,صیاد شیرازی
6500000000,105,1387,2,8,1,0,1,1,نیروی هوایی
7400000000,105,1404,2,4,4,1,1,1,هنرستان
4650000000,106,1398,2,4,3,1,1,1,شهرک لشکر (شهرک غرب)
5600000000,106,1404,2,3,3,1,1,1,اقبال
4200000000,107,1401,3,5,5,1,1,1,الهیه
4100000000,107,1399,2,4,4,1,1,1,الهیه
1200000000,107,1401,2,1,1,0,0,0,رباط طرق
4100000000,107,1396,2,4,4,1,1,1,الهیه
4100000000,108,1401,2,4,1,1,1,1,نرگس (شهرک غرب)
3500000000,108,1400,2,3,3,1,1,1,حسین‌آباد
4350000000,108,1398,2,5,5,1,1,1,الهیه
1800000000,108,1401,2,3,2,0,0,0,پنجتن
4644000000,108,1404,2,5,2,1,1,1,الهیه
5500000000,110,1403,2,5,1,1,1,1,فرهنگیان (شهرک غرب)
2490000000,110,1401,2,5,5,1,1,1,شهرک امام هادی (شهرک غرب)
3850000000,110,1404,2,6,4,1,1,1,یاس
3050000000,110,1378,2,3,3,0,1,1,حجاب (شهرک غرب)
5670000000,110,1404,3,1,1,1,1,1,شهرک لشکر (شهرک غرب)
3650000000,110,1404,2,23,6,1,1,1,جانباز
4800000000,110,1397,2,5,4,1,1,1,موسوی قوچانی
3000000000,110,1395,2,3,3,1,1,1,ادیب نیشابوری (شهرک غرب)
7150000000,110,1404,2,4,4,1,1,1,اقبال
6200000000,110,1394,2,4,4,1,1,1,نیروی هوایی
4550000000,110,1400,2,5,2,1,1,1,الهیه
3200000000,110,1403,2,2,2,1,1,1,ایثارگران
4180000000,110,1401,2,2,2,1,1,1,الهیه
2250000000,110,1400,2,4,4,1,0,0,کوی دروی
2700000000,110,1397,2,4,4,0,1,1,هنرور
5500000000,110,1404,2,3,3,1,1,1,شهرک لشکر (شهرک غرب)
3300000000,110,1404,2,5,5,1,1,1,گلبرگ
7250000000,110,1404,2,3,3,1,1,1,کوثر
3800000000,110,1404,2,3,3,1,1,1,الهیه
5100000000,110,1404,3,2,2,1,1,1,الهیه
2650000000,110,1395,2,2,2,0,0,0,تلگرد
4850000000,110,1404,2,5,3,1,1,1,الهیه
5150000000,112,1403,2,1,1,1,1,1,الهیه
3100000000,112,1397,2,1,1,1,1,1,الهیه
4150000000,111,1395,2,3,3,1,1,1,جاهد شهر
7300000000,113,1390,2,1,1,0,1,1,هنرستان
4800000000,114,1404,2,5,3,1,1,1,الهیه
5000000000,114,1388,2,2,2,1,1,0,شریف
7000000000,115,1404,2,6,3,1,1,1,جاهد شهر
2950000000,100,1390,2,0,0,0,0,1,امامیه (شهرک غرب)
3300000000,115,1404,2,3,3,1,1,1,هنرور
1500000000,115,1400,2,1,1,0,0,1,بلال
3600000000,115,1395,2,3,3,0,0,1,شهرآرا
8000000000,118,1399,3,3,3,1,1,1,دریادل
3000000000,115,1404,2,5,2,1,1,1,موسوی قوچانی
8500000000,115,1404,2,3,3,1,1,1,امام رضا (ع)
2420000000,110,1397,2,3,3,0,0,1,سرافرازان
6500000000,115,1404,3,3,3,1,1,1,تربیت (صدف)
4450000000,116,1403,2,2,2,1,1,1,الهیه
5150000000,116,1398,2,3,3,1,1,1,فرهنگیان (شهرک غرب)
3150000000,116,1404,2,8,7,1,1,1,جانباز
5900000000,117,1394,2,4,4,1,1,1,نیروی هوایی
1550000000,120,1403,2,3,2,0,0,1,طبرسی شمالی
5180000000,120,1401,2,1,1,1,1,1,الهیه
4750000000,120,1397,2,3,3,1,1,1,الهیه
3800000000,120,1394,2,5,4,1,1,1,چهارچشمه
8000000000,120,1386,3,4,3,1,1,1,راهنمایی
10000000000,120,1396,2,1,1,1,1,1,کوثر
3700000000,120,1404,2,6,6,1,1,1,جانباز
5150000000,120,1395,2,4,3,1,1,1,بهاران
9000000000,90,1404,3,6,2,1,1,1,حرم مطهر رضوی
3000000000,120,1400,2,1,1,1,1,1,رستگار
9000000000,120,1404,2,5,5,1,1,1,نیروی هوایی
8500000000,122,1403,3,2,2,1,1,1,فارغ التحصیلان
5780000000,124,1382,2,0,0,0,1,1,کوشش
6100000000,124,1383,3,2,2,0,1,1,رضاشهر
2400000,125,1393,2,3,3,1,0,1,ایثارگران
2150000000,125,1399,2,2,2,0,0,1,خواجه ربیع
5800000000,125,1385,2,4,4,0,0,0,احمدآباد
4620000000,125,1404,2,2,2,1,1,1,الهیه
3190000000,125,1404,2,5,4,1,1,1,امیر
3650000000,125,1400,2,4,4,1,1,1,نکاح
3500000000,125,1389,2,0,0,0,1,1,حجاب (شهرک غرب)
4800000000,125,1397,3,6,5,1,1,1,الهیه
5200000000,125,1388,2,3,3,0,1,1,هفت تیر (حافظ)
2950000000,126,1403,2,1,1,1,1,0,خواجه ربیع
7000000000,128,1396,3,6,3,1,1,0,سعد آباد
6300000000,128,1404,3,3,3,1,1,1,شهرک رازی (شهرک غرب)
1450000000,130,1404,2,5,4,1,0,1,طبرسی شمالی
8250000000,130,1404,3,6,2,1,1,1,سید رضی
2500000000,130,1404,2,4,3,1,0,0,رده
2500000000,130,1402,3,1,1,0,0,0,رده
3000000000,130,1395,2,4,3,0,0,1,حسین‌آباد
4000000000,130,1404,2,2,2,1,1,1,شهید مطهری
4050000000,130,1403,2,6,2,1,1,1,هنرور
6600000000,130,1395,3,4,3,1,1,1,هفت تیر (آب و برق)
6800000000,130,1398,3,4,3,1,1,1,صیاد شیرازی
5200000000,130,1404,3,6,6,1,1,1,مشکینی (شهرک غرب)
7200000000,130,1404,3,5,5,1,1,1,آیت الله کاشانی
4800000000,130,1404,3,6,1,1,1,1,نکاح
4250000000,130,1404,3,5,5,1,1,1,موسوی قوچانی
25000,130,1403,3,3,1,0,0,0,عبادی
9800000000,130,1404,3,2,2,1,1,1,نیروی هوایی
6850000000,130,1393,3,3,3,1,1,1,شریف
9200000000,133,1404,3,6,6,1,1,1,فردوسی
5550000000,134,1399,3,3,2,1,1,1,شهید مطهری
6900000000,134,1403,3,6,5,1,1,1,فرهنگیان (شهرک غرب)
3300000000,135,1395,3,4,4,1,1,0,هدایت
7500000000,135,1398,3,5,3,1,1,1,موسوی قوچانی
4600000000,135,1404,3,1,1,1,1,1,شهید مطهری
6780000000,135,1404,3,3,3,1,1,1,شهرک رازی (شهرک غرب)
7700000000,135,1397,3,5,1,1,1,1,شهید فرامرز عباسی
4600000000,135,1404,2,6,6,1,1,1,سمزقند
4700000000,135,1404,2,7,3,1,1,1,موسوی قوچانی
4250000000,135,1404,2,6,6,1,1,1,عامل
6000000000,135,1404,3,6,4,1,1,1,الهیه
6200000,136,1388,2,1,1,1,1,1,سعد آباد
4100000000,137,1401,2,1,1,1,1,1,جانباز
4600000000,138,1403,3,2,2,1,1,1,الهیه
8000000000,138,1398,3,4,2,1,1,1,شریف
7800000000,138,1393,3,4,4,1,1,1,احمدآباد
5890000000,140,1404,3,5,5,1,1,1,الهیه
3100000000,140,1404,3,4,3,0,1,1,رستگار
9500000000,140,1392,3,4,4,1,1,1,کوثر
4900000000,140,1404,3,3,3,1,1,1,حسین‌آباد
7750000000,140,1394,3,5,3,1,0,1,فرهنگ
3400000000,140,1396,2,5,5,1,1,1,شهید مطهری
3700000000,140,1404,2,6,6,1,0,1,نکاح
3990000000,140,1397,2,10,4,1,1,1,کوی المهدی
10080000000,140,1404,3,5,5,1,1,1,فارغ التحصیلان
12200000000,141,1390,3,3,3,1,1,1,سجاد شهر
12000000000,145,0,3,1,1,0,1,1,سجاد شهر
6700000000,145,1404,3,3,3,1,1,1,الهیه
6200000000,148,1399,3,4,4,1,1,1,جاهد شهر
5220000000,145,1404,3,4,4,1,1,1,حسین‌آباد
2640000000,145,1404,3,4,4,1,0,1,تبادکان
6900000000,145,1392,3,5,4,1,1,1,آیت الله کاشانی
6650000000,145,1404,3,3,3,1,1,1,الهیه
4600000000,147,1404,3,6,1,1,1,1,شهید مطهری
13800000000,147,1400,3,1,1,1,1,1,ملک‌آباد
10650000000,152,1392,3,4,2,1,1,1,هنرستان
9000000000,150,1403,3,3,3,1,1,1,حرم مطهر رضوی
1000,150,1404,2,6,6,1,1,0,پنجتن
11900000000,149,1380,3,4,4,1,1,1,سجاد شهر
7350000000,150,1404,3,6,1,1,1,1,شهرک لشکر (شهرک غرب)
6450000000,150,1404,3,4,4,1,1,1,الهیه
8200000000,150,1397,3,2,2,1,1,1,فردوسی
9000000000,150,1404,3,1,1,1,1,1,شهید بهشتی
7150000000,150,1393,3,4,3,1,1,1,صیاد شیرازی
5900000000,151,1403,3,5,5,1,1,1,الهیه
8600000000,152,1393,3,4,4,1,1,1,کوثر
7200000000,152,1397,3,1,1,1,1,1,فارغ التحصیلان
13500000000,153,1381,3,4,4,1,1,1,سجاد شهر
6500000000,153,1400,3,5,4,1,1,1,الهیه
6200000000,190,1403,3,6,6,1,1,1,گلبرگ شمالی
8600000000,155,1402,3,6,6,1,1,1,دانشجو
8700000000,155,1395,3,3,3,1,1,1,نیروی هوایی
7200000000,155,1404,3,4,4,1,1,1,سجاد شهر
5750000000,155,1393,3,1,1,1,1,1,شهرک رازی (شهرک غرب)
17000000000,155,1403,3,6,2,1,1,1,سجاد شهر
6000000000,155,1400,3,5,5,1,1,1,الهیه
9000000000,155,1404,3,5,3,1,1,1,تربیت (صدف)
10000000000,155,1403,3,5,1,1,1,1,رضاشهر
4550000000,157,1403,3,6,2,1,1,1,شهید مطهری
9900000000,160,1402,3,1,1,1,1,1,فارغ التحصیلان
11400000,157,1394,3,5,5,1,1,1,بهشت
8950000000,157,1395,3,5,3,1,1,1,آزادشهر
6300000000,158,1401,3,6,3,1,1,1,الهیه
5450000000,158,1404,3,2,2,1,1,1,هنرور
9300000000,158,1401,3,1,1,1,1,1,فارغ التحصیلان
10000000000000,160,1404,3,3,3,1,1,1,چهارچشمه
10400000000,160,1404,3,6,6,1,1,1,آزادشهر
9000000000,160,1403,3,4,4,1,1,1,بهارستان
4500000000,160,1403,3,2,2,1,1,1,رستگار
9390000000,160,1401,3,6,6,1,1,1,آزادشهر
7200000000,160,1386,3,2,2,0,1,1,آزادشهر
11700000000,167,1404,3,6,6,1,1,1,ارشاد
13200000000,158,1396,3,6,2,1,1,1,فلسطین
13500000000,160,1393,3,2,2,1,1,1,سجاد شهر
16000000000,160,1404,3,6,4,1,1,1,کوثر
6450000000,160,1401,3,1,1,1,1,1,الهیه
8700000000,160,1404,3,6,1,1,1,1,سید رضی
11800000000,160,1404,3,2,2,1,1,1,فردوسی
6900000000,160,1404,3,6,6,1,1,1,شهرک رازی (شهرک غرب)
6100000000,160,1401,3,4,4,1,1,1,میعاد (شهرک غرب)
3050000000,160,1404,3,2,2,1,1,0,پنجتن
7800000000,160,1393,3,5,3,1,1,1,اقبال
12000000000,160,1404,3,6,4,1,1,1,رضاشهر
11200000000,160,1404,3,5,2,1,1,1,رضاشهر
6900000000,160,1404,3,5,3,1,1,1,الهیه
14000000000,160,1404,3,5,3,1,1,1,کوثر
13250000000,163,1404,3,4,4,1,1,1,وکیل‌آباد
12500000000,163,1383,3,4,4,1,1,1,سجاد شهر
10100000000,165,1402,3,4,4,1,1,1,آزادشهر
7400000000,165,1404,3,6,3,1,1,1,شهید مطهری
6900000000,165,1401,3,1,1,1,1,1,امیر
14850000000,165,1404,3,6,5,1,1,1,فرهنگ
14300000000,165,1403,3,2,2,1,1,1,فرهنگ
17800000000,167,1404,3,1,1,1,1,1,آزادشهر
7400000000,168,1404,3,5,3,1,1,1,الهیه
17000000000,170,1404,3,6,3,1,1,1,کوثر
9000000000,170,1397,3,5,2,1,1,1,رضاشهر
15000000000,160,1404,3,3,3,1,1,1,راهنمایی
8900000000,170,1392,3,5,4,1,1,1,اقبال
13500000000,170,1403,3,6,1,1,1,1,آزادشهر
6700000000,170,1395,3,4,2,1,1,1,شهرک رازی (شهرک غرب)
12200000000,170,1402,3,5,1,1,1,1,هنرستان
10600000000,170,1404,3,6,2,1,1,1,شهید فرامرز عباسی
16600000000,170,1404,3,4,4,1,1,1,آزادشهر
15200000000,170,1404,3,5,5,1,1,1,فرهنگ
5700000000,174,1403,3,6,6,1,1,1,رستگار
5850000000,175,1404,3,1,1,1,1,1,رستگار
16800000000,175,1404,3,6,3,1,1,1,هنرستان
9700000000,181,1397,3,5,5,1,1,1,شهید فرامرز عباسی
11200000000,180,1404,3,6,1,1,1,1,شهید بهشتی
11990000000,180,1387,3,5,3,1,1,1,آزادشهر
15600000000,180,1403,3,5,5,1,1,1,رضاشهر
6080000000,180,1404,3,6,6,1,1,1,رستگار
6850000000,180,1404,3,7,2,1,1,1,هنرور
11900000000,183,1402,3,4,4,1,1,1,فردوسی
8450000000,183,1403,3,4,4,1,1,1,شهرک لشکر (شهرک غرب)
6845000000,185,1403,3,5,5,1,1,1,امیریه
2930000000,175,1403,2,4,4,1,0,1,توس (بلوار توس)
5500000000,185,1404,3,3,3,1,1,1,رستگار
12500000000,185,1404,3,2,2,1,1,1,فردوسی
8100000000,188,1404,3,6,6,1,1,1,امیریه
8000000000,190,1404,3,6,6,1,1,1,الهیه
9600000000,195,1403,3,6,4,1,1,1,جاهد شهر
10700000000,195,1395,3,4,3,1,1,1,نیروی هوایی
16500000000,195,1403,3,7,5,1,1,0,رضاشهر
11000000000,197,1403,4,4,4,1,1,1,فردوسی
16600000000,198,1404,3,7,1,1,1,1,رضاشهر
5000000000,120,1399,2,4,4,1,1,1,شهرک لشکر (شهرک غرب)
12800000000,128,1403,3,1,1,1,1,1,حرم مطهر رضوی
14000000000,200,1404,3,6,6,1,1,1,صیاد شیرازی
6000000000,200,1404,3,5,4,1,1,1,امیریه
22000000000,200,1403,3,6,2,1,1,1,کوه سنگی
9350000000,200,1394,3,1,1,1,1,1,موسوی قوچانی
9450000000,200,1403,3,4,4,1,1,1,رضاشهر
13000000000,200,1404,3,2,2,1,1,1,فارغ التحصیلان
7950000000,205,1403,2,6,5,1,1,1,جاهد شهر
7600000000,220,1396,3,5,1,1,1,1,نکاح
6700000000,220,1404,3,6,4,1,1,1,نکاح
15800000000,220,1404,3,4,4,1,1,1,نیروی هوایی
14250000000,222,1404,3,4,4,1,1,1,فارغ التحصیلان
10500000000,223,1385,3,2,2,1,1,1,فردوسی
19800000000,235,1404,3,6,3,1,1,1,هفت تیر (آب و برق)
17600000000,235,1404,4,3,3,1,1,1,شهید فرامرز عباسی
14400000000,240,1398,4,6,6,1,1,1,صیاد شیرازی
16500000000,240,1404,3,4,4,1,1,1,نیروی هوایی
18500000000,280,1403,3,0,0,1,1,1,صیاد شیرازی
15500000000,300,1390,4,5,5,1,1,1,هنرستان
1075000000,75,1401,2,6,2,0,0,0,شهرک رازی (شهرک غرب)
1150000000,70,1404,2,2,1,0,0,1,نظام دوست
5900000000,130,1392,3,5,5,1,1,1,شهرآرا
26500000000,300,1402,4,1,1,1,1,1,رضاشهر
33000000000,300,1404,4,6,4,1,1,1,سجاد شهر
7500000000,170,1390,3,4,4,1,1,1,بهاران
4000000000,160,1404,3,1,1,1,1,0,پنجتن
14000000000,240,1397,4,5,5,1,1,1,هفت تیر (آب و برق)
9450000000,63,1398,1,3,3,1,1,0,حرم مطهر رضوی
1890000000,48,1386,1,3,3,0,1,0,جاهد شهر
1830000000,48,1385,1,2,2,0,0,1,فرهنگیان (شهرک غرب)
25000000000,340,1404,4,5,5,1,1,1,رضاشهر
8700000000,125,1404,2,4,2,1,1,1,گوهرشاد
650000000,50,1396,1,0,0,0,0,1,طبرسی شمالی
550000000,50,1398,1,1,1,0,0,0,حضرت حجت
710000000,50,1400,1,4,4,0,0,1,هفت تیر (آب و برق)
550000000,50,1390,0,0,0,0,0,0,شهید بصیر
10000000000,50,1404,1,4,1,0,0,1,کوی سیدی
960000000,50,1404,1,1,1,0,0,1,کوی المهدی
1550000000,50,1385,1,2,2,0,1,0,شهرک رازی (شهرک غرب)
1250000000,50,1395,1,1,1,0,0,0,رسالت
870000000,50,1380,1,2,0,0,0,0,یوسفیه (شهرک غرب)
845000000,55,1400,1,0,0,0,0,1,حضرت حجت
820000000,55,1401,1,2,2,0,0,1,حضرت حجت
670000000,55,1400,1,3,3,0,0,1,حضرت حجت
1050000000,55,1404,1,5,4,0,0,1,بلال
1250000000,55,1396,1,1,1,0,0,0,سمزقند
3500000000,55,1391,1,3,0,0,1,1,صیاد شیرازی
740000000,55,1402,1,1,1,0,0,1,حضرت حجت
1650000000,55,1392,1,4,3,1,1,0,میعاد (شهرک غرب)
1120000000,55,1390,1,3,2,0,0,1,رستگار
1200000000,55,1403,1,1,1,0,0,1,ابوذر
2500000000,58,1392,1,4,4,1,1,1,موسوی قوچانی
5400000000,53,1400,1,4,4,1,1,1,حرم مطهر رضوی
14000000000,127,1404,3,5,4,1,1,1,آیت الله خامنه‌ای
6530000000,132,1404,3,5,5,1,1,1,ایمان
1450000000,60,1395,1,3,3,0,1,0,ایثارگران
980000000,60,1391,1,5,4,0,0,1,یوسفیه (شهرک غرب)
850000000,60,1404,1,2,2,0,0,0,توس (بلوار توس)
1263000000,60,1402,2,5,5,1,1,1,یوسفیه (شهرک غرب)
1290000000,60,1397,1,3,3,0,0,0,نظام دوست
1350000000,60,1404,1,1,1,0,0,1,گلشور
820000000,60,1403,1,4,3,0,0,1,طبرسی شمالی
900000000,60,1398,1,3,3,0,0,1,ایثارگران
1250000000,60,1394,1,1,1,0,0,0,یوسفیه (شهرک غرب)
1620000000,60,1394,1,3,3,0,0,0,سرافرازان
1580000000,62,1400,1,4,1,1,0,1,ایثار
790000000,65,1400,1,4,4,0,0,1,حضرت حجت
990000000,65,1402,1,4,4,0,0,0,توس (بلوار توس)
6800000000,65,1402,2,4,4,1,1,1,حرم مطهر رضوی
3200000000,65,1388,1,0,0,0,1,0,هفت تیر (حافظ)
1400000000,65,1402,1,4,1,0,0,1,تلگرد
1470000000,65,1396,2,2,2,0,0,1,هنرور
1400000000,65,1404,1,2,0,0,0,1,شهید مطهری
1600000000,65,1395,2,4,4,1,0,1,یوسفیه (شهرک غرب)
1800000000,65,1401,1,5,2,0,0,0,جانباز
3950000000,65,1392,1,0,0,0,1,1,فارغ التحصیلان
2300000000,66,1385,1,3,3,0,1,1,شهرآرا
1990000000,67,1391,1,2,2,0,0,0,امام رضا (ع)
980000000,70,1400,1,3,3,0,1,1,حضرت حجت
1850000000,70,1404,1,3,3,1,0,0,شهید مطهری
1344000000,70,1403,2,0,0,0,0,1,یوسفیه (شهرک غرب)
3600000000,70,1395,2,2,2,1,1,1,شهید بهشتی
750000000,70,1400,1,3,3,0,0,0,هفت تیر (نه دره)
1780000000,70,1385,2,3,3,0,1,0,الهیه
5000000000,70,1389,2,4,2,1,1,1,هنرستان
1370000000,70,1404,2,3,3,0,0,0,رده
1520000000,70,1398,1,0,0,0,0,1,ایثارگران
1720000000,70,1398,1,3,3,0,0,1,مشکینی (شهرک غرب)
980000000,70,1400,1,4,4,0,0,1,هفت تیر (نه دره)
1700000000,70,1404,2,5,1,1,0,1,حسین‌آباد
3500000000,70,1387,2,4,4,1,1,1,شریف
3600000000,70,1388,2,0,0,0,1,1,صیاد شیرازی
3900000000,72,1391,2,4,1,1,1,1,هفت تیر (حافظ)
570000000,72,1397,1,0,0,0,0,1,کشف
3400000000,72,1388,2,2,2,0,1,0,نیروی هوایی
3300000000,73,1388,2,4,2,0,1,1,صیاد شیرازی
1450000000,75,1396,1,2,2,0,0,0,توس (بلوار توس)
1330000000,75,1403,1,3,3,0,1,0,طبرسی شمالی
2450000000,75,1391,2,3,3,0,1,1,جاهد شهر
1000000000,75,1400,1,2,2,0,0,1,توس (بلوار توس)
1050000000,75,1401,1,0,0,0,0,1,حضرت حجت
1550000000,75,1403,1,2,1,0,0,1,رسالت
1100000000,75,1399,1,2,1,0,0,1,کشف
2000000000,75,1404,2,5,0,0,0,1,رستگار
930000000,75,1399,1,3,3,0,0,0,توس (بلوار توس)
1900000000,75,1398,2,4,4,0,1,1,نکاح
2640000000,75,1385,2,4,4,0,1,1,هفت تیر (نه دره)
2200000000,75,1404,2,2,2,1,1,1,مشکینی (شهرک غرب)
1050000000,75,1402,2,4,3,0,0,0,کشاورز
3000000000,75,1394,2,4,1,1,1,1,جاهد شهر
2600000000,75,1386,2,3,3,0,1,1,شهرک رازی (شهرک غرب)
2800000000,75,1385,2,3,2,0,1,1,میعاد (شهرک غرب)
2330000000,75,1382,2,3,2,0,1,1,حجاب (شهرک غرب)
3300000,75,1392,2,2,2,1,1,0,چهارچشمه
1800000000,75,1396,1,2,2,0,0,0,کوی ولیعصر
1900000000,75,1403,2,4,3,0,0,1,کوی سیدی
1880000000,75,1391,2,3,3,0,0,0,امامیه (شهرک غرب)
2650000000,75,1390,2,3,3,0,1,1,چهارچشمه
1100000000,75,1398,2,2,2,1,0,1,الهیه
1150000000,75,1404,1,4,2,0,0,0,طبرسی شمالی
2850000000,75,1390,2,4,3,1,1,1,هفت تیر (آب و برق)
2200000000,75,1402,1,3,1,0,0,1,طلاب
800000000,75,1395,1,1,1,0,1,0,شهید جنگی
2650000000,75,1390,2,4,4,0,1,1,تربیت (صدف)
3550000000,76,1385,2,2,2,0,1,1,شهید بهشتی
2700000000,78,1390,2,4,4,0,1,0,جاهد شهر
4200000000,79,1404,2,4,2,1,1,1,بالا خیابان
4500000000,79,1404,2,4,2,1,1,1,چهارباغ
1700000000,80,1392,2,3,3,0,1,1,کوی المهدی
3250000000,80,1388,2,3,3,0,1,1,آزادشهر
1870000000,80,1404,2,6,6,1,0,1,شهید مطهری
5800000000,80,1398,2,1,1,1,1,1,امام رضا (ع)
4200000,80,1384,1,2,2,0,1,0,کوثر
1000000000,80,1404,2,4,3,1,1,1,توس (بلوار توس)
3400000000,79,1392,2,2,2,0,1,1,امامیه (شهرک غرب)
1880000000,80,1396,1,1,1,0,0,0,کوی المهدی
7600000000,80,1403,2,3,3,1,1,1,آیت الله خامنه‌ای
2900000000,80,1393,2,3,3,1,1,0,الهیه
5200000000,80,1388,2,1,1,0,1,1,آزادشهر
1180000000,80,1404,2,4,4,0,0,1,شهید قربانی
2840000000,80,1404,2,4,4,1,0,1,هفت تیر (نه دره)
4100000000,80,1388,2,2,2,0,1,1,کوثر
1100000000,80,1400,2,1,1,0,0,1,حضرت حجت
1870000000,80,1400,2,1,1,1,0,1,طلاب
985000000,80,1399,1,1,1,0,0,1,حضرت حجت
1730000000,80,1397,2,3,2,0,0,1,شفا
1400000000,80,1401,2,2,2,1,0,1,الهیه
1100000000,80,1392,1,2,0,0,0,0,بهمن
5500000000,80,1392,2,4,2,1,1,1,کوثر
2740000000,80,1394,2,3,3,1,1,0,امیریه
1790000000,80,1390,1,0,0,0,0,0,رستگار
3850000000,80,1389,2,3,3,0,1,1,دانشجو
1770000000,83,1400,2,4,2,1,0,0,امیر
4500000000,83,1389,2,4,4,1,1,1,نیروی هوایی
4700000000,83,1392,2,3,3,1,1,1,رضاشهر
2120000000,85,1394,2,4,1,0,1,1,مشکینی (شهرک غرب)
2700000000,85,1390,2,5,5,1,1,0,امیریه
4850000000,85,1386,2,1,1,1,1,1,سید رضی
700000000,85,1403,1,3,3,0,0,0,سیس‌آباد
1650000000,85,1399,2,3,3,0,0,1,وحید
1320000000,85,1397,2,4,2,0,0,0,بهمن
1400000000,85,1391,1,2,2,0,0,0,حضرت حجت
2200000000,85,1404,2,2,2,1,1,1,گلبرگ
4200000000,85,1399,2,4,3,1,1,1,موسوی قوچانی
4000000000,85,1404,2,5,2,1,1,1,دانش
1280000000,85,1404,2,3,3,1,0,1,حضرت حجت
800000000,85,1404,2,3,3,1,1,1,شهرک مطهری
2760000000,85,1404,2,5,1,1,1,1,امیریه
4150000000,85,1390,2,4,4,1,1,1,آزادشهر
1800000000,85,1400,2,2,2,0,0,1,ایثارگران
1660000000,85,1394,2,3,3,0,0,1,میعاد (شهرک غرب)
1350000000,85,1403,2,3,3,0,0,0,منزل آباد
2080000000,85,1388,2,3,1,0,0,0,ایثارگران
3600000000,85,1390,2,0,0,0,1,1,اقبال
3200000000,85,1390,2,4,4,0,1,1,فردوسی
2880000,85,1400,2,4,4,1,0,1,طلاب
2390000000,85,1389,2,4,4,0,1,1,هفت تیر (نه دره)
2610000000,85,1383,2,3,3,0,1,1,حجاب (شهرک غرب)
3100000000,85,1385,2,4,4,0,1,1,تربیت (صدف)
2250000000,85,1392,2,1,1,0,1,1,مشکینی (شهرک غرب)
4200000000,85,1393,2,3,3,1,1,1,شهید رضوی
4250000000,87,1398,2,4,3,1,1,1,هنرور
3280000000,78,1392,2,1,1,0,1,1,شهرک لشکر (شهرک غرب)
4190000000,86,1402,2,1,1,1,1,1,فرهنگیان (شهرک غرب)
3300000000,87,1393,2,4,3,1,1,1,الهیه
1850000000,88,1400,2,4,4,1,1,1,حضرت حجت
4100000000,89,1401,2,5,3,1,1,1,الهیه
4250000000,100,1399,2,4,4,1,1,1,الهیه
1600000000,90,1403,2,5,2,0,0,1,طبرسی شمالی
3700000000,90,1404,2,6,0,1,1,1,جاهد شهر
4000000000,90,1382,2,3,3,0,1,1,فردوسی
3850000000,90,1400,2,5,4,1,1,1,الهیه
1800000000,90,1403,2,5,4,1,1,0,شهید قربانی
1350000000,90,1404,2,3,3,0,0,0,نظام دوست
1600000000,90,1400,2,3,3,0,0,1,کوی ولیعصر
4640000000,90,1404,2,6,3,1,1,1,الهیه
3500000000,90,1395,2,3,2,1,1,1,الهیه
4320000000,90,1404,2,4,4,1,1,1,امامیه (شهرک غرب)
3800000000,90,1402,2,2,2,1,1,1,شهرک لشکر (شهرک غرب)
3200000000,90,1404,2,1,1,1,1,1,الهیه
6800000000,90,1404,2,3,3,1,1,1,نیروی هوایی
3980000000,90,1387,2,5,2,1,1,1,صیاد شیرازی
4050000000,90,1394,2,4,3,1,1,0,شریف
1460000000,86,1401,1,4,4,1,1,0,الهیه
3100000000,90,1394,2,4,4,1,0,0,شهرآرا
3800000000,90,1398,2,4,2,1,1,1,الهیه
6300000000,90,1398,2,5,2,1,1,1,صیاد شیرازی
4041000000,90,1402,2,1,1,1,1,1,حجاب (شهرک غرب)
4000000000,90,1400,2,3,3,1,1,1,الهیه
2400000000,90,1395,2,1,1,0,0,0,چهارچشمه
4350000000,90,1402,2,5,5,1,1,1,الهیه
2880000000,91,1393,2,3,3,0,1,1,شهرک لشکر (شهرک غرب)
3600000000,92,1389,2,3,3,0,1,1,رضاشهر
2850000000,92,1385,2,3,3,0,1,1,استاد یوسفی (شهرک غرب)
2720000000,92,1396,2,3,3,1,1,1,هدایت
3700000000,93,1402,2,3,3,1,1,1,الهیه
4250000000,93,1400,2,3,3,1,1,1,الهیه
4500000000,93,1388,2,5,5,1,1,0,بهاران
3000000000,93,1390,2,3,3,0,1,1,نکاح
6740000000,93,1404,2,5,2,1,1,1,هفت تیر (حافظ)
3200000000,94,1390,2,3,3,0,1,1,حجت
3800000000,95,1400,2,2,2,1,1,1,الهیه
4600000000,95,1386,2,5,5,1,1,0,بهاران
7600000000,95,1404,2,6,3,1,1,1,رضاشهر
4220000000,95,1404,2,2,2,1,1,1,الهیه
30000000000,95,1404,2,2,2,1,1,1,مشکینی (شهرک غرب)
2300000000,95,1404,2,2,2,1,1,1,امیر
4300000000,96,1398,2,1,1,1,1,1,الهیه
2800000000,97,1404,2,6,6,1,1,1,امیریه
3750000000,98,1398,2,4,4,1,1,1,الهیه
3700000000,100,1388,2,2,2,0,1,1,حسابی جنوبی (شهرک غرب)
4330000000,100,1399,2,5,5,1,1,1,الهیه
4330000000,100,1399,2,5,5,1,1,1,الهیه
3300000000,100,1403,2,6,6,1,0,1,جانباز
2800000000,100,1402,2,6,1,1,1,1,ایثارگران
1280000000,100,1400,2,2,2,0,0,1,توس (بلوار توس)
1870000000,100,1404,2,0,0,0,1,1,منزل آباد
3200000000,100,1404,2,8,6,1,1,1,جانباز
2850000000,100,1400,2,5,2,1,1,1,ایثارگران
4800000000,100,1398,2,5,3,1,1,1,کوی پلیس
4000000000,100,1394,2,4,1,1,1,1,شهرک لشکر (شهرک غرب)
4200000000,104,1402,2,2,2,1,1,1,الهیه
6100000000,105,1383,2,4,1,1,1,1,سناباد
4500000000,105,1399,2,4,2,1,1,1,جاهد شهر
2300000000,105,1403,2,1,1,1,1,0,حضرت حجت
4350000000,100,1399,2,5,5,1,1,1,الهیه
5145000000000,105,1404,2,5,4,1,1,1,الهیه
4500000000,105,1400,2,5,5,1,1,1,جاهد شهر
2800000000,105,1404,2,13,1,1,0,1,انقلاب
2800000000,105,1404,2,5,5,1,1,1,جانباز
5500000000,108,1398,2,5,2,1,1,1,جاهد شهر
3200000000,109,1382,2,0,0,0,1,1,شهرک رازی (شهرک غرب)
1320000000,110,1404,2,3,3,0,0,1,منزل آباد
5480000000,110,1403,2,1,1,1,1,1,هفت تیر (آب و برق)
5500000000,110,1388,2,5,2,0,1,1,جنت
1490000000,110,1402,1,2,2,0,0,1,کلاته برفی
4000000000,110,1402,2,3,3,1,1,1,الهیه
3300000000,110,0,2,4,3,0,0,1,سناباد
3900000000,113,1398,2,5,5,1,1,1,مشکینی (شهرک غرب)
3650000000,115,1403,2,4,4,1,1,1,حسین‌آباد
4500000000,115,1397,2,2,2,1,1,1,حسین‌آباد
3500000000,115,1403,2,8,7,1,1,1,جانباز
3200000000,115,1404,2,5,5,1,0,1,جانباز
3200000000,130,1403,2,8,8,1,0,1,جانباز
5600000000,117,1390,2,4,4,1,1,1,نیروی هوایی
8000000000,120,1380,2,3,0,0,1,0,احمدآباد
3300000000,120,1402,2,6,6,1,1,1,امیر
6000000000,121,1390,2,5,4,1,1,1,عنصری
6500000000,122,1404,3,1,1,1,1,1,مقدم
3200000000,130,1403,3,6,3,1,1,1,فدک
5200000000,130,1400,3,6,3,1,1,1,ایثار
2200000000,130,1404,3,4,3,1,1,1,کریم آباد
9300000000,134,1390,3,4,2,1,1,1,هنرستان
4100000000,135,1404,2,7,6,1,1,1,جانباز
3500000000,135,1395,2,6,6,1,1,1,جانباز
4050000000,135,1400,2,8,3,1,1,1,جانباز
10950000000,135,1404,3,6,6,1,1,1,هفت تیر (حافظ)
6547000000,135,1404,3,2,2,1,1,1,فرهنگیان (شهرک غرب)
3800000000,137,1401,2,5,1,1,1,1,جانباز
5580000000,140,1404,3,6,1,1,1,1,حسین‌آباد
7000000000,140,1384,3,4,4,1,1,1,فرهنگ
2400000000,140,1399,2,4,1,1,1,1,مشهدقلی
6000000000,145,1404,3,10,3,1,1,1,الهیه
7250000000,145,1404,3,5,5,1,1,1,جاهد شهر
8300000000,145,1387,3,4,1,1,1,1,فرهنگ
6200000000,150,1400,3,5,5,1,1,1,جانباز
7000000000,150,1390,3,4,3,1,1,1,مقدم
4350000000,150,1400,2,4,4,1,1,1,جانباز
4350000000,145,1404,2,8,5,1,1,1,جانباز
6200000000,152,1395,3,5,5,1,1,1,جانباز
7300000000,150,1386,3,4,4,1,1,1,دانشجو
5700000000,150,1389,3,3,2,0,1,1,فرهنگ
5750000000,155,1404,3,5,5,1,1,1,الهیه
11600000000,156,1395,3,0,0,1,1,1,هنرستان
6500000000,158,1402,3,4,3,1,1,1,امیریه
12700000000,160,1404,3,6,4,1,1,1,شهید فرامرز عباسی
11880000000,165,1404,3,6,4,1,1,1,رضاشهر
12750000000,165,1404,3,6,3,1,1,1,رضاشهر
12500000000,165,1404,3,2,2,1,1,1,آزادشهر
8450000000,165,1395,3,5,2,1,1,1,هفت تیر (حافظ)
12180000000,170,1404,3,6,2,1,1,1,رضاشهر
8550000000,173,1388,3,4,2,1,1,1,سناباد
10700000000,173,1394,3,4,1,1,1,1,کوثر
11310000000,174,1397,3,6,6,1,1,1,سناباد
14400000000,180,1404,3,6,2,1,1,1,رضاشهر
6300000000,180,1403,3,7,5,1,1,1,یاس
11300000000,180,1400,3,4,2,1,1,1,صیاد شیرازی
5950000000,180,1404,3,1,1,1,1,1,الهیه
2450000000,180,1402,3,4,4,1,1,1,شیرحصار
20000000000,180,1404,3,5,4,1,1,1,کوثر
5900000000,190,1404,3,7,7,1,1,1,جانباز
19900000000,190,1401,3,5,3,1,1,1,احمدآباد
7000000000,190,1402,4,3,0,0,1,1,سعد آباد
12800000000,200,1404,3,6,6,1,1,1,اقبال
5850000000,200,1404,3,7,1,1,1,1,فتح المبین
5800000000,210,1396,3,4,2,1,1,1,جانباز
6300000000,220,1402,3,7,7,1,1,1,جانباز
15400000000,220,1400,3,5,2,1,1,1,کوثر
6900000000,230,1404,3,8,5,1,1,1,جانباز
17000000000,275,1403,4,6,1,1,1,1,رضاشهر
9500000000,158,1398,3,4,4,1,1,1,رضاشهر
4750000000,125,1404,3,4,4,1,1,1,طلاب
1400000000,55,1390,1,0,0,0,0,1,سرافرازان
765000000,55,1404,1,2,2,0,0,1,نوده
650000000,55,1400,1,2,2,0,0,0,حضرت حجت
950000000,55,1402,1,2,2,0,0,1,منزل آباد
1580000000,55,1393,1,0,0,0,0,0,سرافرازان
850000000,60,1393,1,4,0,0,0,0,حضرت حجت
1800000000,65,1404,2,2,2,1,0,0,گلبرگ
1680000000,60,1394,1,3,3,0,0,0,سرافرازان
900000000,65,1403,1,1,1,0,0,1,حضرت حجت
670000000,65,1400,1,4,1,0,0,1,توس (بلوار توس)
1200000000,65,1404,1,2,2,1,1,0,شهرک مطهری
1170000000,65,1397,1,3,1,0,0,1,حسین‌آباد
855000000,70,1392,1,1,1,0,0,1,حضرت حجت
720000000,70,1402,1,5,3,0,0,1,حضرت حجت
1100000000,70,1404,1,4,4,1,0,0,کوی دروی
3200000000,73,1386,2,3,3,0,1,1,نیروی هوایی
1250000000,75,1404,2,2,2,0,1,0,کشف
1590000000,75,1387,2,2,2,0,0,0,هفت تیر (نه دره)
1800000000,75,1382,1,4,3,0,1,0,امامیه (شهرک غرب)
22000000,75,1392,2,3,2,0,0,0,شهید بهشتی
3950000000,75,1398,2,4,3,1,1,1,مقدم
1450000000,80,1402,2,4,4,1,1,1,حضرت حجت
2100000000,80,1392,2,1,1,0,1,1,هدایت
5500000000,80,1393,2,4,1,1,1,1,امام رضا (ع)
1500000000,80,1403,2,2,2,0,0,1,بلال
3700000000,76,1404,2,3,3,1,1,1,میعاد (شهرک غرب)
3300000000,80,1398,2,4,2,1,1,1,امیر
2450000000,80,1401,2,6,2,1,0,1,جانباز
4100000000,80,1395,2,4,2,1,1,1,مقدم
1300000000,80,1398,1,3,2,0,0,0,بهمن
1750000000,80,1395,1,0,0,0,0,1,موسوی قوچانی
3000000000,82,1387,2,4,4,0,1,0,بهاران
37600000000,82,1394,2,4,2,1,1,1,حسابی جنوبی (شهرک غرب)
6640000,83,1403,2,10,1,1,1,1,امام رضا (ع)
1550000000,85,1403,2,3,3,1,1,1,طبرسی شمالی
2400000000,85,1403,2,5,5,1,1,0,نظام دوست
3350000000,85,1395,2,6,4,1,1,1,سرافرازان
1298000000,85,1394,2,3,2,0,1,1,شهید قربانی
1688000000,85,1403,2,3,3,1,1,1,منزل آباد
3000000000,85,1390,2,3,3,0,1,1,مقدم
2630000000,85,1404,1,8,4,1,1,1,جانباز
2150000000,85,1394,2,2,0,0,1,1,جانباز
3260000000,85,1389,2,4,1,0,1,1,حسابی جنوبی (شهرک غرب)
6380000000,88,1403,2,5,2,1,1,1,هفت تیر (حافظ)
2630000000,90,1404,2,2,2,1,1,1,شهید مطهری
2300000000,90,1402,2,2,2,1,0,1,جانباز
1600000000,90,1399,2,1,1,0,0,0,شهرک امام هادی (شهرک غرب)
3650000000,90,1397,2,3,3,1,1,0,الهیه
4600000000,90,1395,2,5,5,1,1,1,جاهد شهر
4320000000,93,1401,2,2,2,1,1,1,جاهد شهر
2300000000,95,1391,2,3,3,0,0,1,چهارچشمه
3450000000,95,1400,2,6,1,1,1,1,جانباز
4380000000,95,1388,2,4,4,1,1,1,هفت تیر (آب و برق)
3400000000,95,1396,2,6,5,1,1,1,جانباز
4300000000,97,1401,2,5,5,1,1,1,الهیه
5000000000,100,1400,2,2,2,1,1,1,الهیه
10000000000,185,1403,3,2,2,1,1,1,شهید بهشتی
1700000000,75,1395,2,3,3,0,0,1,توس (بلوار توس)
3150000000,73,1394,2,3,3,0,1,1,سرافرازان
4000000000,83,1394,2,4,4,1,1,1,عبادی
2960000000,110,1404,2,2,2,1,0,1,هنرور
1400000000,75,1403,2,1,1,0,1,1,کشف
1400000000,50,1400,1,2,2,0,0,1,شهرک بهارستان
1700000000,110,1393,2,2,2,0,0,1,شهرک امام هادی (شهرک غرب)
1000000000,55,1401,1,3,3,0,0,1,کوی ولیعصر
2550000000,100,1397,2,5,0,0,0,1,هنرور
4180000000,135,1401,2,5,5,1,1,0,کوی المهدی
1400000000,57,1392,1,0,0,0,0,0,ایثارگران
1200000,120,1397,2,3,0,0,1,0,شیرحصار
3200000000,100,1397,2,15,2,1,1,1,الهیه
2200000000,100,1401,2,5,1,1,1,0,شهرک امام هادی (شهرک غرب)
3350000000,103,1400,2,3,3,1,1,1,حضرت حجت
1960000000,105,1402,2,5,1,1,1,1,توس (بلوار توس)
2900000000,105,1404,2,5,2,0,1,1,گاز
3200000000,110,1376,2,12,0,0,1,1,شهرک رازی (شهرک غرب)
3500000000,110,1403,2,2,2,1,1,1,الهیه
2640000000,115,1400,2,4,2,1,1,1,شهرک امام هادی (شهرک غرب)
4400000000,115,1403,2,2,2,1,1,1,الهیه
6000000000,120,1397,3,5,1,1,1,1,الهیه
4500000000,130,1402,2,5,3,1,1,1,الهیه
4370000000,125,1403,3,3,3,1,1,0,گلشور
4200000000,135,1404,2,8,6,1,1,1,جانباز
8300000000,150,1404,3,4,4,1,1,1,امام خمینی
7500000000,152,1395,3,5,3,1,1,1,خرمشهر
8650000000,155,1403,3,6,6,1,1,1,دانشجو
7800000000,160,1404,3,5,5,1,1,1,الهیه
10500000000,160,1404,3,6,2,1,1,1,آزادشهر
6500000000,170,1404,3,3,3,1,1,1,جاهد شهر
1100000000,50,1385,1,3,3,0,1,0,حجاب (شهرک غرب)
1050000000,64,1395,2,2,2,0,0,1,یوسفیه (شهرک غرب)
1400000000,65,1402,1,4,4,1,0,0,گلشور
2200000000,67,1394,2,2,2,0,0,0,سرافرازان
2300000000,78,1380,2,3,3,0,1,1,فدک
1570000000,85,1404,2,2,2,1,1,0,توس (بلوار توس)
4250000000,85,1381,2,3,2,0,0,1,راه آهن
2840000000,85,1384,2,1,1,0,1,1,حجاب (شهرک غرب)
4600000000,95,1391,2,4,1,1,1,1,هفده شهریور
5550000000,130,1401,3,3,3,1,1,1,مشکینی (شهرک غرب)
4700000000,157,1403,3,7,5,1,1,1,جانباز
2900000000,100,1404,2,1,1,1,1,0,نظام دوست
2700000000,82,1403,1,3,3,1,1,1,جانباز
4700000000,107,1397,2,5,5,1,1,1,الهیه
7250000000,103,1387,2,3,0,0,0,1,نوفل لوشاتو
13250000000,163,1404,3,4,4,1,1,1,فرهنگ
4590000000,95,1399,2,5,5,1,1,1,الهیه
10500000000,155,1403,3,6,4,1,1,1,آزادشهر
2200000000,85,1404,2,1,1,1,0,0,ایثارگران
2520000000,75,1385,2,3,3,0,1,1,حجاب (شهرک غرب)
11200000000,157,1404,3,6,2,1,1,1,آزادشهر
6800000000,150,1404,3,6,2,1,1,1,الهیه
9500000000,160,1404,3,1,1,1,1,1,سید رضی
14500000000,250,1390,3,5,1,1,1,1,هنرستان
28000000000,275,1404,3,6,0,1,1,1,آزادشهر
18700000000,220,1404,3,6,5,1,1,1,فارغ التحصیلان
20000000000,200,1404,3,6,6,1,1,1,آزادشهر
2380000000,75,1389,2,4,4,0,1,1,حجاب (شهرک غرب)
18900000000,300,1403,4,6,6,1,1,1,رضاشهر
900000000,55,1400,1,3,3,0,0,0,کوی ولیعصر
7400000000,170,1404,3,5,3,1,1,1,الهیه
11200000000,168,1397,3,5,5,1,1,1,بهشت
3400000000,100,1397,2,5,5,1,1,1,الهیه
4550000000,85,1390,2,4,4,1,1,1,نیروی هوایی
3750000000,86,1387,2,1,1,0,1,1,صیاد شیرازی
4500000000,85,1404,2,4,3,1,1,1,راه آهن
4000000000,80,1395,2,4,1,1,1,1,شهید هاشمی نژاد
5100000000,105,1395,2,4,3,1,1,1,شهرآرا
850000000,60,1393,1,2,2,0,0,0,یوسفیه (شهرک غرب)
5200000000,160,1402,3,1,1,1,1,1,ابوذر
5166000000,123,1399,2,4,3,1,1,1,الهیه
850000000,90,1404,2,3,3,0,1,0,یاغون آباد
1900000000,1450,1404,0,0,0,0,1,0,میان ولایت
1500000000,85,1402,2,2,2,0,0,1,طبرسی شمالی
4000000000,1000,1400,1,1,1,1,1,1,جانباز
11100000000,160,1387,3,4,4,1,1,0,کوثر
24000000000,180,1401,3,1,1,1,1,1,کوثر
18600000000,165,1404,3,4,4,1,1,1,کوثر
26400000000,240,1404,3,4,4,1,1,1,کوثر
17900000000,165,1404,3,2,2,1,1,1,کوثر
7500000000,90,1386,2,3,2,0,1,1,کوثر
24000000000,200,1404,3,3,3,1,1,1,کوثر
17000000000,155,1404,3,5,5,1,1,1,کوثر
17200000000,170,1399,3,2,2,1,1,1,کوثر
19000000000,190,1403,3,6,3,1,1,1,کوثر
23500000000,199,1403,3,6,6,1,1,1,کوثر
26000000000,240,1404,3,5,5,1,1,1,کوثر
33000000000,300,1403,4,3,3,1,1,1,کوثر
1850000000,100,1403,2,2,2,1,0,1,طبرسی شمالی
1415000000,85,1402,1,0,0,0,1,1,طبرسی شمالی
68000,95,1404,2,6,2,1,1,1,الهیه
2630000000,79,1390,2,3,2,0,1,1,جاهد شهر
780000000,50,1379,1,3,0,0,1,0,حجاب (شهرک غرب)
1500000000,90,1396,1,3,3,0,0,1,شهرک امام هادی (شهرک غرب)
1000000000,90,1397,2,2,1,0,0,0,کوی ولیعصر
4000000000,99,1396,2,4,4,1,1,1,جاهد شهر
2370000000,65,1393,2,2,2,0,1,1,فرهنگیان (شهرک غرب)
3800000000,82,1386,2,3,2,0,1,0,بهاران
3500000000,125,1384,3,4,4,0,1,1,اقبال
845000000,80,1398,2,2,2,0,0,1,طبرسی شمالی
1100000000,85,1395,2,3,3,0,0,0,منزل آباد
13500000000,150,1402,3,5,4,1,1,1,راهنمایی
5300000000,100,1397,2,4,1,1,1,0,اقبال
8400000000,80,1404,2,1,1,1,1,1,امام رضا (ع)
11500000000,170,1404,3,6,4,1,1,1,زمانه
17500000000,240,1404,4,6,4,1,1,1,فارغ التحصیلان
50000,90,1404,2,6,4,1,1,1,الهیه
4500000000,60,1399,1,0,4,1,1,0,بالا خیابان
7000000000,113,1403,2,16,9,1,1,1,آبادگران
3350000000,90,1401,2,7,0,1,1,1,الهیه
4350000000,90,1403,2,9,9,1,1,1,حسابی جنوبی (شهرک غرب)
6380000000,116,1404,2,4,4,1,1,1,دانشجو
7000000000,115,1397,2,8,8,1,1,1,دانشجو
28700000000,179,1401,3,7,7,1,1,1,هنرستان
12100000000,110,1404,2,10,1,1,1,1,آبادگران
8840000000,68,1403,1,10,4,1,1,0,بالا خیابان
15900000000,135,1404,2,5,5,1,1,1,فردوسی
6000000000,100,1404,2,9,7,1,1,1,آبادگران
6000000000,100,1404,2,9,9,1,1,1,آبادگران
680000,115,1404,2,6,4,1,1,1,الهیه
2980000000,70,1385,2,2,2,0,1,1,گلبرگ
4700000000,100,1398,2,16,5,1,1,1,خاتم الانبیا
4500000000,90,1400,2,16,7,1,1,1,گلبرگ
3950000000,90,1399,2,1,1,1,1,1,خاتم الانبیا
6800000000,100,1400,2,16,16,1,1,1,خاتم الانبیا
9500000000,86,1404,2,16,3,1,1,1,بالا خیابان
5100000000,108,1396,2,4,4,1,1,1,گلبرگ
25000000000,185,1404,3,8,5,1,1,1,کوثر
4700000000,105,1404,2,12,12,1,1,1,سرافرازان
8400000000,120,1404,2,10,5,1,1,1,شریف
6400000000,160,1403,2,1,1,1,1,1,جاهد شهر
35000000000,210,1403,3,30,15,1,1,1,ارشاد
3600000000,95,1402,2,3,3,1,1,1,حسابی جنوبی (شهرک غرب)
3000000000,50,1404,1,12,1,1,1,0,حرم مطهر رضوی
5000000000,60,1404,1,4,4,1,1,1,عیدگاه
5500000000,87,1404,2,0,14,1,1,1,سرافرازان
6800000000,123,1398,3,6,6,1,1,1,دانشجو
2790000000,88,1401,2,4,4,1,1,1,الهیه
8200000000,60,1404,0,6,6,1,1,1,سجاد شهر
5940000000,120,1404,2,5,2,1,1,1,الهیه
8900000000,157,1404,3,6,4,1,1,1,الهیه
5850000000,106,1397,2,5,7,1,1,1,جاهد شهر
5400000000,100,1404,2,6,2,1,1,1,جاهد شهر
4500000000,105,1404,2,10,2,1,1,1,حجاب (شهرک غرب)
4250000000,105,1396,2,5,5,1,1,1,الهیه
6000000000,111,1393,2,4,3,1,1,1,نیروی هوایی
7850000000,105,1404,2,5,2,1,1,1,نیروی هوایی
6350000000,110,1393,2,4,4,1,1,1,نیروی هوایی
6200000000,110,1392,2,4,4,1,1,1,نیروی هوایی
18180000000,201,1404,3,6,6,1,1,1,آزادشهر
17000000000,200,1389,3,5,3,1,1,1,سجاد شهر
14700000000,175,1389,3,0,0,1,1,1,سجاد شهر
49000000000,310,1404,4,5,5,1,1,1,ملک‌آباد
38000000000,300,1403,4,4,4,1,1,1,سجاد شهر
2650000000,100,1400,2,4,2,0,0,1,رستگار
4300000000,80,1388,2,1,1,0,1,0,شهید فرامرز عباسی
9480000000,158,1400,3,1,1,1,1,1,فرهنگ
3530000000,75,1388,2,1,1,0,1,1,هفت تیر (آب و برق)
4600000000,110,1404,2,3,3,1,1,1,الهیه
2600000000,100,1400,2,4,4,1,1,1,مشهدقلی
820000000,65,1403,1,3,3,0,0,0,مشهدقلی
850000000,60,1402,1,0,0,0,0,0,مشهدقلی
1850000000,100,1400,2,1,1,1,1,1,مشهدقلی
2650000000,135,1403,2,3,3,1,1,0,مشهدقلی
1600000000,125,1402,2,3,3,1,0,0,مشهدقلی
1300000000,80,1402,1,2,2,1,1,1,مشهدقلی
1050000000,90,1403,2,4,4,0,0,0,مشهدقلی
2350000000,110,1404,2,2,2,1,1,1,مشهدقلی
2500000000,145,1402,2,1,1,1,1,0,مشهدقلی
910000000,55,1395,1,0,0,0,0,0,مشهدقلی
1650000000,100,1404,2,5,5,1,1,0,توس (بلوار توس)
1260000000,65,1404,1,3,3,1,1,0,مشهدقلی
1400000000,75,1404,2,4,4,1,0,0,مشهدقلی
1150000000,60,1403,2,1,1,1,0,0,توس (بلوار توس)
850000000,65,1404,1,4,4,0,0,0,مشهدقلی
3500000000,170,1402,3,1,1,0,1,1,دوست آباد
18000000000,240,1380,3,4,4,1,1,1,سجاد شهر
22000000000,165,1404,3,3,3,1,1,1,ملک‌آباد
25000000000,200,1404,3,2,2,1,1,1,سجاد شهر
17000000000,200,1390,3,2,2,1,1,1,سجاد شهر
29000000000,300,1403,4,5,5,1,1,1,سجاد شهر
39600000000,330,1403,4,2,2,1,1,1,سجاد شهر
36800000000,320,1403,4,6,6,1,1,1,سجاد شهر
42000000000000,350,1404,4,5,5,1,1,1,سجاد شهر
43700000000,380,1404,4,4,4,1,1,1,سجاد شهر
48300000000,420,1402,4,7,7,1,1,1,سجاد شهر
49000000000,420,1403,4,4,4,1,1,1,سجاد شهر
30000000000,280,1404,4,5,5,1,1,1,سجاد شهر
1600000000,70,1401,1,0,0,0,0,1,نکاح
29900000000,260,1404,3,5,5,1,1,1,سجاد شهر
4500000000,98,1404,2,1,1,1,1,1,الهیه
8250000000,270,1395,3,8,7,1,1,1,جانباز
9500000000,160,1404,3,1,1,1,1,1,هفت تیر (حافظ)
2170000000,85,1380,2,4,4,0,1,1,حجاب (شهرک غرب)
1400000000,50,1380,1,2,2,0,1,0,حجاب (شهرک غرب)
90000000000,450,1404,4,4,4,1,1,1,ملک‌آباد
31500000000,300,1404,4,6,4,1,1,1,سجاد شهر
47000000000,350,1400,4,2,2,1,1,1,سجاد شهر
50000000000,400,1393,4,6,5,1,1,1,ملک‌آباد
50500000000,420,1403,4,6,3,1,1,1,سجاد شهر
37000000000,300,1403,4,4,4,1,1,1,سجاد شهر
26000000000,170,1404,3,3,3,1,1,1,ملک‌آباد
8700000000,157,1380,3,1,1,1,1,1,سجاد شهر
11400000000,170114,1375,3,1,1,1,1,1,سجاد شهر
33000000000,300,1401,4,6,3,1,1,1,سجاد شهر
31000000000,270,1403,4,6,5,1,1,1,سجاد شهر
32000000000,290,1404,4,4,4,1,1,1,سجاد شهر
35420000000,308,1403,4,6,4,1,1,1,سجاد شهر
35000000000,315,1404,3,6,5,1,1,1,سجاد شهر
28000000000,330,1395,4,3,3,1,1,1,سجاد شهر
33500000000,305,1402,4,6,3,1,1,1,سجاد شهر
5500000000,94,1389,2,5,3,1,1,1,جانباز
2700000000,80,1396,2,4,3,1,1,1,سرافرازان
4500000000,90,1386,2,1,1,0,1,1,هنرستان
2700000000,80,1387,2,4,4,0,1,1,شریف
3300000000,90,1387,2,3,2,0,1,1,شهرآرا
8400000000,150,1390,3,4,3,1,1,1,سناباد
12000000000,135,1393,3,2,2,1,1,1,سجاد شهر
7200000000,115,1404,2,1,1,1,1,1,نیروی هوایی
2400000000,100,1402,2,1,1,1,1,1,طبرسی شمالی
2600000000,100,1404,2,1,1,1,0,1,طبرسی شمالی
1850000000,100,1403,2,1,1,1,0,1,طبرسی شمالی
5400000000,142,1395,3,3,2,1,1,1,الهیه
1500000000,110,1402,2,2,2,0,0,1,طبرسی شمالی
6500000000,155,1403,3,2,2,1,1,1,الهیه
5050000000,135,1404,3,5,5,1,1,1,الهیه
6500000000,120,1395,2,4,1,1,1,1,هفت تیر (آب و برق)
2850000000,67,1389,2,4,1,0,1,1,فرهنگیان (شهرک غرب)
18600000000,158,1401,3,4,4,1,1,1,سجاد شهر
4000000000,75,1385,2,30,3,1,1,1,صیاد شیرازی
9500000000,160,1404,3,5,5,1,1,1,دانشجو
9150000000,115,1384,2,2,2,1,1,1,فلسطین
900000000,80,1398,1,0,0,0,0,1,طبرسی شمالی
10250000000,160,1404,3,0,1,1,1,1,آزادشهر
10800000000,90,1403,2,2,2,1,1,0,بالا خیابان
10200000000,85,1404,2,3,3,1,1,1,بالا خیابان
16000000000,260,1404,3,5,5,1,1,1,آزادشهر
4700000000,90,1392,2,3,2,0,1,1,شهید بهشتی
14800000000,175,1403,3,6,6,1,1,1,شهید بهشتی
12500000000,160,1404,3,6,3,1,1,1,شهید بهشتی
5700000000,95,1404,2,4,2,1,1,1,شهید بهشتی
4500000000,85,1387,2,1,1,1,1,1,شهید بهشتی
6500000000,110,1403,2,6,6,1,1,1,شهید بهشتی
7500000000,135,1383,2,1,1,0,1,1,شهید بهشتی
10200000000,150,1403,3,6,2,1,1,1,شهید بهشتی
8550000000,150,1404,3,6,1,1,1,1,کوه سنگی
9100000000,150,1404,3,2,2,1,1,1,شهید بهشتی
8450000000,170,1396,3,2,2,1,1,1,شهید بهشتی
10000000000,200,1393,3,1,1,1,1,1,شهید بهشتی
10000000000,200,1394,3,1,1,1,1,1,شهید بهشتی
10650000000,150,1404,3,5,3,1,1,1,شهید بهشتی
6500000000,100,1404,2,6,3,1,1,1,شهید بهشتی
10700000000,150,1404,3,6,3,1,1,1,شهید بهشتی
8400000000,150,1401,3,0,0,1,1,1,شهید بهشتی
10700000000,150,1404,3,6,3,1,1,1,شهید بهشتی
10300000000,150,1403,3,2,2,1,1,1,شهید بهشتی
10400000000,150,1404,3,6,3,1,1,1,شهید بهشتی
4700000000,85,1387,2,2,2,0,1,1,شهید بهشتی
10700000000,155,1402,3,2,2,1,1,1,شهید بهشتی
4750000000,86,1389,2,2,2,0,1,1,شهید بهشتی
4700000000,87,1390,2,2,2,0,1,1,شهید بهشتی
13680000000,255,1404,3,6,6,1,1,1,دانشجو
1200000000,120,1394,1,3,3,0,0,1,عبادی
3200000000,78,1391,2,4,2,0,1,1,فرهنگیان (شهرک غرب)
2340000000,75,1387,2,4,4,0,1,1,فرهنگیان (شهرک غرب)
2685000000,77,1390,2,3,3,0,1,1,فرهنگیان (شهرک غرب)
1750000000,70,1400,1,0,0,0,0,1,موسوی قوچانی
8000000000,140,1396,3,4,4,1,1,1,احمدآباد
4950000000,95,1404,2,5,2,1,1,1,الهیه
6500000000,150,1399,3,5,3,1,1,1,جاهد شهر
1700000000,50,1395,1,1,1,1,1,1,جاهد شهر
2500000000,75,1396,2,2,2,1,1,1,الهیه
19850000000,215,1404,3,3,3,1,1,1,هفت تیر (حافظ)
10500000000,140,1388,2,1,1,1,1,1,سجاد شهر
4800000000,100,1404,2,6,5,1,1,1,دانشجو
13890000000,166,1403,3,6,3,1,1,1,فرهنگ
18700000000,170,1404,3,6,6,1,1,1,آزادشهر
8640000000,160,1404,3,6,2,1,1,1,سید رضی
3850000000,50,1398,1,6,6,1,1,1,کوی راد
17900000000,175,1404,3,6,4,1,1,1,کوثر
13600000000,170,1404,3,1,1,1,1,1,هفت تیر (حافظ)
5400000000,160,1404,3,5,5,1,1,1,امیر
3700000000,100,1403,2,5,2,1,1,1,الهیه
7900000000,200,1402,4,5,2,1,1,1,الهیه
7350000000,150,1390,3,4,4,1,1,1,کوثر
2150000,98,1404,2,0,0,0,1,1,موسوی قوچانی
4950000000,111,1403,2,6,3,1,1,1,الهیه
6230000000,150,1399,3,2,2,1,1,1,شاهد (شهرک غرب)
24500000000,265,1404,3,5,5,1,1,1,کوثر
15150000000,200,1403,3,6,6,1,1,1,کوثر
17500000000,145,1404,3,6,2,1,1,1,هنرستان
11750000000,160,1402,3,5,5,1,1,1,فرهنگ
10500000000,152,1390,3,4,1,1,1,1,کوه سنگی
7650000000,90,1404,2,6,2,1,1,1,شهید بهشتی
16740000000,186,1404,3,1,1,1,1,1,هفت تیر (حافظ)
19000000000,225,1404,3,2,2,1,1,1,هفت تیر (حافظ)
25900000000,173,1403,3,6,3,1,1,1,سجاد شهر
20000000000,105,1403,2,1,1,1,1,1,جاهد شهر
20000000000,25,1398,0,0,0,1,1,1,احمدآباد
4900000000,180,1380,1,1,1,0,1,1,رسالت
4700000000,86,1404,2,5,2,1,1,1,الهیه
12400000000,155,1404,3,6,5,1,1,1,فرهنگ
25000000000,155,1404,3,3,3,1,1,1,ملک‌آباد
5800000000,130,1390,2,2,2,0,1,1,شهید فرامرز عباسی
13800000000,160,1404,3,6,6,1,1,1,فرهنگ
2500000000,100,1384,2,4,4,0,1,1,حجاب (شهرک غرب)
2830000000,107,1378,2,4,2,0,1,0,مشکینی (شهرک غرب)
3799000000,90,1397,2,4,2,1,1,1,میعاد (شهرک غرب)
14200000000,165,1404,3,6,3,1,1,1,فرهنگ
8500000000,125,1404,2,2,2,1,1,1,اقبال
10400000000,150,1404,3,6,4,1,1,1,صیاد شیرازی
1450000000,56,1404,1,5,5,1,1,1,عنصری
2740000000,90,1394,2,4,4,0,1,1,الهیه
4375000000,86,1387,2,4,4,1,1,1,صیاد شیرازی
17200000000,230,1404,4,6,6,1,1,1,فرهنگ
1100000000,50,1383,1,4,2,0,0,0,امامیه (شهرک غرب)
2700000000,110,1391,2,4,2,0,1,1,نرگس (شهرک غرب)
2300000000,80,1379,2,4,2,0,1,1,پردیس
18500000000,180,1404,3,6,6,1,1,1,فرهنگ
5830000000,110,1404,2,1,1,1,1,1,الهیه
10500000000,190,1404,3,6,6,1,1,1,الهیه
18900000000,165,1404,3,3,3,1,1,1,آزادشهر
7100000000,133,1404,3,4,4,1,1,1,شاهد (شهرک غرب)
15000000000,140,1395,2,4,3,1,1,1,احمدآباد
5700000000,140,1404,3,5,5,1,1,1,الهیه
6499000000,141,1404,3,4,1,1,1,1,استاد یوسفی (شهرک غرب)
63000000,110,1404,2,6,4,1,1,1,جاهد شهر
14600000000,195,1404,3,6,6,1,1,1,دانشجو
6000000000,103,1404,2,3,3,1,1,1,کوشش
1500000000,100,1395,2,2,2,1,0,1,فریزی
3950000,85,1404,2,6,1,1,1,1,شهرک لشکر (شهرک غرب)
10500000000,165,1404,3,6,1,1,1,1,هفت تیر (آب و برق)
2000000000,115,1404,2,2,2,0,1,1,چاهشک
5000000000,125,1402,2,6,3,1,1,1,مشکینی (شهرک غرب)
750000000,135,1404,3,5,5,1,1,1,کوثر
9500000000,200,1397,3,4,4,1,1,1,اقبال
8600000000,180,1404,2,4,4,1,1,1,الهیه
9500000000,160,1404,3,4,4,1,1,1,آزادشهر
30000000000,130,1398,2,4,4,1,1,0,سجاد شهر
800000000,80,1404,2,4,4,1,1,1,الهیه
1000000,1,1404,1,1,1,1,1,1,جاهد شهر
3900000000,66,1393,2,4,4,1,1,0,خرمشهر
17000000000,220,1402,3,6,3,1,1,1,دانشجو
11780000000,155,1402,3,6,1,1,1,1,رضاشهر
10300000000,165,1404,3,3,3,1,1,1,سید رضی
6900000000,139,1403,3,1,1,1,1,1,الهیه
10000000000,160,1404,3,3,3,1,1,1,دانشجو
18500000000,160,1404,2,6,3,1,1,1,آزادشهر
41600000000,800,1404,3,5,5,1,1,1,وکیل‌آباد
19000000000,175,1404,3,6,6,1,1,1,فرهنگ
21000000000,95,1404,2,6,6,1,1,1,هنرستان
20000000000,240,1401,4,6,6,1,1,1,ارشاد
9300000000,158,1395,3,5,2,1,1,1,هنرستان
1299000000,70,1404,2,6,1,0,1,1,کشف
1298000000,80,1401,2,3,1,0,1,1,کشف
750000000,60,1397,1,3,1,0,0,1,کشف
1025000000,85,1397,2,4,2,0,0,1,کشف
2750000000,135,1403,2,3,3,1,1,1,حضرت حجت
3200000000,138,1404,2,5,2,1,1,1,حضرت حجت
2500000000,125,1403,2,5,4,1,1,1,نوید
1450000000,70,1402,2,4,0,0,1,1,حضرت حجت
1050000000,70,1402,1,3,0,0,0,0,حضرت حجت
1700000000,100,1402,2,4,3,0,1,1,حضرت حجت
2500000000,125,1403,2,5,5,1,0,1,حضرت حجت
1800000000,105,1404,2,3,3,0,1,1,کشف
1080000000,90,1400,1,3,0,0,1,1,حضرت حجت
940000000,80,1401,1,2,2,0,0,1,کشف
1100000000,90,1400,1,2,0,0,1,0,حضرت حجت
1500000000,75,1404,2,5,2,1,1,1,حضرت حجت
850000,80,1404,2,4,1,0,0,1,نوده
1400000000,100,1404,2,1,1,1,1,1,یاغون آباد
900000000,69,1390,1,3,2,0,0,0,دوست آباد
1050000000,65,1394,1,3,1,0,0,1,نوید
1500000000,50,1404,1,2,0,0,1,1,کشف
1000000000,60,1397,1,0,0,0,0,0,کشف
2650000000,110,1404,2,5,2,1,1,1,حضرت حجت
1330000000,90,1402,2,2,2,0,0,1,حضرت حجت
1220000000,70,1400,1,1,1,0,0,1,حضرت حجت
1000000000,60,1397,1,4,4,0,0,1,حضرت حجت
995000000,65,1404,2,4,3,0,0,1,حضرت حجت
1135000000,80,1400,1,1,1,0,0,1,حضرت حجت
1800000000,95,1403,2,1,1,0,1,0,کشف
2150000000,125,1403,2,3,1,0,1,0,کشف
1710000000,90,1403,2,3,3,1,1,1,کشف
1750000000,100,1400,2,2,2,0,0,1,حضرت حجت
1300000000,80,1396,2,4,2,0,0,1,کشف
1670000000,90,1403,2,1,1,0,1,0,کشف
1350000000,80,1403,2,3,1,1,1,0,کشف
2500000000,120,1404,2,5,4,1,1,1,حضرت حجت
3350000000,150,1404,3,5,4,1,1,1,حضرت حجت
1850000000,120,1400,2,4,4,1,1,1,کشف
1630000000,90,1404,2,3,2,0,1,1,کشف
1185000000,75,1403,2,3,3,0,1,1,کشف
1260000000,75,1404,2,3,2,0,1,1,کشف
2180000000,145,1404,3,3,1,0,1,1,کشف
47000000000,350,1404,4,6,2,1,1,1,آزادشهر
9800000000,155,1400,3,4,4,1,1,1,رضاشهر
7500000000,135,1393,2,3,3,1,1,1,رضاشهر
9800000000,155,1400,3,5,3,1,1,1,رضاشهر
7800000000,160,1388,3,5,2,1,1,1,رضاشهر
25600000000,320,1404,4,1,1,1,1,1,رضاشهر
6500000000,150,1399,3,4,2,1,1,1,الهیه
7500000000,175,1404,3,6,2,1,1,1,الهیه
7900000000,145,1404,3,3,3,1,1,1,الهیه
8800000000,255,1404,3,6,5,1,1,1,الهیه
7000000000,175,1403,3,3,3,1,1,1,الهیه
5500000000,175,1404,3,6,2,1,1,1,شهید مطهری
7300000000,170,1404,3,5,4,1,1,1,جاهد شهر
8000000000,167,1403,3,6,6,1,1,1,الهیه
4600000000,130,1388,3,4,3,0,1,1,سرافرازان
5150000000,106,1404,2,4,2,1,1,1,ولیعصر (شهرک غرب)
5850000000,185,1404,3,5,5,1,1,1,امیریه
4120000000,130,1403,2,6,5,1,1,1,رستگار
5850000000,140,1403,3,5,5,1,1,1,الهیه
11150000000,160,1404,3,6,1,1,1,1,وکیل‌آباد
8500000000,165,1403,3,5,5,1,1,1,الهیه
11650000000,165,1404,3,3,3,1,1,1,فرهنگ
7970000000,195,1403,3,6,2,1,1,1,الهیه
2500000000,92,1404,2,5,1,1,0,1,شهید مطهری
15500000000,170,1404,3,6,2,1,1,1,هنرستان
2000000000,85,1401,2,3,3,0,0,1,هنرور
2800000000,107,1399,2,4,4,1,1,1,گلبرگ شمالی
3050000000,92,1404,2,3,3,1,1,1,شهید مطهری
2290000000,75,1397,2,0,0,0,1,0,مصلی (کارمندان اول)
6485000000,100,1404,2,5,5,1,1,1,شهید بهشتی
7300000000,100,1404,2,4,2,1,1,1,هفت تیر (حافظ)
5350000000,150,1404,3,1,1,1,1,1,موسوی قوچانی
11450000000,135,1404,3,6,6,1,1,1,صیاد شیرازی
7900000000,199,1404,4,5,5,1,1,1,الهیه
7500000000,161,1400,3,5,3,1,1,1,الهیه
8000000000,128,1391,2,5,3,1,1,1,فرهنگ
9500000000,150,1404,3,6,5,1,1,1,رضاشهر
3900000000,115,1404,2,4,4,1,1,1,یاس
2300000000,90,1394,2,4,4,0,0,0,گلشور
3000000000,118,1397,2,4,1,1,1,1,جلالیه
4150000000,88,1393,2,4,4,1,1,1,سرافرازان
3600000000,112,1404,2,3,3,1,1,1,شهید مطهری
5600000000,160,1404,3,3,2,1,1,1,موسوی قوچانی
10000,145,1404,3,5,5,1,1,1,جاهد شهر
5850000000,145,1404,3,5,2,1,1,1,نرگس (شهرک غرب)
7200000000,162,1400,3,5,3,1,1,1,الهیه
3900000000,90,1400,2,4,4,1,1,1,ایثار
10350000000,180,1402,3,1,1,1,1,1,صیاد شیرازی
4000000000,120,1404,2,6,4,1,1,1,سمزقند
10500000000,210,1404,3,4,4,1,1,1,شهید مطهری
6000000000,105,1404,2,4,2,1,1,1,تربیت (صدف)
6000000000,140,1403,3,5,4,1,1,1,الهیه
6200000000,165,1398,3,4,4,1,1,1,هفت تیر (نه دره)
5400000000,109,1378,2,3,1,0,1,0,فردوسی
4700000000,175,1404,3,6,1,1,1,1,هنرور
2450000000,115,1398,2,2,2,0,0,1,هنرور
8050000000,173,1404,3,6,3,1,1,1,ولیعصر (شهرک غرب)
5200000000,150,1404,3,1,1,1,1,1,موسوی قوچانی
3400000000,90,1403,2,4,1,1,0,1,سمزقند
13000000000,180,1404,3,6,1,1,1,1,فردوسی
41000000000,310,1404,3,6,4,1,1,1,سجاد شهر
8050000000,173,1398,3,4,4,1,1,1,شاهد (شهرک غرب)
4850000000,155,1404,3,6,6,1,1,1,شهید مطهری
3300000000,100,1393,2,2,2,1,1,0,شهید مطهری
5690000000,180,1404,3,6,6,1,1,1,فتح المبین
4650000000,150,1404,3,2,2,1,1,1,شهید مطهری
7000000000,137,1393,3,4,4,1,1,1,فارغ التحصیلان
3100000000,80,1403,2,4,0,1,1,0,گلبرگ
11600000000,200,1403,3,5,1,1,1,1,صیاد شیرازی
1360000000,70,1393,1,3,3,0,0,1,هنرور
6400000000,155,1404,3,6,6,1,1,1,مشکینی (شهرک غرب)
8600000000,200,1404,3,6,5,1,1,1,شهرک لشکر (شهرک غرب)
3350000000,115,1404,2,5,5,1,1,1,نکاح
7450000000,149,1403,3,6,2,1,1,1,الهیه
10850000000,155,1404,3,3,3,1,1,1,کلاهدوز
5200000000,145,1404,3,5,5,1,1,1,الهیه
4800000000,107,1404,2,5,1,1,1,1,الهیه
3030000000,110,1397,2,5,5,1,1,1,حسین‌آباد
4719000000,121,1403,2,3,3,1,1,1,حسین‌آباد
5400000000,135,1404,3,5,2,1,1,1,الهیه
6300000000,140,1390,3,4,1,0,1,1,زیبا شهر
7000000000,175,1404,3,5,5,1,1,1,الهیه
8550000000,190,1404,3,5,5,1,1,1,شهرک لشکر (شهرک غرب)
6750000000,190,1403,3,5,5,1,1,1,الهیه
8600000000,190,1403,3,8,4,1,1,1,الهیه
4500000000,135,1404,3,2,2,1,1,1,شهید مطهری
1600000000,75,1402,2,3,3,0,0,1,ایثار
4650000000,110,1404,2,5,3,1,1,1,الهیه
5100000000,140,1404,3,2,2,1,1,1,الهیه
13500000000,180,1404,3,6,3,1,1,1,نیروی هوایی
23000000000,500,1404,3,5,3,1,1,1,الهیه
2500000000,99,1399,2,3,3,0,1,1,حسین‌آباد
2900000000,130,1404,2,4,4,1,1,1,بهاران
8000000000,153,1380,3,3,3,0,1,1,احمدآباد
1490000000,69,1394,1,3,2,0,0,1,شهید مطهری
12890000000,165,1404,3,1,1,1,1,1,شهید فرامرز عباسی
3500000000,125,1400,2,6,6,1,1,1,جانباز
3570000000,117,1397,2,7,3,1,1,1,جانباز
4800000000,150,1404,3,8,1,1,1,1,جانباز
3350000000,100,1403,2,8,5,1,1,1,جانباز
4700000000,135,1398,2,7,1,1,1,1,جانباز
2930000000,90,1395,2,6,4,1,1,1,جانباز
3700000000,130,1401,2,7,5,1,1,1,جانباز
3550000000,117,1404,2,8,5,1,1,1,جانباز
4100000000,135,1396,2,7,4,1,1,1,جانباز
6300000000,220,1402,3,7,7,1,1,1,جانباز
5300000000,161,1403,3,8,4,1,1,1,جانباز
2300000000,80,1384,2,4,4,0,1,1,جاهد شهر
1500000000,120,1404,2,6,2,1,1,1,حسین‌آباد
10500000000,160,1404,3,4,4,1,1,1,سید رضی
18000000000,64,1396,0,0,0,1,1,1,سجاد شهر
19900000000,166,1401,3,4,4,1,1,1,سجاد شهر
3850000000,100,1404,2,6,2,1,1,1,الهیه
2000000000,100,1404,2,6,3,1,1,1,الهیه
17500000000,160,1404,3,6,6,1,1,1,فرهنگ
3650000000,75,1385,2,1,1,0,1,1,آزادشهر
13200000000,165,1402,3,2,2,1,1,1,فرهنگ
10500000000,162,1404,3,6,4,1,1,1,سید رضی
7050000000,135,1392,3,4,1,1,1,1,آزادشهر
12550000000,165,1404,3,6,3,1,1,1,فرهنگ
11300000000,165,1404,3,6,6,1,1,1,آزادشهر
10500000000,155,1404,3,4,4,1,1,1,سید رضی
23000000000,185,1404,3,3,3,1,1,1,فرهنگ
3250000000,80,1389,2,4,4,0,1,1,سید رضی
9740000000,155,1404,3,3,3,1,1,1,سید رضی
8200000000,155,1399,3,6,6,1,1,1,شهید رضوی
10700000000,160,1400,3,6,3,1,1,1,وکیل‌آباد
12400000000,155,1404,3,5,5,1,1,1,فرهنگ
14300000000,165,1404,3,6,2,1,1,1,آزادشهر
13310000000,164,1404,3,6,4,1,1,1,آزادشهر
13870000000,180,1404,3,6,3,1,1,1,آزادشهر
6400000000,145,1390,3,1,1,0,1,1,شهید رضوی
4500000000,83,1388,2,4,1,0,1,1,آزادشهر
14700000000,165,1404,3,6,2,1,1,1,فرهنگ
14300000000,167,1404,3,6,2,1,1,1,آزادشهر
15180000000,165,1404,3,4,4,1,1,1,فرهنگ
9750000000,170,1390,3,5,4,1,1,1,فرهنگ
10200000000,155,1399,3,6,1,1,1,1,فرهنگ
10400000000,158,1404,3,3,3,1,1,1,کوثر
12850000000,164,1400,3,6,6,1,1,1,آزادشهر
21600000000,180,1404,3,2,2,1,1,1,وکیل‌آباد
17500000000,160,1404,3,6,6,1,1,1,فرهنگ
11300000000,165,1404,3,6,6,1,1,1,فرهنگ
4500000000,80,1388,2,1,1,0,1,1,سید رضی
13400000000,155,1404,3,5,5,1,1,1,فرهنگ
11000000000,155,1404,3,6,6,1,1,1,آزادشهر
5998000000,110,1396,2,5,3,1,1,1,آزادشهر
8400000000,115,1404,2,6,3,1,1,1,سید رضی
7800000000,145,1390,3,4,1,1,1,1,آزادشهر
12700000000,155,1404,3,6,5,1,1,1,فرهنگ
10750000000,175,1404,3,6,6,1,1,1,آزادشهر
10750000000,161,1399,3,1,1,1,1,1,فرهنگ
4280000000,78,1386,2,4,2,1,1,1,آزادشهر
8550000000,168,1398,3,4,4,1,1,1,سید رضی
8680000000,175,1403,3,6,1,1,1,1,آزادشهر
10900000000,160,1404,3,6,4,1,1,1,آزادشهر
5850000000,114,1392,3,5,3,1,1,1,سید رضی
8650000000,160,1404,3,2,2,1,1,1,زیبا شهر
12000000000,165,1404,3,1,1,1,1,1,آزادشهر
10200000000,145,1385,3,1,1,1,1,1,سجاد شهر
3720000000,120,1389,3,4,1,0,1,1,شهرک رازی (شهرک غرب)
9100000000,160,1402,3,6,4,1,1,1,سید رضی
10500000000,165,1404,3,6,5,1,1,1,سید رضی
40000000000,340,1404,4,6,3,1,1,1,سجاد شهر
2500000000,56,1402,1,1,1,0,0,0,شهید بهشتی
17100000000,175,1404,3,6,5,1,1,1,فرهنگ
11550000000,105,1404,2,6,6,1,1,1,امام خمینی
10000000000,193,1404,3,5,4,1,1,1,شهید رضوی
1020000000,50,1400,1,4,0,0,0,0,شهرک بهارستان
4200000000,125,1404,2,6,2,1,1,1,الهیه
5300000000,115,1404,2,5,5,1,1,1,الهیه
6000000000,135,1404,3,4,4,1,1,1,الهیه
4000000000,100,1400,2,5,5,1,1,1,جاهد شهر
6250000000,170,1404,3,4,4,1,1,1,الهیه
4300000000,100,1404,2,6,6,1,1,1,الهیه
3200000000,127,1386,2,0,0,0,1,1,ادیب نیشابوری (شهرک غرب)
2440000000,80,1390,4,4,1,1,0,0,مهدی آباد (بلوار توس)
5000000000,115,1404,2,6,4,1,1,1,الهیه
8750000000,175,1404,3,5,3,1,1,1,الهیه
5920000000,160,1404,3,3,3,1,1,1,امیر
6300000000,97,1393,2,1,1,1,1,1,کوثر
5350000000,107,1404,2,6,5,1,1,1,الهیه
3550000000,85,1390,2,5,4,1,1,1,فرهنگیان (شهرک غرب)
13000000000,170,1402,3,2,2,1,1,1,هنرستان
5780000000,170,1404,3,8,5,1,1,1,جانباز
3000000000,100,1404,2,8,5,1,0,1,جانباز
11800000000,185,1404,3,6,5,1,1,1,هفت تیر (آب و برق)
6050000000,125,1404,2,2,2,1,1,1,شهرک لشکر (شهرک غرب)
4950000000,1,1404,2,12,2,1,1,1,حسابی جنوبی (شهرک غرب)
12800000000,167,1404,3,1,1,1,1,1,رضاشهر
5700000000,100,1393,2,3,3,1,1,1,شهید بهشتی
3350000000,87,1400,2,5,5,1,1,1,امیریه
5500000000,110,1400,2,5,4,1,1,1,جانباز
17500000000,230,1385,4,3,3,1,1,1,سجاد شهر
14000000000,185,1379,3,3,1,0,0,1,سجاد شهر
6880000000,151,1401,3,2,2,1,1,1,الهیه
3850000000,70,1386,2,3,1,0,1,1,صیاد شیرازی
2350000000,70,1391,1,2,2,0,0,0,هفت تیر (نه دره)
9300000000,175,1402,3,6,3,1,1,1,هفت تیر (آب و برق)
1285000000,95,1403,2,3,3,0,1,0,طبرسی شمالی
1325000000,115,1403,2,3,3,0,0,1,طبرسی شمالی
2690000000,90,1404,2,4,4,1,1,1,فدک
5600000000,126,1389,3,2,2,1,1,1,هفت تیر (آب و برق)
4380000000,95,1384,2,1,1,0,1,1,نیروی هوایی
7390000000,120,1392,2,5,4,1,1,1,هنرستان
6000000000,130,1395,3,5,1,1,1,1,شهرآرا
4560000000,95,1404,2,6,2,1,1,1,الهیه
8600000000,145,1403,3,5,5,1,1,1,دانشجو
2000000000,52,1383,2,3,3,0,1,1,فتح المبین
31000000000,215,1403,3,6,4,1,1,1,احمدآباد
18000000000,150,1404,3,6,2,1,1,1,احمدآباد
5800000000,135,1401,3,1,1,1,1,1,الهیه
4600000000,80,1384,2,3,1,0,1,1,کوثر
3100000000,75,1381,2,4,3,1,1,1,وکیل‌آباد
11000000000,190,1402,3,6,6,1,1,1,شهید بهشتی
5550000000,108,1392,2,1,1,1,1,1,شهرآرا
6900000000,185,1404,3,5,5,1,1,1,الهیه
21500000000,305,1391,4,1,1,1,1,1,کوه سنگی
14400000000,210,1404,4,5,5,1,1,1,هفت تیر (حافظ)
13500000000,212,1401,3,4,1,1,1,1,هفت تیر (حافظ)
7500000000,123,1392,3,4,2,1,1,1,هفت تیر (حافظ)
9350000000,145,1404,3,3,3,1,1,1,هفت تیر (حافظ)
8200000000,130,1403,3,3,3,1,1,1,هفت تیر (حافظ)
7000000000,125,1395,3,2,2,1,1,1,هفت تیر (حافظ)
20000000000,212,1404,3,3,3,1,1,1,هفت تیر (حافظ)
8500000000,100,1404,2,6,6,1,1,0,حرم مطهر رضوی
5250000000,53,1398,1,2,2,1,1,1,عیدگاه
880000000,50,1403,1,1,1,0,0,1,نظام دوست
2300000000,75,1387,2,4,4,0,1,1,شهرک رازی (شهرک غرب)
2340000000,75,1389,2,4,4,0,1,1,شهرک رازی (شهرک غرب)
3100000000,81,1393,2,4,3,1,1,0,حسابی جنوبی (شهرک غرب)
4700000000,90,1404,2,5,1,1,1,1,فرهنگیان (شهرک غرب)
8000000000,173,1402,3,5,5,1,1,1,شهرک رازی (شهرک غرب)
5630000000,108,1404,2,3,3,1,1,1,شهرک رازی (شهرک غرب)
3300000000,80,1392,2,1,1,0,1,1,شهرک رازی (شهرک غرب)
4400000000,110,1401,2,3,3,1,1,1,فرهنگیان (شهرک غرب)
6350000000,129,1404,3,1,1,1,1,1,فرهنگیان (شهرک غرب)
2650000000,75,1386,2,2,3,0,1,1,فرهنگیان (شهرک غرب)
5190000000,108,1403,2,2,2,1,1,1,فرهنگیان (شهرک غرب)
3150000000,75,1390,2,1,1,0,1,1,فرهنگیان (شهرک غرب)
6200000000,145,1396,3,3,1,1,1,1,فرهنگیان (شهرک غرب)
4350000000,93,1399,2,4,4,1,1,1,فرهنگیان (شهرک غرب)
3720000000,110,1386,2,2,2,0,1,1,فرهنگیان (شهرک غرب)
5400000000,115,1404,2,3,3,1,1,1,شهرک لشکر (شهرک غرب)
2500000000,78,1386,2,4,2,0,0,1,شاهد (شهرک غرب)
4470000000,140,1391,2,2,1,0,1,1,امامیه (شهرک غرب)
6750000000,128,1404,3,4,4,1,1,1,فرهنگیان (شهرک غرب)
7350000000,130,1404,3,3,3,1,1,1,فرهنگیان (شهرک غرب)
640000000,50,1404,1,2,2,0,0,1,نظام دوست
43000000000,680,1397,4,4,4,1,1,1,فرهنگ
8450000000,150,1392,3,4,3,1,1,1,سید رضی
10100000000,151,1404,3,3,3,1,1,1,آزادشهر
11470000000,153,1404,3,3,3,1,1,1,آزادشهر
12770000000,175,1404,3,3,3,1,1,1,آزادشهر
17570000000,185,1403,3,6,2,1,1,1,فرهنگ
4700000000,150,1403,3,6,6,1,1,1,شهید مطهری
1690000000,61,1402,1,1,1,0,0,0,شهید مطهری
11800000000,160,1404,3,3,3,1,1,1,آزادشهر
1450000000,90,1404,2,3,3,0,0,1,شهرک امام هادی (شهرک غرب)
10500000000,155,1393,3,3,3,1,1,1,کوه سنگی
10500000000,155,1389,3,1,1,1,1,1,کوه سنگی
12800000000,160,1403,3,5,4,1,1,1,کوه سنگی
12800000000,185,1396,3,3,3,1,1,1,کوه سنگی
15700000000,185,1403,3,5,5,1,1,1,کوه سنگی
11000000000,140,1397,3,2,2,1,1,1,کوه سنگی
12750000000,180,1391,3,3,3,1,1,1,کوه سنگی
5590000000,104,1384,2,3,3,1,1,1,کوه سنگی
2100000000,100,1403,2,7,3,0,0,1,طبرسی شمالی
2380000000,98,1400,2,5,5,1,1,0,توس (بلوار توس)
11500000000,138,1404,3,4,4,1,1,1,شریف
17100000000,175,1404,3,4,4,1,1,1,فرهنگ
5480000000,136,1400,3,3,2,1,1,1,شهید مطهری
13250000000,200,1403,3,6,6,1,1,1,اقبال
6100000000,100,1404,2,2,2,1,1,1,الهیه
13200000000,155,1404,3,2,2,1,1,1,آزادشهر
9000000000,120,1404,2,5,0,1,1,1,شریف
5350000000,70,1393,1,0,0,1,0,1,فرهنگ
9800000000,130,1400,2,5,5,1,1,1,کوثر
27000000000,217,1404,3,5,5,1,1,1,سجاد شهر
52000000000,210,1403,3,3,3,1,1,1,احمدآباد
4000000000,83,1394,2,4,4,1,1,1,عبادی
6200000000,110,1404,2,6,1,1,1,1,نیروی هوایی
12640000000,158,1404,3,5,5,1,1,1,آزادشهر
980000000,85,1395,1,2,2,0,0,1,شهید بصیر
1400000000,55,1403,1,0,0,0,0,1,فاطمیه
1220000000,55,1396,1,2,2,0,0,1,وحید
930000000,71,1396,1,3,1,0,0,0,حضرت حجت
11000,71,1387,1,3,1,0,0,1,حضرت حجت
750000000,50,1390,1,1,1,0,0,0,شهید قربانی
1200000000,70,1400,2,2,2,0,0,1,شهید بصیر
10700000000,106,1403,2,2,2,0,0,1,طبرسی شمالی
3800000000,133,1400,3,4,4,0,0,1,حسابی جنوبی (شهرک غرب)
750000000,55,1390,1,0,0,0,0,0,اروند
1850000000,90,1390,1,0,0,0,1,1,ایثارگران
1050000000,75,1400,1,4,3,0,0,1,شهید معقول
1050000000,63,1404,1,3,1,0,0,0,کوی ولیعصر
750000000,60,1390,1,2,0,0,0,0,کاظم آباد پنجشنبه
2250000000,80,1389,2,4,4,0,1,1,حجاب (شهرک غرب)
1000000000,80,1385,1,0,0,0,0,0,دوست آباد
1200000000,120,1395,1,3,0,0,1,0,علی آباد
480000000,70,1388,1,4,0,0,1,0,نوده
850000000,90,1399,1,0,0,0,0,1,همت آباد
249000000,110,1404,2,0,0,0,1,1,توس (بلوار توس)
2400000000,110,1393,2,3,2,0,0,1,ایثارگران
7500000000,170,1404,2,6,5,1,1,1,الهیه
12300000000,159,1404,3,4,4,1,1,1,فرهنگ
13500000,180,1404,3,4,4,1,1,1,هفت تیر (آب و برق)
1650000000,56,1404,1,6,3,1,1,1,امام رضا (ع)
1300000000,55,1400,1,2,2,0,0,0,شهرک بهارستان
2756000000,106,1394,2,2,2,1,1,0,کوی المهدی
700000000,70,1398,1,0,0,0,0,0,کشف
8000000000,125,1389,2,0,0,0,1,0,شهید بصیر
900000000,68,1402,1,1,1,0,0,1,شهید بصیر
990000000,75,1395,1,2,0,0,0,0,رده
1350000000,95,1396,2,1,1,0,0,1,نوید
2500000,125,1403,3,2,1,0,1,0,پنجتن
3800000000,75,1400,2,2,2,0,0,0,بلال
1700000000,65,1394,1,2,2,0,0,1,دوست آباد
12800000000,175,1404,3,3,3,1,1,1,هنرستان
35000000000,300,1403,3,3,3,1,1,1,سجاد شهر
2600000000,75,1393,2,3,2,0,1,1,چهارچشمه
2200000000,100,1395,2,3,2,0,1,0,رستگار
850000000,50,1381,1,2,2,0,0,0,کشف
1500000000,110,1403,2,4,1,0,0,1,طبرسی شمالی
1300000000,99,1403,2,2,1,0,0,1,توس (بلوار توس)
975000000,75,1398,2,4,4,0,0,1,نوید
2200000000,95,1390,2,4,4,0,1,1,رستگار
2700000000,115,1403,2,6,2,1,1,0,شهرک بهارستان
1000000000,70,1396,1,3,3,0,1,0,شهرک صنعتی توس
1050000000,75,1404,1,3,3,0,0,0,خواجه ربیع
1100000000,50,1390,1,2,1,0,0,0,کوی سیدی
1250000000,80,1394,1,2,2,0,0,1,پورسینا
1000000000,65,1398,1,0,0,0,0,0,نوید
985000000,75,1390,1,0,0,0,1,1,حضرت حجت
1100000000,85,1397,1,0,0,0,0,1,حضرت حجت
630000000,83,1402,2,4,3,0,0,1,بهمن
8500000,80,1400,1,1,1,0,1,0,صیدآباد
650000000,45,1400,1,0,0,0,0,0,شهرک بهارستان
12000000000,170,1399,2,4,0,1,1,1,احمدآباد
1850000000,100,1401,2,2,2,0,0,1,رده
1100000000,80,1401,2,1,1,0,0,1,امیرآباد
1800000000,100,1404,2,4,4,1,1,1,کوی ولیعصر
560000000,50,1397,1,3,3,0,1,0,خواجه ربیع
4550000000,83,1388,2,4,4,1,1,1,نیروی هوایی
1200000000,55,1397,1,0,0,0,0,1,هفت تیر (نه دره)
1400000000,60,1404,1,3,3,0,0,0,محمدآباد
1150000000,95,1396,2,0,0,0,0,1,شهید بصیر
1300000000,100,1402,2,3,2,0,1,0,علی آباد
1500000000,120,1404,2,0,0,0,0,0,توس فردوسی
1840000000,100,1393,1,3,0,0,1,1,ثامن
1150000000,65,1398,1,0,0,0,0,1,طبرسی شمالی
6500000000,180,1398,2,4,2,0,1,1,شهید آوینی
1250000000,125,1400,2,0,0,0,1,1,شهید بصیر
870000000,115,1399,2,2,0,0,1,1,امیرآباد
1900000000,65,1384,0,0,0,0,0,0,کوی ولیعصر
1400000000,65,1390,1,3,3,0,0,0,سمزقند
1600000000,125,1402,2,2,2,0,0,1,شهید قربانی
2180000000,100,1398,2,5,2,1,0,1,نظام دوست
1720000000,100,1390,3,3,3,0,0,1,ایثارگران
2400000000,100,1404,2,2,2,1,1,0,شهرک بهارستان
1550000000,115,1404,2,5,2,1,1,0,رباط طرق
1950000000,120,1402,2,4,4,0,1,0,توس (بلوار توس)
1550000000,125,1402,2,5,5,0,0,1,پنجتن
820000,50,1404,1,0,0,0,0,0,کوی سیدی
850000000,50,1393,0,1,1,0,0,0,سپاد
650000000,50,1394,1,2,2,0,0,0,دوست آباد
1700000000,53,1384,2,4,4,0,1,1,فتح المبین
600000000,55,1402,1,3,3,0,0,0,حضرت حجت
800000000,60,1395,1,2,1,0,0,0,همت آباد
1100000000,60,1402,1,1,1,0,0,0,حضرت حجت
850000000,75,1395,1,2,2,0,0,0,نوده
1110000000,90,1399,1,3,3,0,1,1,شهید معقول
4050000000,90,1399,2,4,3,0,1,1,گلبرگ
1080000000,100,1400,1,4,4,0,0,1,طبرسی شمالی
1250000000,125,1393,1,2,2,0,0,1,توس (بلوار توس)
900000000,50,1393,1,3,0,0,0,1,کوی سیدی
995000000,55,1398,1,3,1,0,0,0,سپاد
685000000,55,1402,1,2,0,0,0,0,امیرآباد
2300000000,75,1393,2,0,0,1,0,0,مشکینی (شهرک غرب)
1600000000,80,1400,2,1,1,0,0,0,کوی ولیعصر
1400000000,80,1395,2,4,2,0,1,0,یوسفیه (شهرک غرب)
2450000,157,1399,2,2,2,0,0,1,شهرک مهر آباد
12000000000,155,1403,3,1,1,1,1,1,رضاشهر
13500000000,160,1404,3,2,2,1,1,1,زیبا شهر
2650000000,75,1390,2,1,1,0,1,1,الهیه
1450000000,80,1395,1,3,2,0,0,0,شهرک امام هادی (شهرک غرب)
12000000000,165,1404,3,5,2,1,1,1,هفت تیر (حافظ)
11000000000,160,1404,3,5,3,1,1,1,شهید فرامرز عباسی
3200000000,100,1390,2,4,4,0,1,1,تربیت (صدف)
1100000000,110,1404,2,1,1,1,1,0,حضرت حجت
7000000000,80,1404,0,3,3,1,1,1,سجاد شهر
7100000000,145,1404,3,5,5,1,1,1,الهیه
4600000000,100,1404,2,1,1,1,1,1,شهرک لشکر (شهرک غرب)
6000,1,0,0,0,0,0,0,0,رضاشهر
1880000000,77,1396,2,1,1,0,0,1,مشکینی (شهرک غرب)
2260000000,85,1404,2,4,2,0,0,0,مشکینی (شهرک غرب)
9750000000,130,1404,2,3,3,1,1,1,شهید فرامرز عباسی
1750000000,115,1404,2,5,5,1,0,0,فدک
6000000000,128,1404,3,1,1,1,1,1,موسوی قوچانی
950000000,70,1397,1,0,0,0,0,1,بهمن
9500000000,150,1404,3,6,2,1,1,1,سعد آباد
11400000000,150,1404,3,5,5,1,1,1,هنرستان
1100000000,56,1404,1,1,1,1,1,1,هفده شهریور
2000000000,62,1404,1,4,4,1,1,1,چهنو
16000000000,200,1398,3,2,2,1,1,1,سجاد شهر
4400000000,80,1391,2,4,1,0,1,1,سید رضی
3920000000,78,1393,2,5,5,1,1,1,حسابی جنوبی (شهرک غرب)
9200000000,120,1403,2,2,2,1,1,1,آیت الله کاشانی
3650000000,86,1390,2,4,1,1,1,1,صیاد شیرازی
2500000000,79,1401,2,1,1,1,1,1,رسالت
920000000,70,1403,1,2,2,0,0,0,کریم آباد
1450000000,100,1400,2,4,2,0,0,1,منزل آباد
1700000000,70,1382,1,2,2,0,1,1,شفا
1590000000,95,1398,2,2,2,0,0,1,کوی ولیعصر
3970000000,100,1389,2,4,1,1,1,1,صیاد شیرازی
3650000000,85,1395,2,4,1,1,1,1,صیاد شیرازی
34900000000,290,1404,4,5,5,1,1,1,سجاد شهر
12790000000,155,1404,3,5,5,1,1,1,آزادشهر
22700000000,175,1404,3,5,5,1,1,1,ملک‌آباد
1300000,90,1403,2,2,1,0,0,0,یاغون آباد
850000000,80,1402,1,4,4,0,0,1,طبرسی شمالی
1800000000,95,1402,2,3,2,1,1,1,کاظم آباد پنجشنبه
1650000000,65,1390,1,0,0,0,0,1,ایثار
1525000000,110,1396,1,3,2,0,0,1,سپاد
1100000000,70,1395,1,2,2,0,1,1,بهمن
930000000,60,1399,1,2,1,0,0,1,حضرت حجت
790000,50,1397,1,2,1,0,0,1,بهمن
9500000000,200,1404,3,6,6,1,1,1,شهرک لشکر (شهرک غرب)
1250000000,47,1402,1,1,1,0,0,1,گلبرگ
770000000,55,1401,1,4,1,0,0,0,حضرت حجت
1550000000,75,1400,1,2,2,0,0,1,هفت تیر (نه دره)
2300000000,100,1404,2,2,0,0,1,1,همت آباد
3500000000,135,1403,3,2,2,1,1,0,وحید
980000000,110,1402,2,2,2,0,0,1,علی آباد
1400000000,65,1394,1,2,2,0,0,0,فاطمیه
1500000000,100,1404,2,2,2,0,0,0,بلال
1450000000,60,1394,1,3,3,1,0,0,نرگس (شهرک غرب)
1000000000,70,1395,1,0,0,0,0,1,چاهشک
2580000000,90,1395,2,3,3,1,1,1,شفا
2600000000,98,1392,2,4,4,1,1,1,کوی سیدی
1000000000,55,1394,1,4,2,0,0,0,نوید
1000000000,60,1402,1,4,4,0,0,1,طبرسی شمالی
1200000000,85,1399,2,4,3,0,0,0,نوید
5850000,130,1371,2,1,1,0,1,0,شهید فرامرز عباسی
12500000000,155,1404,3,4,4,1,1,1,شهید فرامرز عباسی
14000000000,190,1403,3,1,1,1,1,1,شهید فرامرز عباسی
1250000000,70,1401,1,1,1,0,0,1,نظام دوست
3675000000,105,1401,2,3,3,1,1,1,حسین‌آباد
7380000000,140,1387,3,7,2,0,1,1,کوثر
3200000000,80,1387,2,1,1,0,1,1,رستگار
5000000000,85,1403,2,6,4,1,1,1,حرم مطهر رضوی
4350000000,80,1380,2,4,4,1,1,1,دانشجو
7500000000,155,1390,3,4,4,1,1,1,دانشجو
13500000000,165,1404,3,6,3,1,1,1,دانشجو
3850000000,75,1380,2,3,3,0,1,1,دانشجو
9650000000,160,1404,3,3,3,1,1,1,دانشجو
4500000000,85,1385,2,3,2,0,1,1,وکیل‌آباد
3870000000,80,1388,2,3,3,0,1,1,دانشجو
12000000000,160,1404,3,6,3,1,1,1,دانشجو
4700000000,85,1386,2,3,2,0,1,1,دانشجو
9390000000,155,1398,3,6,2,1,1,1,دانشجو
6600000000,150,1385,3,4,2,0,1,1,دانشجو
10900000000,165,1404,3,6,5,1,1,1,دانشجو
18000000000,200,1404,3,6,2,1,1,1,دانشجو
10850000000,188,1399,3,4,4,1,1,1,دانشجو
5250000000,161,1384,3,4,4,0,1,1,دانشجو
32000000000,255,1404,0,7,7,1,1,1,دانشجو
9500000000,160,1404,3,6,4,1,1,1,دانشجو
4800000000,95,1388,2,4,2,0,1,1,دانشجو
8400000000,165,1398,3,5,4,1,1,1,دانشجو
11500000000,165,1403,3,3,3,1,1,1,دانشجو
11000000000,155,1402,3,6,1,1,1,1,دانشجو
4650000000,60,1385,1,0,0,0,1,1,دانشجو
8000000000,155,1390,3,3,3,1,1,1,دانشجو
14900000000,155,1404,3,6,6,1,1,1,دانشجو
4470000000,85,1388,2,3,2,0,1,1,دانشجو
4500000000,75,1388,2,0,0,1,1,1,دانشجو
5500000000,115,1385,2,4,1,0,1,1,سعد آباد
5500000000,80,1382,2,1,1,0,1,1,دانشجو
9500000000,155,1404,3,6,3,1,1,1,سید رضی
10500000000,160,1404,3,4,4,1,1,1,فرهنگ
11900000000,160,1404,3,6,4,1,1,1,دانشجو
11200000000,163,1404,3,6,5,1,1,1,فرهنگ
8600000000,165,1403,3,1,1,1,1,1,سید رضی
17800000000,206,1404,3,7,7,1,1,1,فرهنگ
6500000000,120,1385,3,1,1,1,1,1,دانشجو
4210000000,100,1392,2,2,2,0,1,1,دانشجو
4230000000,100,1396,2,4,2,0,1,1,سید رضی
5850000000,110,1404,2,6,6,1,1,1,فرهنگ
6150000000,110,1404,2,5,5,1,1,1,دانشجو
6800000000,115,1404,2,1,1,1,1,1,دانشجو
8000000000,150,1397,3,6,6,1,1,1,سید رضی
14630000000,154,1404,3,6,5,1,1,1,دانشجو
16200000000,167,1404,3,4,4,1,1,1,فرهنگ
16100000000,165,1404,3,5,5,1,1,1,فرهنگ
9200000000,160,1404,3,3,3,1,1,1,دانشجو
9300000000,164,1404,3,6,6,1,1,1,سید رضی
34600000000,335,1404,4,2,2,1,1,1,دانشجو
12000000000,160,1404,3,4,4,1,1,1,دانشجو
7700000000,142,1391,3,4,4,1,1,1,آزادشهر
13300000000,160,1404,3,2,2,1,1,1,آزادشهر
10300000000,162,1400,3,1,1,1,1,1,آزادشهر
7500000000,130,1391,3,2,2,1,1,0,آزادشهر
6900000000,135,1396,3,1,1,1,0,1,آزادشهر
9800000000,150,1404,3,1,1,1,1,1,آزادشهر
9500000000,160,1404,3,6,5,1,1,1,آزادشهر
9900000000,163,1400,3,6,6,1,1,1,آزادشهر
9750000000,165,1404,3,2,2,1,1,1,آزادشهر
9200000000,170,1402,3,1,1,1,1,1,آزادشهر
9750000000,177,1400,3,2,2,1,1,1,آزادشهر
4700000000,82,1392,2,4,4,1,1,1,آزادشهر
10240000000,160,1404,3,4,4,1,1,1,آزادشهر
10500000000,160,1404,3,6,2,1,1,1,دانشجو
12000000000,160,1404,3,2,2,1,1,1,دانشجو
9590000000,160,1404,3,2,2,1,1,1,دانشجو
13930000000,160,1404,3,6,4,1,1,1,فرهنگ
4950000000,270,1390,1,3,3,0,1,1,خواجه ربیع
139000000000,170,1404,3,4,4,1,1,1,آزادشهر
49000000000,780,1397,3,5,2,1,1,1,دانشجو
450000000,65,1404,0,2,2,0,0,0,حضرت حجت
8400000000,188,1404,3,5,5,1,1,1,شهرک لشکر (شهرک غرب)
3350000000,116,1380,2,3,3,0,1,0,حجاب (شهرک غرب)
9200000000,165,1403,3,4,4,1,1,1,الهیه
3700000000,90,1404,2,1,1,1,1,1,جنت
1850000000,60,1391,2,3,0,0,0,0,سرافرازان
1530000000,65,1397,2,0,0,0,1,0,سرافرازان
8500000000,177,1404,3,5,3,1,1,1,جاهد شهر
8600000000,155,1404,3,1,1,1,1,1,آزادشهر
4500000000,96,1385,2,3,2,0,1,1,فارغ التحصیلان
11000000000,155,1404,3,3,3,1,1,1,شریف
11000000000,155,1404,3,5,5,1,1,1,فارغ التحصیلان
19500000000,260,1404,4,6,6,1,1,1,شریف
18200000000,283,1393,4,5,6,1,1,1,آزادشهر
1400000000,73,1393,1,2,2,0,0,1,توس (بلوار توس)
2000000000,120,1402,2,2,2,0,0,1,رده
2100000000,110,1404,2,2,1,0,0,1,نظام دوست
13790000000,210,1404,3,4,4,1,1,1,آزادشهر
2200000000,124,1404,3,2,2,0,0,0,شهید احمدی روشن
1860000000,70,1398,2,0,0,0,0,0,محمدآباد
3300000000,81,1399,2,4,2,1,1,1,الهیه
2750000000,75,1385,2,3,3,0,1,0,شهرک رازی (شهرک غرب)
2960000000,100,1402,2,4,4,1,0,1,گلبرگ
3950000000,97,1386,2,2,2,0,1,1,تربیت (صدف)
1750000000,90,1397,2,4,2,0,0,1,شهرک امام هادی (شهرک غرب)
4800000000,95,1390,2,2,2,0,1,1,هنرستان
1250000000,70,1402,2,3,2,0,0,1,نظام دوست
1900000000,80,1402,2,3,3,0,0,1,گلشور
1595000000,85,1395,2,0,0,1,0,1,نظام دوست
1140000000,90,1403,2,4,2,0,0,1,نوده
2820000000,120,1398,2,2,1,0,1,1,فریزی
11300000000,125,1400,4,2,0,0,1,1,امام رضا (ع)
1580000000,130,1380,1,2,1,0,1,0,همت آباد
20000000000,180,1404,3,2,2,1,1,1,آزادشهر
2900000000,85,1390,2,3,2,0,1,1,شهید هاشمی نژاد
9750000000,158,1404,3,6,3,1,1,1,سید رضی
51000,110,1404,2,3,3,1,1,1,الهیه
19900000000,180,1404,3,2,2,1,1,1,آزادشهر
27000000000,210,1404,3,5,3,1,1,1,سجاد شهر
8000000000,150,1404,3,5,5,1,1,1,کلاهدوز
21150000000,195,1404,3,6,6,1,1,1,فرهنگ
18000000000,175,1404,3,1,1,1,1,1,هنرستان
7200000000,180,1404,3,5,5,1,1,1,میعاد (شهرک غرب)
12400000000,165,1404,3,6,3,1,1,1,دانشجو
17150000000,185,1404,3,6,4,1,1,1,فرهنگ
2800000000,75,1387,2,2,2,0,1,1,شهید رضوی
4350000000,85,1396,2,3,3,1,1,1,آزادشهر
8500000000,160,1404,3,6,5,1,1,1,فرهنگ
5500000,80,1404,2,0,0,0,0,1,شهرک مهرگان
6990000000,88,1398,0,6,0,1,1,1,کوی راد
4700000000,100,1390,2,3,3,0,1,1,رضاشهر
3550000000,95,1395,2,4,1,1,1,1,الهیه
1230000000,130,1402,2,3,3,0,0,1,طبرسی شمالی
4700000000,90,1387,2,5,5,1,1,1,آزادشهر
2320000000,100,1403,2,2,2,1,1,1,نظام دوست
2450000000,70,1386,2,4,3,0,1,1,شاهد (شهرک غرب)
4400000000,88,1388,2,4,4,1,1,1,هفت تیر (آب و برق)
3300000000,75,1386,2,4,4,1,1,1,پردیس
3200000000,75,1395,2,2,2,1,1,1,پروین اعتصامی
2980000000,75,1390,2,6,5,1,1,0,الهیه
2200000000,95,1403,2,6,6,1,0,0,طلاب
2400000000,80,1403,2,3,3,1,1,1,یاس
2750000000,72,1384,2,2,2,0,1,1,فرهنگیان (شهرک غرب)
1950000000,75,1403,2,2,2,0,0,0,زیرکن
1300000000,130,1401,1,2,1,0,1,1,چهاربرج
2500000000,55,1390,2,2,1,0,0,1,شهرک امام هادی (شهرک غرب)
22000000000,300,1380,2,2,1,0,1,1,کوثر
4450000000,80,1393,2,3,3,1,1,1,آزادشهر
15780000000,175,1403,3,6,3,1,1,1,آزادشهر
3200000000,85,1392,2,2,2,0,1,1,صیاد شیرازی
4800000000,93,1404,2,2,2,1,1,1,الهیه
14000000000,220,1403,3,5,5,1,1,1,سعد آباد
11700000000,155,1403,3,6,6,1,1,1,رضاشهر
16000000000,80,1403,2,1,1,0,1,0,میان ولایت
4000000000,110,1396,2,2,2,1,1,1,الهیه
4450000000,105,1402,2,3,3,1,1,1,الهیه
6500000000,100,1394,2,5,1,1,1,1,شهید فرامرز عباسی
890000000,100,1404,1,1,1,0,0,1,نوده
11000000000,160,1404,3,6,6,1,1,1,فرهنگ
1480000000,90,1400,1,4,0,0,1,1,طبرسی شمالی
1890000000,78,1404,1,2,2,0,1,1,امین آباد
10000000000,95,1404,2,5,3,1,1,1,حرم مطهر رضوی
12000000000,150,1404,3,4,4,1,1,1,چهارچشمه
8580000000,130,1404,3,3,3,1,1,1,شریف
5000000000,110,1402,2,6,2,1,1,1,الهیه
4800000000,105,1404,2,5,5,1,1,1,جاهد شهر
5095000000,110,1404,2,3,3,1,1,1,الهیه
5000000000,97,1392,2,4,4,1,1,1,فارغ التحصیلان
3500000000,60,1400,1,3,0,1,1,1,کوثر
14000000000,165,1404,3,6,3,1,1,1,رضاشهر
3600000000,85,1388,2,0,0,0,1,1,فرهنگیان (شهرک غرب)
4550000000,85,1390,2,3,1,0,1,1,شهید بهشتی
7500000000,135,1382,2,2,1,0,1,1,شهید بهشتی
14000000000,180,1404,3,5,4,1,1,1,شهید فرامرز عباسی
11800000000,160,1404,3,6,4,1,1,1,آزادشهر
10000,10000,1395,1,6,6,1,1,1,نیروی هوایی
4500000000,110,1391,2,3,1,0,1,1,سرافرازان
18950000000,305,1403,3,3,3,1,1,1,آزادشهر
1480000000,80,1400,1,0,0,0,1,1,طبرسی شمالی
3700000000,100,1393,2,4,4,1,1,1,جاهد شهر
2520000000,76,1389,2,4,4,0,1,1,الهیه
4300000000,100,1401,2,5,4,1,1,1,جاهد شهر
4580000000,108,1396,2,1,1,1,1,1,الهیه
4150000000,100,1396,2,5,5,1,1,1,الهیه
4850000000,115,1402,2,2,2,1,1,1,الهیه
8000000000,180,1404,3,4,4,1,1,1,الهیه
3950000000,100,1401,2,4,4,1,1,1,الهیه
4200000000,105,1403,2,5,5,1,1,1,جاهد شهر
3900000000,95,1393,2,4,4,1,1,1,الهیه
5200000000,130,1400,2,3,3,1,1,1,الهیه
7000000000,153,1404,3,5,5,1,1,1,جاهد شهر
3530000000,93,1397,2,1,1,1,1,1,الهیه
3650000000,90,1391,2,1,1,1,1,0,جاهد شهر
4915000000,107,1402,2,3,3,1,1,1,الهیه
9450000000,175,1404,3,4,4,1,1,1,الهیه
3900000000,105,1397,2,5,1,1,1,1,الهیه
4300000000,100,1400,2,2,2,1,1,1,الهیه
6815000000,150,1404,3,2,2,1,1,1,الهیه
4200000000,100,1396,2,5,1,1,1,1,الهیه
4600000000,105,1399,2,3,3,1,1,1,الهیه
6990000000,165,1400,3,5,1,1,1,1,جاهد شهر
8000000000,185,1404,3,5,3,1,1,1,الهیه
5300000000,128,1400,2,1,1,1,1,1,الهیه
4300000000,115,1397,2,4,5,1,1,1,الهیه
4450000000,109,1399,2,4,3,1,1,1,الهیه
5400000000,90,1393,2,2,2,1,1,1,آزادشهر
2070000,79,1403,2,1,1,1,1,1,رسالت
2000000000,80,1404,2,5,5,1,1,1,سیس‌آباد
3500000000,80,1388,2,3,3,0,1,1,رضاشهر
13320000000,180,1404,3,6,3,1,1,1,رضاشهر
10850000000,160,1404,3,6,5,1,1,1,رضاشهر
38000000000,360,1404,4,7,7,1,1,1,رضاشهر
8490000000,155,1394,3,5,5,1,1,1,رضاشهر
6650000000,125,1400,2,5,4,1,1,1,رضاشهر
5400000000,110,1389,2,0,0,0,1,1,رضاشهر
15000000000,166,1404,3,1,1,1,1,1,رضاشهر
6150000000,110,1392,2,3,1,1,1,1,رضاشهر
13200000000,165,1403,3,3,3,1,1,1,رضاشهر
17500000000,210,1404,3,6,6,1,1,1,رضاشهر
15900000000,235,1403,4,6,5,1,1,1,رضاشهر
8600000000,130,1404,2,3,3,1,1,1,رضاشهر
6100000000,110,1403,2,1,1,1,1,1,رضاشهر
18500000000,190,1404,3,4,4,1,1,1,رضاشهر
6200000000,100,1402,2,3,1,1,1,1,کوثر
9000000000,173,1394,3,4,4,1,1,1,رضاشهر
3100000000,75,1383,2,4,4,1,1,1,نرگس (شهرک غرب)
6500000000,150,1401,3,2,2,1,1,1,حسابی جنوبی (شهرک غرب)
3700000000,77,1404,2,5,3,1,1,1,شهرک رازی (شهرک غرب)
3750000000,89,1400,2,2,2,1,1,1,شهرک لشکر (شهرک غرب)
1600000000,45,1385,1,3,1,0,0,1,ملک‌آباد
200000000,55,1385,1,0,0,0,0,1,شهید مطهری
160000000,65,1401,1,1,1,0,1,1,نظام دوست
5990000000,125,1403,3,4,4,1,1,1,ولیعصر (شهرک غرب)
4800000000,95,1404,2,4,4,1,1,1,شهرک لشکر (شهرک غرب)
2670000000,75,1388,2,4,1,0,1,1,ولیعصر (شهرک غرب)
3800000000,85,1404,2,6,1,1,1,1,امیریه
3480000000,85,1390,2,2,2,1,1,1,حسابی جنوبی (شهرک غرب)
11000000000,160,1404,3,6,3,1,1,1,رضاشهر
3200000000,65,1394,1,2,2,0,0,1,شهید بهشتی
5650000000,100,1398,2,3,3,1,1,1,شهید بهشتی
5180000000,125,1401,2,5,5,1,1,1,الهیه
24000000000,315,1403,3,5,2,1,1,1,رضاشهر
7140000000,170,1404,3,5,2,1,1,1,الهیه
4500000000,72,1384,2,3,1,0,1,1,احمدآباد
5230000000,110,1385,2,4,2,0,1,1,جنت
700000000,614,1404,0,0,0,1,1,1,جاهد شهر
15900000000,170,1404,3,6,2,1,1,1,فرهنگ
2000000000,100,1404,2,10,1,1,1,1,دانشجو
45600000000,350,1404,4,6,3,1,1,1,آزادشهر
1500000000,45,1404,1,3,3,1,1,1,چهنو
17800000000,155,1404,3,4,4,1,1,1,فرهنگ
4000000000,78,1389,2,4,4,1,1,1,هفت تیر (آب و برق)
8600000000,145,1392,3,2,2,1,1,1,کوثر
1700000000,75,1404,2,6,3,1,1,1,هفده شهریور
16000000000,195,1404,3,6,5,1,1,1,رضاشهر
5800000000,115,1401,2,6,4,1,1,1,الهیه
9100000000,167,1402,3,2,2,1,1,1,آزادشهر
7750000000,150,1393,3,4,1,1,1,1,آزادشهر
9360000000,165,1402,3,6,6,1,1,1,آزادشهر
10400000000,167,1404,3,2,2,1,1,1,آزادشهر
8400000000,145,1391,3,4,3,1,1,1,آزادشهر
9450000000,160,1404,3,3,3,1,1,1,آزادشهر
10200000000,161,1404,3,6,2,1,1,1,آزادشهر
15940000000,166,1404,3,5,5,1,1,1,فرهنگ
16190000000,166,1404,3,5,5,1,1,1,فرهنگ
4500000000,85,1390,2,3,1,0,1,1,نیروی هوایی
1530000000,104,1388,0,0,0,0,0,0,هدایت
15850000000,165,1404,3,6,5,1,1,1,فرهنگ
8300000000,162,1392,3,5,2,1,1,1,آزادشهر
1430000000,80,1394,2,3,2,0,0,1,ایثارگران
10300000000,190,1394,3,5,5,1,1,1,هنرستان
6375000000,90,1404,2,6,3,1,1,1,امام رضا (ع)
2200000000,150,1401,1,2,2,0,0,1,کشف
10500000000,100,1380,2,2,1,0,1,1,کارمندان دوم
2650000000,80,1404,2,5,1,1,1,0,طلاب
3100000000,90,1404,2,3,3,1,1,1,ابوذر
65000000000,930,1404,2,6,6,1,1,1,احمدآباد
11000000000,90,1404,2,6,6,1,1,1,کوه سنگی
13200000000,165,1404,3,6,6,1,1,1,دانشجو
1680000000,110,1402,2,3,3,0,0,0,توس (بلوار توس)
7500000000,165,1403,3,6,5,1,1,1,فرهنگیان (شهرک غرب)
16500000000,225,1404,3,1,1,1,1,1,دانشجو
22400000000,160,1404,3,4,4,1,1,1,سجاد شهر
13300000000,163,1404,3,3,3,1,1,1,آزادشهر
5000000000,90,1394,2,1,1,1,1,1,خرمشهر
8000000000,150,1404,3,3,3,1,1,1,آزادشهر
13150000000,170,1401,3,6,6,1,1,1,هنرستان
17500000000,175,1404,3,3,3,1,1,1,هنرستان
17000000000,175,1404,3,2,2,1,1,1,کوثر
8600000000,118,1403,2,6,5,1,1,1,الهیه
33900000000,285,1404,4,5,5,1,1,1,سجاد شهر
4500000000,110,1402,2,5,3,1,1,1,شهرک لشکر (شهرک غرب)
2050000000,60,1385,2,3,3,0,1,1,الهیه
45000000000,340,1404,4,6,5,1,1,1,سجاد شهر
30000000000,315,1403,4,6,5,1,1,1,سجاد شهر
38400000000,320,1404,3,6,3,1,1,1,سجاد شهر
31500000000,300,1404,3,5,5,1,1,1,سجاد شهر
35000000000,310,1404,4,2,2,1,1,1,سجاد شهر
41000000000,303,1404,4,6,6,1,1,1,سجاد شهر
9300000000,125,1393,2,1,1,1,1,1,سجاد شهر
21000000000,160,1403,3,4,4,1,1,1,سجاد شهر
42000000000,340,1403,4,3,3,1,1,1,سجاد شهر
46000000000,365,1403,3,3,3,1,1,1,سجاد شهر
24500000000,195,1404,3,3,3,1,1,1,سجاد شهر
40000000000,310,1404,4,4,4,1,1,1,سجاد شهر
39000000000,315,1403,4,3,3,1,1,1,سجاد شهر
24400000000,168,1404,3,4,4,1,1,1,سجاد شهر
38000000000,315,1404,4,5,5,1,1,1,سجاد شهر
14900000000,170,1402,2,0,0,1,1,1,ملک‌آباد
28440000000,474,1380,4,1,1,0,1,1,سجاد شهر
34000000000,280,1403,3,3,3,1,1,1,سجاد شهر
37000000000,310,1399,4,2,2,1,1,1,سجاد شهر
28500000000,255,1404,4,1,1,1,1,1,سجاد شهر
50000000000,400,1404,4,4,4,1,1,1,سجاد شهر
25000000000,185,1404,3,6,4,1,1,1,سجاد شهر
22600000000,190,1404,3,3,3,1,1,1,سجاد شهر
30000000000,200,1404,3,0,0,1,1,1,سجاد شهر
22000000000,210,1386,3,3,3,1,1,1,سجاد شهر
45500000000,250,1404,3,6,6,1,1,1,سجاد شهر
28500000000,270,1403,4,3,3,1,1,1,سجاد شهر
39000000000,283,1403,4,4,4,1,1,1,سجاد شهر
26400000000,300,1403,4,4,4,1,1,1,سجاد شهر
23000000000,308,1387,4,3,3,1,1,1,سجاد شهر
40300000000,310,1404,4,4,4,1,1,1,سجاد شهر
55000000000,325,1404,4,4,4,1,1,1,سجاد شهر
52000000000,325,1404,4,5,5,1,1,1,سجاد شهر
33000000000,180,1404,3,5,5,1,1,1,ملک‌آباد
33000000000,300,1404,3,4,4,1,1,1,سجاد شهر
4400000000,117,1402,2,3,3,1,1,1,چهارچشمه
7000000000,142,1401,3,2,2,1,1,1,سرافرازان
5500000000,120,1401,3,2,2,1,1,1,سرافرازان
8500000000,140,1404,2,5,5,1,1,1,سرافرازان
3480000000,88,1397,2,6,4,1,1,1,سرافرازان
4850000000,120,1393,2,4,1,1,1,0,سرافرازان
1330000000,65,1404,1,2,2,0,0,0,ایثارگران
1800000000,130,1402,2,4,4,0,0,1,ایثارگران
1780000000,75,1395,1,3,3,0,0,1,شفا
1970000000,85,1404,2,4,4,1,0,0,شفا
12300000000,170,1403,3,5,5,1,1,1,فرهنگ
3528000000,98,1396,2,4,4,1,1,1,طلاب
4250000000,98,1400,2,1,1,1,1,1,الهیه
5600000000,94,1404,2,6,6,1,1,1,جاهد شهر
4800000000,75,1386,2,1,1,0,1,1,آزادشهر
7200000000,145,1390,2,4,3,1,1,1,هنرستان
4500000000,110,1404,2,3,3,1,1,1,الهیه
12700000000,162,1400,3,6,4,1,1,1,هنرستان
7680000000,95,1404,2,2,2,1,1,0,آیت الله خامنه‌ای
112000,100,1404,2,3,3,1,1,1,الهیه
4500000000,102,1401,2,5,1,1,1,1,الهیه
5800000000,145,1402,3,6,6,1,1,1,حرم مطهر رضوی
10500000000,170,1404,3,6,6,1,1,1,سید رضی
10200000000,170,1404,3,6,6,1,1,1,آزادشهر
13500000000,172,1403,3,6,5,1,1,1,فرهنگ
11630000000,155,1404,3,6,5,1,1,1,آزادشهر
10850000000,175,1392,3,6,6,1,1,1,فرهنگ
15600000000,176,1404,3,6,4,1,1,1,آزادشهر
13180000000,155,1404,3,1,1,1,1,1,فرهنگ
13640000000,155,1404,3,1,1,1,1,1,فرهنگ
10990000000,150,1402,2,6,6,1,1,1,فرهنگ
11550000000,175,1404,3,6,4,1,1,1,فرهنگ
9300000000,163,1395,3,5,5,1,1,1,سید رضی
10630000000,155,1404,3,6,5,1,1,1,فرهنگ
10500000000,155,1404,3,5,5,1,1,1,سید رضی
8350000000,160,1397,3,5,1,1,1,1,آزادشهر
5300000000,71,1386,2,4,1,0,1,1,فرهنگ
14230000000,190,1404,3,6,4,1,1,1,آزادشهر
10500000000,160,1404,3,6,6,1,1,1,سید رضی
3520000000,81,1385,2,3,3,1,1,1,هفت تیر (حافظ)
3200000000,83,1386,2,1,1,0,1,1,ولیعصر (شهرک غرب)
3200000000,105,1404,2,4,4,1,1,1,هدایت
7000000000,155,1400,3,3,3,1,1,1,الهیه
2750000000,100,1404,2,2,2,1,1,1,شهرک امام هادی (شهرک غرب)
23000000000,570,1385,4,4,2,1,1,1,سعد آباد
4200000000,137,1372,3,4,4,0,1,1,آبکوه
11220000000,165,1404,3,6,3,1,1,1,رضاشهر
5150000000,119,1395,2,4,2,1,1,1,حسابی جنوبی (شهرک غرب)
700000000,100,1404,2,3,3,0,1,1,طبرسی شمالی
790000000,97,1404,2,5,2,1,0,1,شهید بصیر
849000000,110,1404,2,3,3,0,0,0,حضرت حجت
1300000000,65,1400,2,2,1,0,0,1,بهمن
3780000000,108,1404,2,3,3,1,1,1,حسین‌آباد
770000000,75,1398,1,1,1,0,0,1,گرجی علیا
1550000000,50,1387,1,0,0,0,1,0,الهیه
1750000000,50,1392,1,0,0,0,1,0,الهیه
16000000000,230,1404,3,3,3,1,1,1,راهنمایی
18500000000,230,1404,4,6,2,1,1,1,راهنمایی
6350000000000,140,1380,3,0,0,0,1,0,سناباد
3290000000,80,1385,2,4,4,0,1,0,سناباد
10000000000,150,1404,3,5,5,1,1,1,گوهرشاد
8650000000,160,1395,3,4,1,1,1,1,سناباد
10900000000,165,1403,3,6,2,1,1,1,سناباد
6400000000,145,1386,3,4,2,1,1,1,سناباد
13500000000,185,1404,3,6,5,1,1,1,سناباد
5500000000,102,1391,2,2,2,1,1,1,سناباد
8700000000,156,1390,3,1,1,1,1,1,سناباد
5300000000,146,1400,3,6,5,1,1,1,حسین‌آباد
6800000000,158,1403,3,5,3,1,1,1,امیریه
5330000000,102,1403,2,5,3,1,1,1,شهید مطهری
4650000000,112,1403,2,4,1,1,1,1,گلبرگ
3500000000,77,1390,2,3,2,0,1,1,هفده شهریور
3600000000,120,1396,2,5,1,1,1,0,فاطمیه
6500000000,130,1390,2,5,1,1,1,0,عامل
4350000000,115,1391,2,4,3,1,1,1,شهید مطهری
2560000000,65,1388,1,3,1,0,1,1,سمزقند
3590000000,100,1390,2,4,4,1,1,1,هنرور
6850000000,160,1397,3,4,4,1,1,1,شهید مطهری
4350000000,107,1390,2,5,5,1,1,1,شهید مطهری
4250000000,115,1400,2,6,3,1,1,1,حسین‌آباد
3800000000,100,1396,2,4,4,1,1,1,الهیه
3550000000,95,1397,2,4,2,1,1,1,الهیه
4530000000,130,1400,2,5,5,1,1,1,حسین‌آباد
4445000000,127,1399,2,5,5,1,1,1,حسین‌آباد
14200000000,167,1404,3,6,6,1,1,1,فرهنگ
6935000000,73,1404,2,4,3,1,1,1,امام رضا (ع)
9100000000,200,1404,2,6,4,1,1,1,الهیه
3700000000,115,1398,2,2,2,1,1,1,الهیه
12000000000,180,1403,3,2,2,1,1,1,عنصری
4380000000,96,1403,2,3,3,1,1,1,الهیه
4450000000,104,1398,2,2,2,1,1,1,الهیه
6650000000,145,1404,3,6,3,1,1,1,الهیه
5100000000,145,1403,3,2,3,1,1,1,طلاب
10000000000,155,1403,3,2,2,1,1,1,دانشجو
4000000000,95,1397,2,1,1,1,1,1,الهیه
2980000000,70,1393,2,2,2,1,1,1,الهیه
6795000000,151,1400,3,2,2,1,1,1,الهیه
5820000000,145,1403,3,5,5,1,1,1,الهیه
5800000000,135,1401,3,1,1,1,1,1,الهیه
4920000000,125,1404,2,4,4,1,1,1,الهیه
3690000000,117,1394,2,1,1,1,1,1,یاس
4800000000,121,1397,2,5,4,1,1,1,جانباز
5100000000,103,1394,2,4,4,1,0,0,جانباز
8000000000,156,1403,3,5,5,1,1,1,حرم مطهر رضوی
6500000000,145,1401,3,3,3,1,1,1,شهید مطهری
2500000000,125,1399,2,1,1,0,1,0,انقلاب
2700000000,77,1385,2,5,3,0,1,1,اقبال
12900000000,115,1403,3,2,2,1,1,1,آیت الله خامنه‌ای
5150000000,105,1404,2,5,1,1,1,1,شهید مطهری
11200000000,145,1404,3,1,1,1,1,1,هنرستان
7350000000,151,1399,3,2,2,1,1,1,نیروی هوایی
6700000000,138,1395,3,4,2,1,1,1,نیروی هوایی
6490000000,150,1389,3,2,2,0,1,1,دانشجو
5285000000,115,1393,3,5,5,1,1,1,فرهنگیان (شهرک غرب)
13600000000,160,1404,3,2,2,1,1,1,هنرستان
10250000000,160,1398,3,6,1,1,1,1,فرهنگ
10600000000,165,1403,3,5,2,1,1,1,کوثر
4600000000,110,1383,3,4,0,0,1,0,حسابی جنوبی (شهرک غرب)
6700000000,145,1403,3,4,4,0,1,1,بهشت
15300000000,170,1404,3,1,1,1,1,1,هنرستان
13550000000,175,1397,3,2,2,1,1,1,آزادشهر
6900000000,155,1404,3,6,5,1,1,1,آزادشهر
8500000000,120,1404,2,3,3,1,1,1,سناباد
10850000000,165,1395,3,4,4,1,1,1,کوثر
7850000000,140,1392,3,3,3,1,1,1,هنرستان
8500000000,180,1380,3,1,1,1,1,1,ارشاد
5220000000,128,1403,3,5,2,1,1,1,الهیه
6900000000,115,1389,3,6,5,1,1,1,هنرستان
7130000000,155,1404,3,5,1,1,1,1,کارگران
7750000000,155,1399,3,6,6,1,1,1,آزادشهر
6250000000,142,1398,3,5,3,1,1,1,الهیه
6100000000,135,1380,3,2,2,0,1,1,دانشجو
6300000000,145,1403,3,5,2,1,1,1,نرگس (شهرک غرب)
4000000000,105,1397,3,5,5,1,1,1,الهیه
6130000000,150,1402,3,5,5,1,1,1,الهیه
6500000000,160,1404,3,5,2,1,1,1,الهیه
5397000000,140,1394,3,1,1,1,1,1,الهیه
7500000000,128,1404,3,0,0,1,1,1,هفت تیر (حافظ)
5800000000,135,1404,3,2,2,1,1,1,جاهد شهر
11600000000,145,1404,3,6,6,1,1,1,امام رضا (ع)
5650000000,130,1404,3,3,3,1,1,1,جاهد شهر
10700000000,165,1404,3,6,6,1,1,1,آزادشهر
5240000000,118,1396,3,4,2,1,1,1,نرگس (شهرک غرب)
20000000000,170,1404,3,4,4,1,1,1,احمدآباد
5750000000,135,1404,3,5,3,1,1,1,الهیه
7000000000,156,1400,3,5,2,1,1,1,جاهد شهر
5400000000,125,1401,3,1,1,1,1,1,الهیه
6000000000,143,1401,3,3,3,1,1,1,جاهد شهر
6200000000,148,1404,3,4,4,1,1,1,الهیه
11000000000,153,1402,3,2,2,1,1,1,رضاشهر
5800000000,130,1404,3,5,5,1,1,1,الهیه
3100000000,130,1402,3,5,4,1,0,1,شهرک بهارستان
11900000000,170,1404,3,4,4,1,1,1,امام رضا (ع)
11000000000,200,1404,3,1,1,1,1,1,سعد آباد
10300000000,184,1385,3,3,1,0,1,1,سناباد
21500000000,345,1403,2,3,3,1,1,1,امام رضا (ع)
23000000000,230,1404,3,6,1,1,1,1,هنرستان
3500000000,110,1390,2,2,1,0,1,1,حجاب (شهرک غرب)
6325000000,115,1404,3,2,2,1,1,1,شهرک لشکر (شهرک غرب)
8900000000,135,1401,3,3,3,1,1,1,هنرستان
4500000000,145,1404,3,2,2,1,1,1,هدایت
5500000000,240,0,4,3,3,0,0,0,کارگران
850000000,65,1404,1,3,1,0,0,1,طبرسی شمالی
13000000000,155,1404,3,3,3,1,1,1,آزادشهر
11500000000,165,1404,3,3,3,1,1,1,گوهرشاد
11800000000,175,1404,3,5,5,1,1,1,شهید فرامرز عباسی
11500000000,360,1385,4,0,0,0,1,1,حجاب (شهرک غرب)
18000000000,468,1392,3,1,1,1,1,1,جاهد شهر
760000000,60,1396,0,0,0,0,0,1,طبرسی شمالی
500000000,18,1394,0,0,0,0,0,0,وحید
180000000,15,1401,0,0,0,0,0,0,خواجه ربیع
900000000,30,1390,0,4,4,0,0,0,سرافرازان
320000000,20,1404,0,1,1,0,0,0,همت آباد
2300000000,260,1402,1,0,0,0,0,1,صیدآباد
22900000000,170,1404,3,4,4,1,1,1,کوثر
5950000000,80,1385,4,1,1,0,0,1,نوغان
785000000,45,1404,1,3,0,0,0,1,شهرک امام هادی (شهرک غرب)
1180000000,30,1403,0,0,0,0,1,1,سمزقند
500000000,50,1404,1,0,0,0,0,1,یاغون آباد
750000000,35,1385,0,3,0,0,0,0,طبرسی شمالی
490000000,40,1399,0,4,4,0,0,1,کوی دروی
8975000000,165,1404,3,3,3,1,1,1,دانشجو
12300000000,165,1404,3,1,1,1,1,1,رضاشهر
9300000000,160,1400,3,1,1,1,1,1,فرهنگ
12400000000,165,1403,3,6,5,1,1,1,فرهنگ
12000000000,160,1403,2,6,3,1,1,1,فرهنگ
9300000000,158,1404,3,5,5,1,1,1,سید رضی
7400000000,160,1396,3,5,2,1,1,1,آزادشهر
9300000000,165,1404,3,2,2,1,1,1,آزادشهر
9500000000,140,1404,3,6,3,1,1,1,سید رضی
12800000000,165,1404,3,1,1,1,1,1,فرهنگ
10000000000,165,1404,3,6,6,1,1,1,سید رضی
8650000000,155,1386,3,5,4,1,1,1,فرهنگ
7000000000,140,1390,3,4,4,1,1,1,فرهنگ
10080000000,155,1404,3,2,2,1,1,1,سید رضی
9000000000,175,1404,3,5,5,1,1,1,آزادشهر
2025000000,79,1404,2,4,3,1,1,1,سیس‌آباد
1850000000,79,1404,2,5,5,1,1,1,سیس‌آباد
4400000000,97,1390,2,4,4,1,1,1,شاهد (شهرک غرب)
3250000000,80,1389,2,2,2,0,1,1,شهرک رازی (شهرک غرب)
3300000000,82,1390,2,2,2,0,1,1,شهرک رازی (شهرک غرب)
2100000000,70,1403,2,1,1,1,1,0,مشکینی (شهرک غرب)
10600000000,170,1404,3,5,3,1,1,1,رضاشهر
53000000000,314,1404,4,5,5,1,1,1,احمدآباد
4200000000,100,1385,2,2,2,0,1,1,فارغ التحصیلان
8080000000,130,1404,3,6,5,1,1,1,نیروی هوایی
4200000000,105,1404,2,4,4,1,1,1,الهیه
6999000000,160,1404,3,5,5,1,1,1,الهیه
16650000000,162,1404,3,6,4,1,1,1,کوثر
13400000000,165,1404,3,6,5,1,1,1,فرهنگ
38000000000,320,1404,4,4,4,1,1,1,کوثر
4600000000,115,1404,2,5,2,1,1,1,الهیه
6800000000,125,1390,2,6,1,1,1,1,هنرستان
5500000000,195,1403,3,4,4,1,0,1,امیر
9000000000,158,1404,3,6,1,1,1,1,آزادشهر
4200000000,114,1388,2,3,1,0,1,1,عبادی
3850000000,100,1398,2,5,2,1,1,1,جاهد شهر
3200000000,81,1395,2,4,4,1,1,1,الهیه
2370000000,67,1389,2,4,3,0,1,1,ولیعصر (شهرک غرب)
3250000000,82,1394,2,3,1,1,1,1,الهیه
3399000000,96,1385,2,2,2,0,1,1,شهرک رازی (شهرک غرب)
2890000000,85,1404,2,6,2,1,1,1,موسوی قوچانی
1900000000,70,1404,2,3,3,1,1,1,هفده شهریور
11600000000,160,1404,3,4,2,1,1,1,فرهنگ
2750000000,77,1390,2,4,3,0,1,1,فرهنگیان (شهرک غرب)
1100000000,50,1394,1,4,3,0,0,0,یوسفیه (شهرک غرب)
2930000000,85,1389,2,1,1,0,1,1,شاهد (شهرک غرب)
3850000000,91,1396,2,4,2,1,1,1,شهرک رازی (شهرک غرب)
3690000000,95,1396,2,4,1,1,1,1,نرگس (شهرک غرب)
3900000000,94,1399,2,4,2,1,1,1,شهرک رازی (شهرک غرب)
2900000000,100,1392,2,4,3,0,1,1,نرگس (شهرک غرب)
1040000000,58,1397,1,0,0,0,0,1,یوسفیه (شهرک غرب)
1145000000,63,1397,2,0,0,1,0,1,یوسفیه (شهرک غرب)
4850000000,118,1401,2,6,6,1,1,1,میعاد (شهرک غرب)
5150000000,130,1384,3,3,1,1,1,1,نرگس (شهرک غرب)
1500000000,50,1387,1,4,3,0,1,1,زیبا شهر
2700000000,76,1381,2,3,2,0,1,1,شهید مطهری
4270000000,104,1395,2,3,3,1,1,1,فرهنگیان (شهرک غرب)
9700000000,162,1404,3,4,4,1,1,1,آزادشهر
5000000000,110,1404,2,2,2,1,1,1,شهرک لشکر (شهرک غرب)
2660000000,65,1389,2,3,2,0,1,1,شاهد (شهرک غرب)
12800000000,160,1404,3,6,4,1,1,1,فرهنگ
13300000000,160,1404,3,4,4,1,1,1,شهید فرامرز عباسی
2550000000,130,1404,2,5,5,1,0,1,پنجتن
4780000000,105,1404,2,3,3,1,1,1,شهرک لشکر (شهرک غرب)
570000000,200,1403,2,2,0,0,1,1,خواجه ربیع
820000000,95,1404,2,1,1,0,1,1,شهرک مهرگان
1200000000,75,1393,2,2,1,0,1,1,شهرک مهرگان
4650000000,145,1403,3,1,1,1,1,1,زمرد
4850000000,160,1404,3,7,5,1,1,1,کوی سیدی
1300000000,60,1395,1,2,2,0,1,1,نظام دوست
4000000000,135,1404,2,6,1,1,1,1,شهرک لشکر (شهرک غرب)
3900000000,112,1389,2,3,3,0,1,1,نیروی هوایی
4500000000,180,1389,2,3,0,0,1,1,فرهنگ
900000000,55,1395,1,3,3,0,0,1,صیاد شیرازی
1400000000,75,1398,1,4,0,1,0,1,سرافرازان
5230000000,122,1402,2,5,5,1,1,1,الهیه
6100000000,160,1404,3,4,4,1,1,1,الهیه
3250000000,115,1397,2,6,2,1,1,1,جانباز
2950000000,104,1400,2,4,2,0,1,0,زمرد
9500000000,175,1395,3,4,4,1,1,1,فرهنگ
10500000000,228,1401,3,5,1,1,1,1,فرهنگ
9000000000,195,1404,3,5,5,1,1,1,الهیه
50000000,91,1384,2,4,2,1,1,1,آیت الله کاشانی
5200000000,113,1397,2,4,4,1,1,1,فرهنگیان (شهرک غرب)
4400000000,120,1401,2,3,2,1,1,1,امیریه
3600000000,108,1395,2,3,3,1,1,1,الهیه
4000000000,100,1404,2,6,3,1,1,1,الهیه
2750000000,80,1400,2,2,2,1,1,1,امیریه
5600000000,100,1403,2,4,3,1,1,1,گوهرشاد
5300000000,100,1384,2,4,3,1,1,1,هنرستان
18500000000,180,1404,3,6,3,1,1,1,هنرستان
9500000000,160,1394,3,4,4,1,1,1,هنرستان
4730000000,80,1390,2,3,3,1,1,1,هفت تیر (حافظ)
4380000000,80,1390,2,1,1,0,1,1,هنرستان
16500000000,212,1400,3,5,5,1,1,1,هنرستان
18500000000,240,1403,3,6,4,1,1,1,کوثر
7600000000,155,1388,3,6,2,1,1,1,کوثر
5000000000,100,1384,2,4,2,0,1,0,هفت تیر (آب و برق)
5000000000,100,1385,2,4,2,0,1,1,هنرستان
3600000000,90,1390,2,3,3,0,1,1,صیاد شیرازی
10900000000,160,1400,3,6,2,1,1,1,کوثر
12500000000,190,1404,3,3,3,1,1,1,کوثر
6250000000,133,1390,3,5,0,1,1,1,نیروی هوایی
5500000000,85,1392,2,5,3,1,1,1,کوثر
4250000000,110,1397,2,4,4,1,1,1,فرهنگیان (شهرک غرب)
5690000000,135,1398,3,1,1,1,1,1,شهرک لشکر (شهرک غرب)
4400000000,105,1386,2,4,2,0,1,1,شریف
3500000000,85,1373,2,4,3,0,1,1,شریف
3900000000,96,1388,2,4,2,0,1,1,شریف
10700000000,165,1404,3,1,1,1,1,1,شریف
3750000000,100,1398,2,1,1,1,1,1,الهیه
6500000000,150,1404,3,5,5,1,1,1,الهیه
4200000000,100,1402,2,4,4,1,1,1,جاهد شهر
1500000000,85,1392,2,4,4,0,0,1,شفا
4500000000,150,1403,3,8,6,1,1,1,جانباز
6450000000,95,1404,2,2,2,1,1,1,هفت تیر (حافظ)
16650000000,185,1403,3,6,1,1,1,1,فرهنگ
8200000000,130,1404,2,0,0,1,1,1,هفت تیر (حافظ)
11650000000,155,1404,3,6,1,1,1,1,رضاشهر
5700000000,175,1404,3,2,2,1,1,1,الهیه
5600000000,170,1404,3,3,3,1,1,1,الهیه
11500000000,160,1404,3,6,1,1,1,1,دانشجو
12500000000,155,1403,3,1,1,1,1,1,دانشجو
6750000000,160,1403,3,3,3,1,1,1,الهیه
10500000000,160,1404,3,6,2,1,1,1,سید رضی
5900000000,165,1404,3,4,4,1,1,1,شهرک رازی (شهرک غرب)
4500000000,115,1404,2,2,2,1,1,1,الهیه
18200000000,170,1403,3,3,3,1,1,1,کوثر
7300000000,85,1404,2,6,1,1,1,1,امام رضا (ع)
8750000000,125,1404,2,5,5,1,1,1,هفت تیر (حافظ)
16390000000,165,1404,3,6,2,1,1,1,فرهنگ
7600000000,110,1404,2,3,3,1,1,1,نیروی هوایی
13200000000,177,1403,3,3,3,1,1,1,سید رضی
5350000000,110,1397,2,5,3,1,1,1,هفت تیر (حافظ)
6550000000,92,1394,2,5,5,1,1,1,هفت تیر (حافظ)
4990000000,95,1395,2,3,3,1,1,1,صیاد شیرازی
2880000000,65,1386,1,4,2,0,1,1,صیاد شیرازی
6300000000,120,1387,2,4,1,0,1,1,صیاد شیرازی
4050000000,100,1395,2,3,1,1,1,1,هفت تیر (آب و برق)
7300000000,150,1394,3,4,4,1,1,1,صیاد شیرازی
3600000000,92,1391,2,5,3,1,1,1,هفت تیر (آب و برق)
6000000000,110,1396,2,2,2,1,1,1,هفت تیر (حافظ)
4490000000,80,1388,2,4,2,1,1,1,صیاد شیرازی
6500000000,125,1390,2,1,1,1,1,1,هفت تیر (حافظ)
10000000000,205,1392,3,4,3,1,1,1,صیاد شیرازی
3800000000,95,1390,2,4,4,1,1,1,هفت تیر (نه دره)
2800000000000,61,1393,1,2,2,0,1,1,هفت تیر (آب و برق)
3350000000,75,1386,1,4,1,0,1,1,هفت تیر (آب و برق)
3700000000,75,1391,2,4,4,1,1,1,صیاد شیرازی
4150000000,108,1390,2,3,3,1,1,1,هفت تیر (آب و برق)
6900000000,115,1404,2,5,2,1,1,1,شهرآرا
8000000000,120,1404,2,6,6,1,1,1,هفت تیر (آب و برق)
3000000000,87,1383,2,3,3,0,1,1,هفت تیر (آب و برق)
8000000000,160,1403,3,3,3,1,1,1,صیاد شیرازی
6850000000,106,1403,2,3,3,1,1,1,هفت تیر (آب و برق)
10650000000,165,1404,3,6,3,1,1,1,صیاد شیرازی
9850000000,205,1397,3,5,3,1,1,1,صیاد شیرازی
12000000000,160,1404,3,3,3,1,1,1,صیاد شیرازی
3500000000,98,1387,2,3,3,0,1,1,هفت تیر (نه دره)
10000000000,203,1393,3,4,3,1,1,1,هفت تیر (حافظ)
3400000000,75,1385,2,4,2,1,1,1,هفت تیر (آب و برق)
2370000000,78,1390,2,4,4,0,1,1,هفت تیر (آب و برق)
3850000000,70,1384,2,4,1,0,1,1,هفت تیر (حافظ)
2600000000,68,1389,2,4,4,0,1,1,صیاد شیرازی
6050000000,90,1404,2,6,1,1,1,1,هفت تیر (آب و برق)
4100000000,93,1392,2,4,1,1,1,1,هفت تیر (نه دره)
8200000000,133,1404,2,6,6,1,1,1,هفت تیر (آب و برق)
6500000000,170,1390,3,3,0,0,1,1,هفت تیر (نه دره)
10600000000,165,1404,3,6,3,1,1,1,صیاد شیرازی
6900000000,115,1404,2,6,2,1,1,1,شهرآرا
16850000000,230,1403,4,7,3,1,1,1,آزادشهر
3850000000,75,1389,2,1,1,0,1,1,صیاد شیرازی
12000000000,270,1404,3,2,2,1,1,1,طلاب
1799000000,87,1400,2,3,3,1,1,1,طبرسی شمالی
670000000,55,1404,1,1,1,0,0,1,طبرسی شمالی
1030000000,65,1400,1,0,0,0,0,1,طبرسی شمالی
1330000000,85,1402,2,1,1,0,0,1,طبرسی شمالی
1270000000,72,1400,1,2,2,0,0,0,طبرسی شمالی
2600000000,85,1403,2,5,5,1,1,1,طبرسی شمالی
1240000000,85,1401,2,3,3,0,0,1,طبرسی شمالی
1600000000,120,1403,2,3,3,0,0,1,طبرسی شمالی
1240000000,85,1401,2,3,3,0,0,1,طبرسی شمالی
920000000,60,1395,2,1,1,0,0,1,طبرسی شمالی
1300000000,65,1400,1,1,1,0,1,1,طبرسی شمالی
1450000000,85,1400,2,2,2,0,0,1,طبرسی شمالی
1500000000,85,1400,2,2,2,0,0,1,نظام دوست
1270000000,70,1402,2,2,2,0,0,1,نظام دوست
1500000000,80,1404,2,3,3,0,0,1,نظام دوست
1600000000,75,1402,2,2,2,1,1,1,طبرسی شمالی
1980000000,130,1403,2,2,2,0,0,1,رده
1495000000,58,1403,1,1,1,0,0,1,طبرسی شمالی
1499000000,110,1403,2,1,1,0,0,0,طبرسی شمالی
1350000000,90,1402,2,3,3,0,0,1,نظام دوست
1500000000,55,1404,1,0,0,0,0,1,طبرسی شمالی
1375000000,100,1400,1,0,0,0,0,1,طبرسی شمالی
1245000000,75,1403,2,4,4,0,0,1,طبرسی شمالی
1199000000,100,1403,2,3,3,0,0,1,طبرسی شمالی
980000000,80,1404,2,2,2,1,0,0,رده
1085000000,55,1403,1,0,0,0,0,1,طبرسی شمالی
1499000000,67,1403,2,2,2,0,0,0,طبرسی شمالی
1600000000,105,1400,2,2,2,0,0,0,طبرسی شمالی
1299000000,85,1403,1,7,0,0,0,1,طبرسی شمالی
1099000000,78,1400,2,3,3,0,0,1,طبرسی شمالی
699000000,58,1402,1,4,4,0,0,1,طبرسی شمالی
1435000000,75,1403,1,1,1,0,0,1,طبرسی شمالی
965000000,80,1402,1,1,1,0,0,1,طبرسی شمالی
999000000,68,1400,1,2,2,0,0,1,طبرسی شمالی
1675000000,110,1403,2,0,0,0,1,1,طبرسی شمالی
2500000000,100,1403,2,2,2,1,1,1,طبرسی شمالی
1875000000,75,1403,1,0,0,0,1,1,طبرسی شمالی
850000000,45,1402,1,0,0,0,0,0,نظام دوست
1450000000,75,1404,1,3,0,0,1,1,رده
1100000000,75,1396,1,2,2,0,0,1,طبرسی شمالی
1000000000,70,1400,1,3,3,0,0,1,شهید قربانی
2250000000,150,1395,2,1,1,0,0,1,نظام دوست
1150000000,85,1395,1,1,1,0,0,1,طبرسی شمالی
1280000000,70,1400,1,1,1,0,0,1,طبرسی شمالی
2300000000,100,1403,2,5,1,1,1,1,نظام دوست
1100000000,80,1402,1,1,1,0,0,1,طبرسی شمالی
1150000000,65,1403,1,4,1,0,0,1,طبرسی شمالی
2700000000,110,1404,2,1,1,1,1,1,طلاب
1487000000,85,1402,1,1,1,0,0,1,طبرسی شمالی
6000000000,125,1393,3,2,2,0,0,1,نظام دوست
1690000000,75,1404,2,2,2,1,0,1,طبرسی شمالی
1050000000,55,1403,1,0,0,0,0,1,نظام دوست
1200000000,80,1402,1,3,3,0,0,1,طبرسی شمالی
1050000000,65,1402,1,2,2,0,0,1,طبرسی شمالی
1299000000,90,1403,2,2,2,0,0,1,طبرسی شمالی
1300000000,85,1402,2,0,0,0,1,1,سیس‌آباد
2700000000,72,1390,2,2,2,0,1,1,امامیه (شهرک غرب)
6300000000,180,1403,3,4,4,1,1,1,رستگار
5900000000,175,1404,3,2,2,1,1,1,هنرور
2000000000,100,1402,2,2,2,1,0,1,شهرک بهارستان
2540000000,80,1389,2,2,2,0,1,1,امامیه (شهرک غرب)
3100000000,86,1387,2,6,3,0,1,1,تربیت (صدف)
1950000000,100,1404,2,1,1,1,1,1,فدک
930000000,70,1398,1,1,1,0,0,0,طبرسی شمالی
1658000000,80,1404,2,5,1,1,0,0,طبرسی شمالی
800000000,60,1403,1,1,1,0,0,1,شهید بصیر
10350000000,160,1404,3,1,1,1,1,1,آزادشهر
912000000,63,1400,1,1,1,0,0,0,مشهدقلی
1350000000,90,1396,1,2,1,0,1,0,منزل آباد
2500000000,105,1380,1,1,1,0,0,0,نوده
1170000000,65,1403,1,2,1,0,0,0,منزل آباد
1500000000,85,1395,1,3,1,0,0,1,کریم آباد
690000000,75,1400,2,1,1,0,0,1,همت آباد
2600000000,115,1400,2,5,1,1,1,0,طبرسی شمالی
4350000000,105,1390,2,4,1,0,1,1,صیاد شیرازی
3080000000,80,1398,2,1,1,1,1,1,میعاد (شهرک غرب)
990000000,70,1399,1,1,1,0,0,1,طبرسی شمالی
3100000000,78,1393,2,3,1,0,1,1,تربیت (صدف)
1920000000,75,1397,2,1,1,0,0,1,گلشور
76000000,60,1404,1,1,1,0,0,1,کوشک مهدی
2550000000,90,1401,2,1,1,1,1,0,تلگرد
1820000000,95,1398,2,4,1,0,1,0,پنجتن
1450000000,100,1400,2,1,1,0,0,1,طبرسی شمالی
1910000000,105,1398,2,1,1,0,0,0,شهرک بهارستان
5050000000,107,1404,2,1,1,1,1,1,شهرک لشکر (شهرک غرب)
1350000000,80,1403,1,3,1,0,0,1,طبرسی شمالی
2300000000,85,1403,1,4,1,0,0,1,وحید
3000000000,94,1392,2,4,1,0,1,0,مشکینی (شهرک غرب)
3000000000,130,1401,2,1,1,1,1,1,انقلاب
1800000000,100,1394,2,3,1,0,0,1,شهرک بهارستان
2830000000,75,1389,2,2,2,0,1,1,شهرک رازی (شهرک غرب)
1599000000,60,1404,1,4,2,0,1,0,طبرسی شمالی
2100000000,65,1392,1,2,2,0,1,0,سرافرازان
1000000000,67,1400,1,2,2,0,0,1,بهمن
1280000000,90,1404,1,3,3,0,1,1,نظام دوست
3699000000,110,1390,2,2,2,0,1,1,حسابی جنوبی (شهرک غرب)
17500000000,186,1404,3,2,2,1,1,1,هفت تیر (حافظ)
920000000,55,1398,1,2,2,0,0,0,یوسفیه (شهرک غرب)
2650000000,65,1390,2,3,2,0,1,1,شاهد (شهرک غرب)
1399000000,80,1393,1,4,2,0,0,0,طبرسی شمالی
4250000000,100,1393,2,2,2,0,1,0,سرافرازان
4950000000,108,1391,2,3,3,1,1,1,اقبال
1150000000,100,1404,2,3,3,0,0,1,طبرسی شمالی
3250000000,80,1392,2,3,3,0,1,1,دانشجو
3600000000,90,1389,2,3,3,0,1,1,هنرستان
1280000000,100,1399,2,3,3,0,0,1,طبرسی شمالی
1550000000,125,1403,2,3,3,0,0,1,نظام دوست
1150000000,60,1401,1,3,3,0,0,0,شهرک بهارستان
1450000000,85,1400,1,4,4,0,0,0,شهرک بهارستان
2000000000,100,1393,2,3,3,0,0,1,فاطمیه
1800000000,75,1399,2,3,3,0,0,1,گلشور
1000000,100,1404,2,4,3,0,0,0,نوده
1800000000,105,1403,2,5,3,1,0,1,طبرسی شمالی
75000000,175,1404,3,6,6,1,1,1,سناباد
24000000000,300,1404,4,6,6,1,1,1,خرمشهر
600000000,50,1404,1,1,1,0,0,0,دوست آباد
3500000000,90,1402,2,1,1,0,0,1,هفده شهریور
680000000,67,1404,2,0,0,0,0,1,طبرسی شمالی
1999000000,105,1403,2,0,0,0,1,1,طبرسی شمالی
515000000,50,1397,0,4,0,0,0,1,دوست آباد
950000000,70,1399,1,0,0,0,0,0,طبرسی شمالی
800000000,50,1380,1,3,0,0,0,1,کوی دروی
1920000000,107,1404,2,0,0,0,1,0,طبرسی شمالی
1420000000,85,1401,2,0,0,0,1,0,طبرسی شمالی
799000000,55,1395,1,2,0,0,0,0,نظام دوست
2350000000,70,1397,1,0,0,1,0,1,حسین‌آباد
1300000000,95,1403,2,2,0,0,1,1,شهرک مهرگان
1200000000,105,1395,2,3,0,0,0,0,رباط طرق
1035000000,65,1399,1,3,0,0,0,0,طبرسی شمالی
780000000,105,1404,2,5,0,0,1,1,سیس‌آباد
1150000000,50,1392,1,0,0,0,0,1,ایثارگران
650000000,55,1399,1,0,0,0,0,1,حضرت حجت
390000000,65,1404,2,0,0,0,0,1,نوده
750000000,70,1388,1,0,0,0,0,1,همت آباد
1450000000,90,1396,2,3,0,0,0,1,طبرسی شمالی
1220000000,75,1398,2,0,0,0,0,0,حضرت حجت
750000000,50,1403,1,0,0,0,0,1,نظام دوست
990000000,70,1393,1,0,0,0,1,1,نظام دوست
1000000000,45,1390,1,0,0,0,0,0,شهرک بهارستان
2200000000,83,1383,2,4,4,0,1,1,هدایت
750000000,90,1400,1,4,4,0,0,0,کوی سیدی
3000000000,85,1400,2,1,1,1,0,1,گلشور
710000000,65,1403,1,4,2,0,0,1,طبرسی شمالی
1350000000,90,1403,2,4,2,0,0,1,خواجه ربیع
770000000,55,1403,1,5,4,0,0,1,طبرسی شمالی
10800000000,160,1404,3,4,4,1,1,1,سید رضی
720000000,60,1400,1,5,4,0,0,1,طبرسی شمالی
2850000000,140,1403,2,6,6,1,0,1,انقلاب
1260000000,100,1400,2,4,4,0,0,1,بهمن
1800000000,75,1388,1,4,0,0,0,0,رستگار
8400000000,187,1404,3,6,6,1,1,1,فرهنگیان (شهرک غرب)
2700000000,71,1390,2,2,2,0,1,1,امامیه (شهرک غرب)
9800000000,155,1400,3,4,4,1,1,1,رضاشهر
2650000000,65,1389,2,4,1,0,1,1,ولیعصر (شهرک غرب)
11550000000,165,1404,3,6,6,1,1,1,رضاشهر
2300000000,75,1380,2,4,4,1,0,1,راه آهن
2880000000,80,1395,2,3,1,0,1,1,عبادی
2620000000,100,1393,2,4,2,1,1,1,رستگار
2100000000,75,1402,2,4,3,1,0,0,یاس
2500000000,85,1389,2,1,1,1,1,0,رستگار
11000000000,175,1404,3,6,3,1,1,1,سعد آباد
3950000000,95,1404,2,5,3,1,1,1,جاهد شهر
5850000000,120,1390,3,4,3,1,1,1,شهرآرا
6250000000,140,1402,3,5,5,1,1,1,الهیه
22500000000,280,1404,4,4,4,1,1,1,وکیل‌آباد
16700000000,163,1404,3,2,2,1,1,1,ملک‌آباد
8000000000,200,1404,3,8,2,1,1,1,شهرک ابوذر
7800000000,162,1403,3,4,4,1,1,1,الهیه
4750000000,100,1404,2,5,5,1,1,1,الهیه
4500000000,110,1404,2,5,6,1,1,1,الهیه
4950000000,110,1404,2,5,4,1,1,1,الهیه
4600000000,110,1404,2,4,4,1,1,1,الهیه
10260000000,135,1404,3,6,5,1,1,1,وکیل‌آباد
7600000000,128,1401,3,6,3,1,1,1,فارغ التحصیلان
11200000000,181,1402,3,12,3,1,1,1,فارغ التحصیلان
10800000000,217,1391,4,6,4,1,1,1,فارغ التحصیلان
10500000000,155,1402,3,3,3,1,1,1,فارغ التحصیلان
6000000000,102,1392,2,2,2,1,1,1,فارغ التحصیلان
15200000000,225,1401,3,1,1,1,1,1,فارغ التحصیلان
1450000000,55,1380,1,3,3,0,0,0,شهرک رازی (شهرک غرب)
1350000000,50,1387,1,2,2,0,0,0,حجاب (شهرک غرب)
1499000000,60,1387,2,2,2,0,0,0,شهرک رازی (شهرک غرب)
1250000000,50,1380,1,3,3,0,1,0,حجاب (شهرک غرب)
4000000000,80,1390,2,3,1,1,1,1,آزادشهر
2850000000,60,1393,1,3,3,1,1,1,حسابی جنوبی (شهرک غرب)
16600000000,175,1404,3,3,3,1,1,1,کوثر
14000000000,280,1404,3,4,4,1,1,1,آزادشهر
10500000000,165,1404,3,6,3,1,1,1,سید رضی
7200000000,160,1404,3,4,4,1,1,1,جاهد شهر
4700000000,92,1388,2,3,3,1,1,1,شهید فرامرز عباسی
3950000000,92,1380,2,3,2,0,1,0,شهید فرامرز عباسی
13500000000,180,1404,3,2,2,1,1,1,شهید فرامرز عباسی
13200000000,155,1404,3,3,3,1,1,1,شهید فرامرز عباسی
3500000000,80,1388,2,4,3,0,1,1,بهاران
3200000000,86,1390,2,4,4,0,1,0,شهید فرامرز عباسی
2500000000,75,1390,2,4,4,0,1,1,شهید فرامرز عباسی
4600000000,100,1387,2,1,1,1,1,1,بهاران
5800000000,125,1396,2,2,2,1,1,1,زمانه
33750000000,250,1404,3,7,4,1,1,1,کوثر
6900000000,110,1391,2,0,0,1,1,1,کوثر
6420000000,110,1390,2,4,3,1,1,1,کوثر
13950000000,155,1404,3,2,2,1,1,1,کوثر
19950000000,190,1404,3,3,3,1,1,1,کوثر
25000000000,270,1404,4,5,5,1,1,1,کوثر
3000000000,105,1401,2,5,4,1,1,1,طلاب
14950000000,230,1404,4,6,4,1,1,1,فارغ التحصیلان
3350000000,100,1397,2,6,6,1,1,1,الهیه
9800000000,161,1404,3,6,6,1,1,1,آزادشهر
10300000000,160,1404,3,5,3,1,1,1,شهید فرامرز عباسی
5000000000,125,1399,2,4,4,1,1,1,حسین‌آباد
13000000000,175,1404,3,5,5,1,1,1,شریف
29500000000,280,1402,4,5,5,1,1,1,سجاد شهر
5700000000,150,1404,3,2,2,1,1,1,نکاح
8970000000,155,1390,3,1,1,1,1,1,فرهنگ
1250000000,85,1400,1,3,0,1,1,1,حضرت حجت
1500000000,45,1404,1,3,3,1,1,1,چهنو
12500000000,170,1394,3,4,4,1,1,1,کوثر
2500000000,100,1404,2,14,14,1,1,1,سرافرازان
5000000000,112,1400,2,10,9,1,1,1,جاهد شهر
42600000000,355,1404,4,4,4,1,1,1,سجاد شهر
5100000000,105,1397,2,2,2,1,1,1,مقدم
4600000000,80,1390,2,0,0,1,1,1,آزادشهر
3600000000,75,1386,2,3,2,0,1,1,رضاشهر
8300000000,155,1402,3,4,4,1,1,1,نیروی هوایی
45000000000,300,1404,3,6,3,1,1,1,سجاد شهر
12350000000,170,1404,3,1,1,1,1,1,رضاشهر
12600000000,173,1384,3,5,1,1,1,1,ملک‌آباد
12000000000,155,1404,3,6,4,1,1,1,فرهنگ
5460000000,95,1404,2,6,3,1,1,1,الهیه
9350000000,165,1403,3,5,2,1,1,1,هنرستان
3600000000,100,1404,2,6,1,1,1,1,الهیه
11300000000,190,1401,3,6,3,1,1,1,کوثر
3100000000,90,1404,2,6,3,1,1,1,نکاح
3350000000,110,1404,2,6,5,1,1,1,شهید مطهری
6290000000,135,1401,2,4,1,1,1,1,کلاهدوز
11100000000,155,1404,3,6,4,1,1,1,آزادشهر
8080000000,160,1402,3,5,5,1,1,1,کلاهدوز
5600000000,160,1404,3,7,3,1,1,1,هدایت
3750000000,100,1393,2,4,4,1,1,1,جاهد شهر
2650000000,74,1388,2,4,1,0,1,1,شهرآرا
4320000000,110,1392,2,1,1,1,1,1,حسابی جنوبی (شهرک غرب)
8520000000,162,1399,3,5,3,1,1,1,آزادشهر
1880000000,145,1384,1,0,0,0,1,1,سازمان آب
8250000000,130,1403,3,6,6,1,1,1,آزادشهر
7500000000,165,1385,3,3,2,0,1,1,هنرستان
6000000000,105,1394,2,4,3,1,1,1,هفت تیر (حافظ)
10000000000,150,1404,3,6,4,1,1,1,هنرستان
4900000000,90,1394,2,5,3,1,1,1,کوثر
6180000000,115,1391,2,4,4,1,1,1,هنرستان
10200000000,135,1404,3,5,3,1,1,1,رضاشهر
9300000000,157,1401,3,5,1,1,1,1,فارغ التحصیلان
6000000000,105,1394,2,4,3,1,1,1,فارغ التحصیلان
6200000000,112,1395,2,4,3,1,1,1,فارغ التحصیلان
9190000000,160,1393,3,3,2,1,1,1,رضاشهر
1100000000,165,1403,2,2,2,1,1,1,کلاهدوز
9350000000,165,1404,3,6,6,1,1,1,دانشجو
9000000000,60,1404,1,4,4,1,1,0,عنصری
5100000000,150,1402,3,4,4,1,1,1,حسین‌آباد
12500000000,130,1398,3,0,0,1,1,1,سجاد شهر
2250000000,90,1402,2,2,2,0,0,0,فلسطین
12800000000,162,1404,3,4,4,1,1,1,سید رضی
8300000000,155,1398,3,6,1,1,1,1,دانشجو
5300000000,115,1387,2,6,6,1,1,0,فرهنگ
13500000000,180,1401,3,6,3,1,1,1,فرهنگ
8400000000,145,1394,3,5,1,1,1,1,فرهنگ
10900000000,185,1403,3,5,3,1,1,1,دانشجو
3950000000,105,1395,2,4,4,1,1,1,فاطمیه
1950000000,75,1395,1,5,2,1,1,1,امیر
1100000000,70,1404,2,2,2,0,0,0,نظام دوست
980000000,70,1400,1,3,3,0,1,1,حضرت حجت
10400000000,160,1404,3,6,4,1,1,1,دانشجو
1130000000,95,1387,1,2,0,0,0,1,کوی ولیعصر
3850000000,85,1400,2,1,1,1,1,1,الهیه
3550000000,75,1395,2,1,1,0,1,0,رضاشهر
2500000000,100,1403,2,4,1,1,1,1,نظام دوست
1900000000,100,1404,2,5,4,1,0,1,نظام دوست
3500000000,83,1390,2,4,1,0,1,1,رضاشهر
4500000000,80,1394,2,2,2,1,1,1,سید رضی
2450000000,90,1390,1,0,0,0,0,0,جانباز
950000000,75,1403,1,4,4,0,0,0,شهید قربانی
390000000,70,1404,2,2,2,0,0,1,امیریه
1500000000,50,1395,1,0,0,0,0,0,هفت تیر (آب و برق)
960000000,50,1404,1,3,3,0,0,1,کوی ولیعصر
3700000000,100,1389,2,2,2,0,1,1,شاهد (شهرک غرب)
7790000000,100,1404,2,5,3,1,1,1,رضاشهر
5590000000,105,1404,2,4,2,1,1,1,چهارچشمه
6000000000,106,1394,2,3,3,1,1,1,شهید رضوی
4000000000,110,1390,2,3,1,0,1,0,مشکینی (شهرک غرب)
4300000000,110,1399,2,4,4,1,1,1,الهیه
4540000000,118,1402,2,5,1,1,1,1,امیریه
9800000000,175,1404,3,6,5,1,1,1,فرهنگیان (شهرک غرب)
11000000000,180,1397,3,5,2,1,1,1,شهید فرامرز عباسی
1900000000,50,1380,1,4,0,0,0,0,الهیه
4500000000,81,1393,2,1,1,0,1,1,فردوسی
4120000000,85,1390,2,5,4,1,1,1,سید رضی
2000000000,100,1404,2,5,2,1,1,0,پنجتن
5100000000,97,1404,2,4,1,1,1,1,هفت تیر (آب و برق)
1380000000,100,1400,2,1,1,0,0,0,کشف
1550000000,100,1398,2,3,1,0,0,0,شهید جنگی
2450000000,100,1404,2,11,1,1,1,1,شهرک امام هادی (شهرک غرب)
2700000000,100,1397,2,2,2,1,1,1,امیر
4500000000,103,1396,2,4,4,1,1,1,الهیه
4680000000,104,1404,2,6,4,1,1,1,الهیه
4000000000,105,1398,2,2,2,1,1,1,جاهد شهر
2650000000,105,1402,2,11,3,1,1,0,شهرک امام هادی (شهرک غرب)
8800000000,107,1404,2,8,1,1,1,1,امام رضا (ع)
4200000000,108,1397,3,5,5,1,1,1,الهیه
4815000000,110,1400,2,3,3,1,1,1,الهیه
4400000000,110,1404,2,1,1,1,1,1,الهیه
2145000000,112,1403,2,3,3,0,1,1,کشف
5200000000,115,1404,2,6,2,1,1,1,جاهد شهر
3200000000,120,1390,2,3,1,0,0,1,شهرک رازی (شهرک غرب)
3300000000,115,1404,2,3,3,1,1,1,توس (بلوار توس)
3600000000,125,1380,2,3,1,0,1,1,حجاب (شهرک غرب)
5500000000,127,1401,2,5,5,1,1,1,الهیه
7980000000,130,1395,3,5,3,1,1,1,فارغ التحصیلان
6000000000,132,1402,3,4,3,1,1,1,مشکینی (شهرک غرب)
9000000000,135,1403,3,6,6,1,1,1,صیاد شیرازی
4000000000,138,1380,3,1,1,1,1,1,شهرک رازی (شهرک غرب)
2400000000,140,1403,3,2,2,0,1,1,توس (بلوار توس)
4500000000,140,1385,3,3,3,1,1,1,امامیه (شهرک غرب)
8000000000,140,1394,3,4,4,1,1,1,شریف
4600000000,145,1399,3,4,4,1,1,1,جانباز
4250000000,150,1398,2,4,4,1,1,1,جانباز
7550000000,150,1404,3,5,3,1,1,1,حسابی جنوبی (شهرک غرب)
9800000000,150,1404,3,1,1,1,1,1,آزادشهر
10000000,155,1404,3,3,3,1,1,1,سید رضی
4350000000,160,1401,3,5,5,1,1,1,عبادی
10700000000,160,1403,3,6,1,1,1,1,سید رضی
14400000000,160,1403,3,6,3,1,1,1,امام رضا (ع)
9000000000,175,1403,3,1,1,1,1,1,وکیل‌آباد
8800000000,200,1404,3,3,3,1,1,1,الهیه
6700000000,210,1385,4,4,4,1,1,0,زمرد
15500000000,230,1404,4,5,4,1,1,1,فارغ التحصیلان
66000000000,240,1404,3,17,12,1,1,1,کوثر
8000000000,140,1394,3,4,4,1,1,1,فارغ التحصیلان
1600000000,55,1403,2,2,2,0,0,1,شیرحصار
1450000000,55,1390,1,3,3,0,0,0,راه آهن
845000000,55,1399,1,0,0,0,0,1,حضرت حجت
2250000000,60,1385,1,4,2,0,1,1,هنرور
939000000,58,1404,1,3,3,1,0,1,حضرت حجت
2350000000,60,1395,1,2,2,1,1,0,الهیه
2950000000,70,1394,2,3,3,1,1,1,جاهد شهر
2500000000,70,1394,1,7,1,1,1,1,الهیه
4500000000,70,1391,2,3,1,1,1,0,امام رضا (ع)
950000000,72,1404,2,0,0,0,0,0,کشف
2500000000,72,1390,1,3,1,0,0,0,جاهد شهر
3700000000,72,1382,2,3,0,0,1,1,مشکینی (شهرک غرب)
1480000000,75,1399,2,2,2,1,1,1,پنجتن
2790000000,75,1404,1,5,0,1,1,1,الهیه
2600000000,73,1390,2,4,1,0,1,1,الهیه
1390000000,75,1403,2,2,2,0,1,0,کشف
770000000,75,1404,1,2,1,0,1,1,علی آباد
2150000000,75,1403,2,4,1,1,0,1,شهرک رازی (شهرک غرب)
2350000000,75,1395,2,4,2,0,1,1,شهرک رازی (شهرک غرب)
2100000000,75,1392,2,5,5,1,0,0,مشکینی (شهرک غرب)
3667000000,76,1390,2,4,3,1,1,1,صیاد شیرازی
3450000000,77,1391,2,3,3,1,1,1,چهارچشمه
2600000000,78,1390,2,2,2,0,1,1,جاهد شهر
1000000000,80,1398,2,1,1,0,0,1,شیرحصار
3670000000,82,1389,2,3,2,0,1,1,هنرستان
4100000000,81,1385,2,8,4,1,1,1,دانشجو
4070000000,81,1389,2,4,1,0,1,1,صیاد شیرازی
1760000000,83,1393,1,4,3,0,0,1,کوی سیدی
1140000000,84,1404,2,0,0,0,0,1,کشف
1350000000,85,1395,1,4,1,0,0,0,پنجتن
1510000000,85,1404,2,2,2,0,1,1,کشف
1300000000,85,1400,1,0,0,0,1,1,کشف
2950000000,85,1395,2,2,0,0,1,1,هفده شهریور
3700000000,89,1398,2,4,4,1,1,1,شهرک لشکر (شهرک غرب)
1650000000,90,1404,2,3,3,0,1,1,کشف
2850000000,95,1397,2,5,4,1,0,1,مشکینی (شهرک غرب)
3750000000,90,1382,2,3,2,0,1,1,امام رضا (ع)
2800000000,90,1394,2,10,2,1,1,0,مشکینی (شهرک غرب)
3800000000,90,1393,2,3,3,1,1,1,هفت تیر (آب و برق)
4860000000,92,1404,2,1,1,1,1,1,الهیه
1595000000,94,1403,2,3,3,0,1,1,کشف
1770000000,94,1403,2,2,2,0,1,1,کشف
5450000000,95,1404,2,3,3,1,1,1,الهیه
1900000000,95,1403,2,2,2,0,1,1,کشف
4050000000,96,1395,2,4,4,1,1,1,جاهد شهر
5600000000,98,1397,2,2,2,1,1,1,سید رضی
9420000000,156,1403,3,6,4,1,1,1,جاهد شهر
5000000000,75,1386,2,3,2,0,1,0,رضاشهر
1450000000,80,1398,1,3,3,0,0,0,شهرک بهارستان
12000000000,190,1403,3,2,2,1,1,1,اقبال
4200000000,90,1401,2,4,1,1,1,1,الهیه
2900000000,72,1402,2,3,3,1,1,1,الهیه
11055000000000,165,1404,3,6,6,1,1,1,آزادشهر
3900000000,110,1389,2,3,2,0,1,0,مشکینی (شهرک غرب)
6800000000,150,1387,3,4,1,0,1,1,آزادشهر
10680000000,120,1404,2,5,1,1,1,1,کوثر
6600000000,125,1393,3,4,2,1,1,1,هنرستان
3470000000,85,1389,2,3,3,1,1,1,حسابی جنوبی (شهرک غرب)
950000000,70,1401,1,2,1,0,0,0,یاغون آباد
2450000000,100,1399,2,5,1,1,1,0,نظام دوست
7450000000,120,1404,2,5,3,1,1,1,کارمندان دوم
9900000000,230,1401,3,6,6,1,1,1,هفده شهریور
1450000000,90,1404,2,1,1,1,1,1,رباط طرق
5500000000,105,1388,2,4,2,1,1,1,چهارچشمه
1550000000,105,1400,2,5,1,0,0,1,کشاورز
2340000000,75,1389,2,4,4,0,1,1,فرهنگیان (شهرک غرب)
2500000000,120,1404,3,5,5,1,1,1,هنرستان
49000,85,1390,2,4,3,0,1,1,شهید فرامرز عباسی
4700000000,85,1392,2,5,2,1,1,1,آزادشهر
2180000000,120,1404,2,6,5,1,0,0,کوی سیدی
1100000000,122,1400,2,0,0,0,1,1,کشف
3500000000,70,1395,2,3,1,1,1,1,دانش
4200000000,90,1392,2,2,1,0,1,1,چهارچشمه
1800000000,107,1402,2,2,2,1,0,0,مشهدقلی
600000000,120,1400,2,1,1,0,0,0,شهید بصیر
1800000000,95,1404,2,4,2,0,1,0,کشف
945000000,95,1401,1,4,4,0,0,1,توس (بلوار توس)
830000000,73,1398,1,3,1,0,0,1,کشف
6050000000,95,1388,2,4,1,0,1,1,امام رضا (ع)
14000000000,160,1401,3,5,2,1,1,1,کوثر
3500000000,125,1394,2,5,2,1,1,1,شهید مطهری
5660000000,140,1404,3,2,2,1,1,1,جاهد شهر
7100000000,120,1404,3,3,3,1,1,1,نیروی هوایی
5500000000,100,1380,2,3,1,0,1,0,امام خمینی
3850000000,90,1401,2,4,2,1,1,0,حسین‌آباد
7900000000,165,1404,3,5,4,1,1,1,جاهد شهر
1920000000,50,1385,1,3,3,0,0,0,جاهد شهر
8700000000,153,1403,3,6,4,1,1,1,هفت تیر (آب و برق)
1390000000,88,1393,2,2,1,0,0,0,سازمان آب
5000000000,95,1385,2,5,5,1,1,1,هفت تیر (حافظ)
2625000000,75,1386,2,4,4,0,1,1,تربیت (صدف)
2350000000,85,1394,2,5,5,1,0,1,مشکینی (شهرک غرب)
10080000000,144,1403,3,5,5,1,1,1,هفت تیر (حافظ)
4000000000,95,1399,2,4,1,1,1,1,استاد یوسفی (شهرک غرب)
14000000000,160,1404,3,5,5,1,1,1,هنرستان
10000000000,140,1398,3,3,4,1,1,1,هنرستان
7320000000,147,1392,3,4,4,1,1,1,رضاشهر
7000000000,138,1378,3,3,3,0,1,1,راهنمایی
2000000000,75,1394,2,3,1,0,0,1,عبادی
45000000000,360,1385,3,3,3,1,1,1,شهید بهشتی
5500000000,109,1392,2,5,5,1,1,1,سعد آباد
3420000000,75,1385,2,4,3,1,1,0,گوهرشاد
4000000000,75,1395,2,4,2,0,1,1,خرمشهر
2900000000,70,1396,2,3,0,1,0,1,امام رضا (ع)
5800000000,90,1393,2,3,2,1,1,1,امام رضا (ع)
7300000000,152,1402,4,1,1,0,1,1,عباس‌آباد
3500000000,85,1403,2,6,2,1,1,1,فرهنگیان (شهرک غرب)
12990000000,156,1404,3,6,4,1,1,1,سید رضی
7000000000,115,1380,2,8,8,1,1,1,گوهرشاد
6350000000,110,1390,2,4,4,1,1,1,نیروی هوایی
3920000000,88,1390,2,2,1,0,1,1,فرهنگیان (شهرک غرب)
5200000000,112,1395,2,3,3,1,1,1,الهیه
1450000000,70,1391,2,3,0,0,0,1,نوید
2500000000,100,1404,2,7,2,1,1,1,جانباز
11500000000,168,1397,3,5,2,1,1,1,کوه سنگی
9250000000,142,1399,3,6,6,1,1,1,رضاشهر
3750000000,85,1398,2,6,3,1,1,1,چهارچشمه
2600000000,100,1404,2,5,2,1,1,1,شهرک امام هادی (شهرک غرب)
1600000000,75,1385,1,3,1,0,0,0,یوسفیه (شهرک غرب)
1100000000,80,1400,2,2,2,0,0,0,طرق
500000000,75,1400,2,4,1,0,0,1,هنرستان
8700000000,150,1393,3,5,5,1,1,1,هفت تیر (حافظ)
3700000000,75,1381,2,3,3,0,1,0,زمانه
2300000000,75,1390,2,4,4,0,1,1,شهرک رازی (شهرک غرب)
8500000000,109,1404,2,2,2,1,1,1,امام رضا (ع)
19440000000,108,1403,2,1,1,0,1,1,منزل آباد
1200000000,75,1395,2,2,2,0,1,1,منزل آباد
8500000000,150,1404,3,6,1,1,1,1,سرافرازان
11000000000,172,1402,3,5,2,1,1,1,کوثر
5000000000,75,1387,2,2,2,1,1,1,کوثر
7000000000,132,1403,3,5,5,1,1,1,ایمان
850000000,80,1394,2,3,3,0,1,0,شهرآرا
6625000000,125,1400,2,5,4,1,1,1,رضاشهر
6625000000,125,1400,2,5,4,1,1,1,رضاشهر
5500000000,130,1400,2,6,6,1,1,1,جاهد شهر
730000000,70,1402,2,3,3,0,0,0,توس (بلوار توس)
3550000000,90,1389,2,3,2,0,1,1,شهرآرا
2850000000,75,1390,2,2,2,0,1,1,فرهنگیان (شهرک غرب)
2500000000,82,1393,2,2,2,1,1,1,الهیه
1550000000,90,1400,2,3,1,0,0,1,طبرسی شمالی
1195000000,80,1401,2,3,3,0,0,1,نظام دوست
6800000000,120,1375,2,3,1,0,1,0,راهنمایی
1200000000,75,1400,2,1,1,0,0,1,کشف
4700000000,107,1403,2,5,5,1,1,1,جاهد شهر
6500000000,150,1393,3,3,2,0,1,0,کوشش
4200000000,100,1388,2,5,0,1,1,1,بهاران
8500000000,120,1394,2,2,2,0,1,1,سجاد شهر
3300000000,100,1398,2,6,5,1,1,0,کوی المهدی
3550000000,75,1391,2,4,4,1,1,1,سعد آباد
4600000,95,1387,2,0,0,1,1,1,رضاشهر
2300000000,58,1393,1,5,3,1,1,1,ایثارگران
2500000000,84,1392,2,3,2,0,1,1,کوی ولیعصر
3780000000,108,1385,2,2,2,0,1,0,زمرد
2550000000,74,1396,2,4,3,1,1,1,جاهد شهر
550000000,60,1404,1,5,5,0,0,1,رباط طرق
2450000000,65,1391,2,4,4,0,1,0,رضاییه
4100000000,115,1400,2,4,1,1,1,1,هنرور
4500000000,118,1400,3,5,4,1,1,1,انقلاب
7000000000,143,1385,3,2,1,0,1,0,کوشش
6080000000,141,1403,3,5,1,1,1,1,مقدم
3800000000,90,1392,1,3,3,0,1,0,توس (بلوار توس)
10500000000,150,1404,3,3,3,1,1,1,سید رضی
1450000000,65,1401,1,4,4,0,0,0,شهرک بهارستان
41000000000,320,1404,4,6,4,1,1,1,سجاد شهر
4400000000,100,1397,2,4,4,1,1,1,الهیه
10850000000,155,1404,3,6,6,1,1,1,سید رضی
2900000000,130,1404,2,4,4,1,1,0,پنجتن
1400000000,110,1401,2,1,1,0,0,1,طرق
950000000,105,1404,2,0,0,0,1,1,شهرک مهرگان
800000000,95,1404,2,1,1,0,1,0,شهرک مهرگان
1300000000,85,1396,2,1,1,0,1,1,شهرک مهرگان
4200000000,90,1402,2,5,2,1,1,1,چهنو
950000000,75,1403,1,3,0,0,0,0,مهدی آباد (بلوار توس)
2500000000,135,1404,2,5,4,1,1,0,پنجتن
5600000000,105,1393,2,5,2,1,1,1,صیاد شیرازی
2800000000,78,1395,2,2,2,0,1,1,حسین‌آباد
3650000000,100,1404,2,4,3,1,1,1,الهیه
4100000000,85,1387,2,3,1,0,1,1,هفت تیر (حافظ)
4600000000,100,1404,2,2,2,1,1,1,شهرک لشکر (شهرک غرب)
2900000000,110,1404,2,2,2,1,0,1,سرافرازان
8100000000,141,1395,3,4,4,1,1,1,فارغ التحصیلان
8700000000,160,1404,3,4,4,1,1,1,هفت تیر (حافظ)
20000000000,175,1404,3,2,2,1,1,1,احمدآباد
1700000000,53,1403,2,2,2,0,0,0,شهید بهشتی
4500000000,95,1404,2,2,2,1,1,1,جاهد شهر
14000000000,161,1402,3,6,6,1,1,1,فرهنگ
2870000000,105,1404,2,2,2,1,1,1,شهرک مهر آباد
7800000000,140,1403,3,2,2,1,1,1,هفت تیر (نه دره)
10250000000,150,1404,3,6,3,1,1,1,چهارچشمه
7800000000,150,1404,3,2,2,1,1,1,نیروی هوایی
12000000000,160,1404,3,6,2,1,1,1,سناباد
4100000000,120,1404,2,4,4,1,1,1,کوی ولیعصر
5360000000,80,1404,2,6,1,1,1,1,کلاهدوز
6975000000,93,1402,2,5,2,1,1,1,رضاشهر
1630000000,80,1403,2,4,3,0,0,1,بلال
2500000000,105,1404,2,4,2,1,1,1,شهید قربانی
2800000000,85,1404,2,4,4,1,1,0,وکیل‌آباد
3200000000,126,1404,2,6,3,1,1,1,خواجه ربیع
3300000000,110,1404,2,8,6,1,1,1,جانباز
6200000000,135,1390,3,3,2,1,1,1,هفت تیر (حافظ)
4600000000,80,1390,2,4,4,1,1,1,شهرآرا
2500000000,100,1403,2,2,2,1,1,1,نظام دوست
1760000000,110,1403,2,2,2,1,0,1,رده
1200000000,75,1403,2,3,3,0,0,1,شهید قربانی
1450000000,50,1400,1,1,1,0,0,1,انقلاب
1120000000,65,1404,1,2,2,0,0,1,نظام دوست
1200000000,78,1390,2,2,2,0,1,0,کلاته برفی
1320000000,75,1395,2,3,3,0,0,0,رده
1350000000,61,1390,1,2,0,0,0,1,وحید
1550000000,100,1390,2,0,0,0,1,0,نظام دوست
4400000000,85,1390,2,3,1,0,1,1,رضاشهر
1620000000,85,1393,1,4,2,0,0,0,طبرسی شمالی
2050000000,125,1398,2,4,4,0,1,1,شفا
7400000000,130,1404,2,2,2,1,1,1,ویلاشهر
1380000000,70,1401,1,5,3,1,0,0,ایثار
2700000000,82,1398,2,2,2,0,1,1,شفا
1660000,64,1395,1,4,1,0,0,1,رستگار
4100000000,100,1404,2,5,5,1,1,1,امیریه
3720000000,101,1387,2,3,1,0,1,1,زمرد
3750000000,82,1391,2,2,2,1,1,1,حسابی جنوبی (شهرک غرب)
4180000000,90,1404,2,5,2,1,1,1,شهرک لشکر (شهرک غرب)
16000000000,160,1404,3,2,2,1,1,1,فلسطین
850000000,60,1402,1,4,2,0,1,1,نوده
5300000000,115,1387,2,6,6,1,1,0,فرهنگ
15100000000,155,1404,3,6,4,1,1,1,فرهنگ
11560000000,170,1404,3,6,1,1,1,1,شریف
1150000000,75,1397,2,1,1,0,1,1,شهرک مهرگان
4500000000,100,1400,2,5,2,1,1,1,شهرک لشکر (شهرک غرب)
14500000000,165,1397,3,5,1,1,1,1,فلسطین
2720000000,78,1396,2,4,2,1,1,1,الهیه
2700000000,82,1395,2,6,4,1,1,1,جاهد شهر
38000000000,305,1403,4,6,6,1,1,1,احمدآباد
4200000000,106,1402,2,4,6,1,1,1,الهیه
6000000000,124,1388,2,4,1,1,1,1,هفت تیر (حافظ)
1700000000,65,1388,1,2,2,0,0,1,گلبرگ شمالی
3000000000,125,1396,2,5,5,1,0,1,نکاح
1900000000,112,1404,2,3,3,0,0,1,کلاته برفی
4800000000,100,1404,2,6,2,1,1,1,امیریه
6200000000,167,1403,3,5,3,1,1,1,جاهد شهر
12400000000,160,1404,3,1,1,1,1,1,فرهنگ
24000000000,400,1403,4,4,4,1,1,1,امام رضا (ع)
20000000000,258,1403,4,6,1,1,1,1,چهارچشمه
5350000000,107,1383,3,4,4,0,1,1,سعد آباد
4000000000,80,1388,2,4,1,1,1,1,نیروی هوایی
8250000000,115,1394,2,4,3,1,1,1,ده دی
1850000000,65,1402,2,1,1,0,0,0,محمدآباد
19000000000,165,1404,3,6,5,1,1,1,فرهنگ
4200000000,86,1389,2,4,4,1,1,1,هفت تیر (نه دره)
1000000000,80,1393,1,1,1,0,0,0,حضرت حجت
2000000000,70,1402,2,2,2,0,0,1,وحید
5980000000,122,1395,3,4,1,1,1,1,شهید فرامرز عباسی
8000000000,157,1385,3,4,0,1,1,1,احمدآباد
1580000000,120,1403,2,3,3,0,0,0,منزل آباد
3000000000,120,1401,2,1,1,1,1,1,چهارچشمه
2800000000,95,1394,1,2,0,0,0,1,موسوی قوچانی
7200000000,180,1388,4,1,1,1,1,1,خاتم الانبیا
5400000000,53,1396,1,1,1,1,1,1,امام رضا (ع)
2990000000,86,1395,2,3,3,1,1,1,حسین‌آباد
2600000000,100,1390,2,1,1,0,0,0,رسالت
3700000000,115,1402,2,5,4,1,1,1,حسین‌آباد
3850000000,70,1386,2,0,0,0,1,1,رضاشهر
1600000000,55,1390,1,4,0,0,0,0,طلاب
780000000,40,1395,1,0,0,0,0,1,یوسفیه (شهرک غرب)
6800000000,80,1402,2,4,1,1,1,1,عنصری
7800000000,150,1403,3,6,5,1,1,1,امام رضا (ع)
6990000000,125,1402,3,4,2,1,1,1,امام خمینی
11200000000,173,1403,3,2,2,1,1,1,سناباد
7560000000,122,1403,3,6,2,1,1,1,هفت تیر (آب و برق)
1950000000,100,1400,2,4,1,1,0,0,ایثارگران
1650000000,90,1404,2,6,4,1,0,0,طبرسی شمالی
3900000000,100,1404,2,5,1,1,1,1,الهیه
5800000000,100,1404,2,10,3,1,1,1,آبادگران
8000000000,120,1403,2,6,3,1,1,1,هفده شهریور
6850000000,140,1400,3,6,3,1,1,1,امام رضا (ع)
5999000000,165,1402,3,6,3,1,1,1,طلاب
1345000000,75,1404,2,3,3,0,0,0,نظام دوست
5280000000,80,1403,2,6,4,1,1,1,هفده شهریور
5040000000,84,1403,2,5,2,1,1,0,سعد آباد
9200000000,140,1404,3,5,5,1,1,1,کوشش
8600000000,160,1404,3,4,4,1,1,1,بهاران
16000000000,170,1404,3,6,6,1,1,1,بهشت
2150000000,105,1398,2,2,2,1,1,1,نوید
1200000000,112,1403,2,5,5,1,0,1,قائم
7400000000,110,1404,2,2,2,1,1,1,نیروی هوایی
14600000000,176,1404,3,7,4,1,1,1,نیروی هوایی
3700000000,90,1396,2,1,1,1,1,1,جاهد شهر
1200000000,117,1404,2,3,1,1,1,1,کشف
1000000,155,1404,3,4,4,1,1,1,حرم مطهر رضوی
1100000000,80,1395,1,3,1,0,0,0,شهرک امام هادی (شهرک غرب)
3600000000,80,1387,2,4,3,0,1,1,هفت تیر (آب و برق)
6500000000,120,1394,3,4,0,0,1,1,رضاشهر
1250000000,75,1398,2,2,0,0,0,0,کشف
1170000000,60,1392,1,4,0,0,0,0,یوسفیه (شهرک غرب)
4100000000,85,1385,2,3,0,0,1,1,آزادشهر
1900000000,125,1395,2,3,0,0,0,1,شهرک بهارستان
2100000000,100,1404,2,0,0,0,1,1,ایثارگران
2450000000,110,1393,2,6,0,1,0,1,امیر
5800000000,128,1377,2,0,0,0,1,0,کلاهدوز
1070000000,60,1393,1,3,0,0,0,0,شهرک امام هادی (شهرک غرب)
4300000000,120,1404,3,6,6,1,1,0,فاطمیه
6800000000,151,1393,3,5,5,1,1,1,خاتم الانبیا
35000000000,160,1390,3,4,4,0,1,1,زمرد
2250000000,77,1399,2,1,1,1,1,0,مشکینی (شهرک غرب)
1300000000,60,1394,1,3,1,0,0,1,وکیل‌آباد
13500000000,162,1403,3,2,2,1,1,1,فرهنگ
33000000000,300,1388,3,2,2,1,1,1,کوثر
1300000,90,1398,2,4,4,0,0,0,توس (بلوار توس)
5600000000,100,1384,2,1,1,1,1,1,کلاهدوز
5900000000,120,1383,2,3,3,1,1,1,نیروی هوایی
1350000000,85,1400,1,1,1,0,0,1,توس (بلوار توس)
970000000,75,1398,1,3,1,0,0,1,توس (بلوار توس)
13600000000,175,1404,3,6,1,1,1,1,آزادشهر
1600000000,55,1393,1,4,1,0,0,1,رستگار
9300000000,157,1404,3,6,6,1,1,1,کلاهدوز
4000000000,90,1396,2,5,4,1,1,1,چهارچشمه
1650000000,75,1390,2,5,3,0,0,0,کوی ولیعصر
1050000000,82,1395,2,1,1,1,1,1,توس (بلوار توس)
1680000000,95,1404,2,2,2,0,1,1,امیریه
1800000000,95,1397,2,3,3,0,1,1,بلال
1350000000,95,1392,1,2,2,0,0,1,خواجه ربیع
90000000000,1500,1404,2,4,4,1,1,1,الهیه
1350000000,65,1401,1,4,3,0,0,0,شفا
2550000000,100,1397,2,3,3,0,0,0,شهید بهشتی
3300000000,100,1395,2,2,2,0,0,1,موسوی قوچانی
4100000000,100,1387,2,4,2,0,1,1,تربیت (صدف)
7200000000,100,1404,2,5,2,1,1,1,شریف
2500000000,100,1394,2,5,5,1,1,1,الهیه
5500000000,100,1394,2,4,2,1,1,1,زمانه
1100000000,100,1404,2,4,2,0,0,1,توس (بلوار توس)
8200000000,100,1404,2,1,1,1,1,1,امام رضا (ع)
8000000000,100,1404,2,6,2,1,1,1,امام رضا (ع)
1395000000,100,1398,2,4,3,0,0,1,سپاد
1590000000,100,1398,2,3,3,0,0,1,شفا
1280000000,100,1400,2,4,3,0,0,0,طبرسی شمالی
4700000000,100,1385,2,3,2,0,1,1,سناباد
3980000000,100,1394,2,5,5,1,1,1,الهیه
4250000000,100,1398,2,4,1,1,1,1,الهیه
1530000000,100,1390,1,4,2,0,0,1,شهرک بهارستان
4800000000,100,1382,2,1,1,0,1,0,هفده شهریور
5700000000,100,1402,2,6,1,1,1,1,تربیت (صدف)
2250000000,100,1403,2,5,2,1,1,1,توس (بلوار توس)
1640000000,100,1402,2,3,3,1,1,1,توس (بلوار توس)
5000000000,100,1385,1,2,2,0,0,1,شهید آوینی
1130000000,100,1404,1,4,4,1,0,1,طبرسی شمالی
990000000,100,1390,1,1,1,0,0,0,کشف
5000000000,100,1403,2,5,1,1,1,1,عبادی
3500000000,100,1395,2,4,4,1,1,1,الهیه
3800000000,100,1396,2,4,4,1,1,1,الهیه
3400000000,100,1404,2,3,1,1,0,1,امام خمینی
3300000000,100,1403,2,7,4,1,1,1,امیر
1700000000,100,1403,2,2,2,1,1,1,توس (بلوار توس)
4750000000,100,1398,2,5,4,1,1,1,جاهد شهر
6800000000,100,1404,2,4,2,1,1,1,سناباد
2100000000,100,1391,2,4,4,0,0,1,شهید مطهری
2150000000,100,1404,2,6,5,1,1,0,توس (بلوار توس)
5500000000,100,1391,2,1,1,1,1,1,هفت تیر (آب و برق)
2100000000,100,1395,2,4,4,1,1,1,طبرسی شمالی
2900000000,100,1404,2,5,2,1,1,1,مشکینی (شهرک غرب)
6200000000,95,1404,2,4,2,1,1,1,نیروی هوایی
4400000000,100,1397,2,4,4,1,1,1,هنرستان
7500000000,100,1404,2,6,4,1,1,1,کوه سنگی
1510000000,100,1404,2,4,4,1,1,1,کوی دروی
1870000000,100,1404,2,3,3,1,1,1,نظام دوست
2810000000,95,1404,2,4,1,0,1,1,گاز
1700000000,100,1392,2,3,3,0,0,0,ایثارگران
990000000,100,1402,2,3,3,0,0,0,شهرک امام هادی (شهرک غرب)
1250000000,100,1402,2,3,3,0,1,0,رباط طرق
4700000000,100,1388,2,4,3,0,1,1,هفت تیر (حافظ)
4600000000,100,1400,2,3,3,0,1,1,چهارچشمه
780000000,100,1404,2,4,4,0,1,1,حضرت حجت
2760000000,100,1392,2,4,4,0,1,1,شهید مطهری
1500000000,100,1399,2,3,2,0,0,1,پنجتن
1900000000,100,1403,2,0,0,0,1,0,جوادیه
5750000000,100,1390,2,3,3,1,1,1,آزادشهر
1300000000,100,1394,2,5,4,0,0,0,شهرک رازی (شهرک غرب)
5500000000,100,1390,2,1,1,1,1,1,هفت تیر (آب و برق)
5000000000,100,1403,2,2,2,1,1,1,مقدم
6600000000,102,1397,2,4,2,1,1,1,گوهرشاد
4600000000,102,1394,2,4,3,1,1,1,تربیت (صدف)
4100000000,102,1397,2,6,6,1,1,1,الهیه
1450000000,102,1403,2,4,4,1,0,0,پنجتن
4400000000,103,1399,2,4,2,1,1,1,جاهد شهر
3950000000,103,1380,2,0,0,0,1,1,جنت
4950000000,105,1402,2,3,3,1,1,1,شهرک لشکر (شهرک غرب)
5500000000,103,1401,2,5,1,1,1,1,کلاهدوز
2300000000,104,1398,2,6,6,1,0,1,امیر
5200000000,104,1385,2,4,4,1,1,1,آیت الله کاشانی
3500000000,104,1395,3,3,1,0,0,1,عبادی
4200000000,105,1401,2,2,2,1,1,1,الهیه
5400000000,105,1397,2,3,3,1,1,1,اقبال
5000000000,105,1386,2,3,3,1,1,1,اقبال
6300000000,105,1393,2,5,5,1,1,1,آزادشهر
2550000000,105,1404,2,5,5,1,1,1,امیر
2550000000,105,1404,2,5,5,1,1,1,امیر
2570000000,105,1394,2,3,3,1,1,1,الهیه
4500000000,105,1401,2,5,5,1,1,1,الهیه
7450000000,105,1399,2,5,2,1,1,1,سلام
1550000000,105,1404,2,5,1,1,1,1,رسالت
6000000000,105,1385,2,4,2,1,1,1,سناباد
2045000000,105,1403,2,5,5,1,0,0,شهرک بهارستان
3360000000,105,1401,2,4,2,1,1,1,شهید مطهری
2930000000,105,1401,2,6,4,1,1,1,طلاب
5300000000,105,1392,2,4,1,1,1,1,هفت تیر (حافظ)
1500000000,105,1404,2,2,2,0,0,1,کشف
3600000000,105,1401,2,11,4,1,1,1,کوی المهدی
2490000000,105,1400,2,1,1,1,1,1,گلبرگ
2570000000,105,1395,2,3,3,1,1,0,الهیه
2500000000,105,1394,2,3,3,1,1,1,الهیه
2000000000,105,1393,2,3,2,0,0,0,کوی سیدی
2880000000,105,1400,2,5,5,1,1,1,شهید مطهری
5750000000,105,1391,2,7,4,1,1,1,هفت تیر (آب و برق)
29000000000,105,1404,3,5,5,1,1,1,رسالت
4500000000,105,1387,3,3,2,0,0,0,شهید رضوی
4500000000,105,1387,3,3,2,0,0,1,آزادشهر
3200000000,106,1376,2,0,0,0,1,1,ادیب نیشابوری (شهرک غرب)
3199000000,106,1385,3,8,1,1,1,1,شاهد (شهرک غرب)
4180000000,106,1402,2,5,5,1,1,1,الهیه
4600000000,106,1400,2,4,3,1,1,1,الهیه
4400000000,107,1394,2,4,4,1,1,1,جاهد شهر
3480000000,107,1387,2,4,4,1,1,1,مشکینی (شهرک غرب)
4300000000,107,1396,2,5,5,1,1,1,الهیه
5500000000,107,1394,2,5,3,1,1,1,شهرآرا
4900000000,107,1394,2,4,4,1,1,1,صیاد شیرازی
2000000,107,1404,2,4,4,1,1,1,توس (بلوار توس)
4600000000,107,1401,2,3,3,1,1,1,الهیه
4250000000,107,1396,2,4,3,1,1,1,جاهد شهر
5500000000,108,1404,2,4,4,1,1,1,استاد یوسفی (شهرک غرب)
5300000000,108,1404,2,4,4,1,1,1,هفت تیر (آب و برق)
4200000000,108,1404,2,6,3,1,1,1,الهیه
3500000000,108,1404,2,2,2,1,1,1,الهیه
3680000000,108,1395,2,2,2,1,1,1,الهیه
1000,108,1396,2,1,1,1,1,1,مقدم
4400000000,109,1396,2,5,1,1,1,0,جاهد شهر
2980000000,109,1390,3,4,2,0,1,1,امیریه
4400000000,109,1396,2,5,1,1,1,1,الهیه
4650000000,109,1400,2,4,3,1,1,1,الهیه
5400000000,109,1394,2,5,2,1,1,0,حرم مطهر رضوی
3800000000,109,1396,2,4,2,1,1,1,الهیه
4080000000,110,1388,2,2,2,0,1,1,هفت تیر (آب و برق)
4300000000,110,1404,2,7,1,1,1,1,شهرک رازی (شهرک غرب)
6000000000,110,1399,2,4,4,1,1,1,کوه سنگی
4650000000,110,1384,2,2,2,0,1,1,جنت
7300000000,110,1404,2,6,5,1,1,1,اقبال
7700000000,110,1404,3,6,1,1,1,1,صیاد شیرازی
3300000000,110,1400,2,1,1,1,1,0,حسین‌آباد
4500000000,110,1389,2,2,2,1,1,1,اقبال
4549000000,110,1403,2,3,3,1,1,1,الهیه
4800000000,110,1392,2,4,4,1,1,1,اقبال
4350000000,110,1389,2,5,1,1,1,1,اقبال
2980000000,110,1398,2,5,1,1,1,1,وکیل‌آباد
5550000000,110,1387,2,4,2,1,1,1,شهید فرامرز عباسی
3730000000,110,1388,2,4,2,0,1,1,حسابی جنوبی (شهرک غرب)
5500000000,110,1403,2,1,1,1,1,1,شاهد (شهرک غرب)
5000000000,110,1398,2,4,4,1,1,1,الهیه
1650000000,110,1404,2,2,1,0,0,1,هفت تیر (نه دره)
3300000000,110,1404,2,6,6,1,1,1,عبادی
750000,110,1403,2,2,0,0,1,1,رسالت
4300000000,110,1396,2,4,2,1,1,1,الهیه
2400000000,110,1403,2,0,0,1,0,1,عامل
3630000000,110,1404,2,6,2,1,1,1,امیر
3000000000,110,1395,2,5,5,1,1,0,عبادی
3200000000,110,1400,2,20,1,1,1,1,وکیل‌آباد
4700000000,110,1402,2,5,4,1,1,1,امیریه
4400000000,112,1403,2,6,2,1,1,1,امیریه
1000000000,110,1404,2,5,5,1,1,0,توس (بلوار توس)
2900000000,110,1397,2,5,2,1,0,1,هنرور
1799000000,110,1391,2,4,4,0,0,1,شهید مطهری
1600000000,130,1395,1,3,3,0,0,1,توس (بلوار توس)
4100000000,110,1394,2,5,5,1,1,1,سرافرازان
4250000000,111,1402,2,6,3,1,1,1,الهیه
4300000000,112,1404,2,4,4,1,1,1,الهیه
5220000000,112,1400,2,5,2,1,1,1,الهیه
5300000000,113,1385,2,4,1,1,1,1,شهید هاشمی نژاد
4550000000,113,1395,3,4,2,1,1,1,موسوی قوچانی
3150000000,114,1404,2,5,5,1,1,1,شهید مطهری
6000000000,114,1403,2,8,8,1,1,1,سرافرازان
2850000000,115,1403,2,1,1,1,1,1,شهرک امام هادی (شهرک غرب)
2850000000,115,1404,2,3,3,1,1,0,شهرک امام هادی (شهرک غرب)
1750000000,115,1395,2,4,0,0,1,1,حضرت حجت
2200000000,115,1404,2,5,2,1,1,1,حضرت حجت
4800000000,115,1384,3,3,3,0,1,1,خرمشهر
5550000000,115,1403,2,5,3,1,1,1,جاهد شهر
6200000000,115,1398,2,5,5,1,1,0,هفده شهریور
1950000000,115,1397,2,2,0,0,1,0,توس (بلوار توس)
2650000000,115,1403,2,5,4,1,1,1,طبرسی شمالی
4945000000,115,1404,2,3,3,1,1,1,الهیه
5550000000,115,1404,2,5,5,1,1,1,الهیه
2350000000,115,1394,2,3,3,0,0,1,چهارچشمه
2700000000,115,1404,2,0,0,0,1,1,شهرک مهر آباد
1900000000,115,1400,2,3,3,0,0,1,رستگار
5750000000,115,1386,3,3,1,0,1,1,کوثر
5200000000,115,1389,3,4,4,0,1,1,صیاد شیرازی
3780000000,115,1404,2,6,1,1,1,0,طلاب
7540000000,116,1391,2,4,3,1,1,1,کوه سنگی
3100000000,116,1400,2,3,2,0,0,1,عبادی
7130000000,116,1403,3,3,3,1,1,1,امام رضا (ع)
4500000000,117,1396,2,5,1,1,1,1,الهیه
5000000000,117,1382,2,4,3,0,1,1,ارشاد
5500000000,117,1404,2,6,6,1,1,1,شهرک لشکر (شهرک غرب)
4500000000,117,1376,2,3,1,0,1,1,گلبرگ
4900000000,117,1383,2,4,4,0,1,1,ارشاد
4500000000,117,1396,2,3,3,1,1,1,الهیه
5900000000,117,1400,2,6,2,1,1,1,شهید بهشتی
3978000000,117,1375,2,3,3,0,1,0,کلاهدوز
5600000000,117,1400,2,0,0,1,1,1,الهیه
4900000000,117,1391,3,5,1,1,1,1,سمزقند
7990000000,133,1404,2,6,6,1,1,1,صیاد شیرازی
2500000000,118,0,2,2,2,0,0,1,موعود
5180000000,119,1380,2,5,2,1,1,1,نیروی هوایی
5250000000,118,1395,3,4,2,1,1,1,نرگس (شهرک غرب)
9000000000,120,1402,2,7,7,1,1,1,حرم مطهر رضوی
3650000000,120,1404,2,6,2,1,1,1,هدایت
6000000000,120,1380,2,4,4,1,1,1,کوثر
3500000000,120,1395,2,4,4,1,1,1,موسوی قوچانی
6600000000,120,1404,2,3,3,1,1,1,الهیه
5300000000,120,1390,2,2,2,0,1,1,هنرستان
1950000000,121,1394,2,2,1,0,0,1,توس (بلوار توس)
3200000000,120,1403,2,8,8,1,0,1,جانباز
6000000000,120,1392,2,10,8,1,1,1,جاهد شهر
3650000000,120,1404,2,4,1,1,1,1,سجادیه
4850000000,120,1402,2,5,1,1,1,1,سرافرازان
7560000000,120,1404,2,6,6,1,1,1,الهیه
9000000000,120,1403,2,5,5,1,1,1,کوثر
2200000000,120,1401,2,1,1,0,0,1,حضرت حجت
2900000000,120,1394,2,2,2,0,1,1,توس (بلوار توس)
1800000000,120,1400,2,4,3,0,0,0,ایثارگران
4400000000,120,1400,2,5,5,1,1,1,حسین‌آباد
4950000000,120,1392,2,2,2,0,1,1,کوه سنگی
2800000000,120,1400,3,0,0,1,0,1,شهید مطهری
2500000000,120,1402,2,3,3,0,0,0,هفت تیر (نه دره)
6000000000,120,1379,3,3,3,0,1,1,دانشجو
3500000000,120,1380,2,3,2,0,1,1,شهرک رازی (شهرک غرب)
3600000000,120,1393,2,6,2,1,1,1,کوی المهدی
6600000000,121,1401,2,4,2,1,1,1,کوثر
5400000000,121,1394,3,1,1,1,1,1,صیاد شیرازی
3950000000,123,1404,2,5,5,1,1,1,جانباز
7850000000,125,1404,3,5,3,1,1,1,اقبال
3750000000,125,1404,2,6,1,1,1,1,امیر
7000000000,125,1396,2,4,2,1,1,1,سرافرازان
2650000000,125,1404,2,3,3,0,1,1,نظام دوست
3200000000,125,1404,2,5,5,1,1,1,عسگریه
10000000000,125,1396,2,5,1,0,1,1,کوثر
6240000000,120,1404,3,4,1,1,1,1,مصلی (کارمندان اول)
11250000000,125,1404,2,5,3,1,1,1,امام رضا (ع)
8900000000,125,1403,2,1,1,1,1,1,فارغ التحصیلان
2000000000,125,1399,1,2,2,0,0,1,شهرک رازی (شهرک غرب)
3500000000,135,1397,2,6,6,1,1,1,جانباز
6625000000,125,1402,2,5,4,1,1,1,راه آهن
5700000000,120,1404,2,3,3,1,1,1,وکیل‌آباد
6000000000,125,1388,2,1,1,1,1,1,نیروی هوایی
6700000000,125,1395,2,1,1,1,1,1,هنرستان
3100000000,125,1397,2,4,4,0,1,0,طلاب
4500000000,125,1404,2,6,5,1,1,1,طلاب
1700000000,125,1398,2,3,3,0,0,0,خواجه ربیع
3125000000,125,1402,3,4,3,1,1,1,بلال
7000000000,125,1398,3,4,4,1,1,1,شهید هاشمی نژاد
6850000000,125,1393,3,4,1,0,1,1,سید رضی
2300000000,125,1396,2,5,3,0,0,1,ایثارگران
5900000000,125,1376,3,2,2,0,1,1,بهاران
4480000000,128,1403,2,6,6,1,1,1,جانباز
6050000000,128,1401,3,4,2,1,1,1,جاهد شهر
3500000000,130,1403,2,5,3,1,1,0,توس (بلوار توس)
2000000000,131,1404,3,3,3,1,1,1,امیریه
5600000000,130,1403,3,3,3,1,1,1,الهیه
5100000000,130,1390,2,4,4,1,1,1,امام خمینی
7500000000,130,1388,3,4,4,1,1,1,امام خمینی
2900000000,130,1403,3,2,1,1,0,1,امیر
2800000000,130,1400,2,5,3,1,1,1,توس (بلوار توس)
3900000000,130,1403,2,8,2,1,1,1,جانباز
2500000,130,1403,2,5,2,1,1,0,پنجتن
2850000000,130,1404,2,1,1,1,1,1,کشاورز
2450000000,130,1403,2,6,4,1,1,1,کشاورز
6500000000,130,1388,2,3,2,1,1,1,کوه سنگی
4100000000,130,1404,2,7,4,1,1,1,امیر
4450000000,130,1398,2,5,1,1,1,1,امیر
3700000000,130,1398,2,5,5,1,1,1,جانباز
4000000000,130,1404,3,7,4,1,1,1,امیر
6200000000,130,1402,3,8,2,1,1,1,الهیه
4300000000,130,1403,3,7,3,1,1,0,طلاب
2800000000,130,1404,3,6,3,1,1,0,پنجتن
9000000000,130,1394,2,5,1,1,1,1,هفت تیر (حافظ)
5550000000,130,1388,2,3,1,0,1,1,رضاشهر
14000000000,135,1402,2,0,0,1,1,1,سجاد شهر
6200000000,135,1396,3,5,1,1,1,1,شهرآرا
5630000000,135,1404,3,1,1,1,1,1,الهیه
2400000000,135,1403,2,4,4,1,1,0,پنجتن
8850000000,135,1403,3,6,6,1,1,1,صیاد شیرازی
6500000000,135,1393,3,4,3,1,1,1,شریف
5300000000,135,1384,3,9,3,1,1,1,آبادگران
5500000000,135,1400,3,2,2,1,1,1,نرگس (شهرک غرب)
12000000000,135,1390,2,4,2,1,1,1,سجاد شهر
4600000000,135,1404,2,12,3,1,1,1,هنرور
6000000000,135,1395,2,1,1,0,1,1,کلاهدوز
3600000000,135,1380,2,4,2,0,0,0,عبادی
47000000000,135,1401,3,1,1,1,1,1,طلاب
7700000000,135,1396,3,14,1,1,1,1,رضاشهر
6000000000,135,1375,3,1,1,0,1,0,آزادشهر
5450000000,135,1381,3,4,4,0,1,1,احمدآباد
6250000000,135,1404,3,5,2,1,1,1,الهیه
5890000000,135,1403,3,5,2,1,1,1,الهیه
5400000000,135,1402,3,2,2,1,1,1,عبادی
5500000000,135,1403,3,5,2,1,1,1,نرگس (شهرک غرب)
5800000000,136,1403,2,6,3,1,1,1,الهیه
3600000000,138,1394,2,4,4,1,1,1,نکاح
8500000000,138,1403,3,5,3,1,1,1,عبادی
4587000000,139,1401,3,3,3,1,1,1,طلاب
11500000000,140,1404,3,6,4,1,1,1,صیاد شیرازی
7600000000,140,1396,3,2,2,1,1,1,اقبال
4500000000,140,1404,2,6,2,1,1,1,گاز
3980000000,140,1397,2,5,5,1,1,1,هدایت
4400000000,140,1403,3,6,3,1,1,1,امیر
3950000000,140,1403,2,7,7,1,1,0,طبرسی شمالی
5000000000,140,1402,3,1,1,1,1,1,حسین‌آباد
4200000000,140,1397,3,3,3,0,1,1,چهارچشمه
14200000000,140,1404,3,6,2,1,1,1,احمدآباد
8420000000,140,1393,3,3,3,1,1,1,کوثر
8000000000,140,1392,2,4,2,1,1,1,ارشاد
3450000000,140,1404,2,5,5,1,0,1,شهید مطهری
3400000000,140,1403,2,5,5,1,0,0,شهید مطهری
6200000000,140,1402,2,6,0,1,1,1,الهیه
10500000000,140,1404,3,6,1,1,1,1,امام رضا (ع)
1000,140,1404,3,6,3,1,1,1,الهیه
5950000000,140,1404,3,7,7,1,1,1,شاهد (شهرک غرب)
8000000000,140,1394,3,4,4,1,1,1,شریف
7800000000,140,1395,3,5,2,1,1,1,اقبال
11200000000,140,1403,2,6,4,1,1,1,کوثر
10000000000,142,1403,3,5,5,1,1,1,شهرآرا
4100000000,145,1404,2,5,5,1,1,1,گلبرگ
6200000000,145,1403,3,6,4,1,1,1,شهرک رازی (شهرک غرب)
8200000000,145,1388,3,5,5,1,1,1,فرهنگ
4100000000,145,1402,2,8,7,1,1,1,جانباز
7500000000,145,1388,3,1,1,0,1,1,کوثر
5700000000,145,1395,3,2,2,1,1,1,جانباز
8300000000,147,1391,3,4,3,1,1,1,سید رضی
8500000000,150,1404,3,5,4,1,1,1,هفت تیر (آب و برق)
11000000000,150,1404,3,6,2,1,1,1,فرهنگ
9400000000,150,1403,3,6,6,1,1,1,سید رضی
19200000000,150,1393,3,0,0,1,1,1,ملک‌آباد
4550000000,140,1400,3,2,2,0,0,1,چهنو
530000000,150,1403,2,3,3,1,1,1,طلاب
5850000000,150,1403,3,3,3,1,1,1,الهیه
4400000000,150,1404,3,1,1,1,1,1,امیر
4950000000,150,1404,3,6,3,1,1,1,حسین‌آباد
2500000000,150,1398,3,2,2,0,0,1,طبرسی شمالی
100000,150,1404,3,7,4,1,1,0,کوی سیدی
530000000,150,1401,3,1,1,1,1,1,طلاب
4230000000,150,1401,2,4,4,1,1,1,جانباز
7200000000,150,1402,3,5,5,1,1,1,استاد یوسفی (شهرک غرب)
4500000000,150,1403,3,3,3,1,1,1,امیر
6500000000,152,1387,3,5,3,0,1,1,فرهنگ
7500000000,152,1395,3,3,3,1,1,1,امام رضا (ع)
5800000000,152,1401,3,3,3,1,1,1,الهیه
7500000000,152,1402,3,6,4,1,1,1,شهرک رازی (شهرک غرب)
3700000000,153,1404,3,6,3,1,1,1,نوید
11800000000,153,1383,3,2,2,1,1,1,سجاد شهر
6655000000,153,1403,3,6,3,1,1,1,الهیه
9900000000,153,1404,3,5,5,1,1,1,امام رضا (ع)
8900000000,153,1403,3,6,2,1,1,1,امام رضا (ع)
8000000000,154,1391,3,4,4,1,1,1,سید رضی
12000000000,155,1403,3,3,3,1,1,1,راهنمایی
7800000000,155,1379,3,2,2,0,1,1,راهنمایی
8700000000,155,1403,3,6,3,1,1,1,امام رضا (ع)
9500000000,155,1404,3,4,4,1,1,1,دانشجو
11200000000,160,1404,3,2,2,1,1,1,فرهنگ
12400000000,155,1404,3,6,5,1,1,1,فرهنگ
10850000000,155,1404,3,1,1,1,1,1,سید رضی
7200000,155,1397,3,5,5,1,1,1,جانباز
9000000000,155,1402,3,2,2,1,1,1,فارغ التحصیلان
4960000,155,1404,3,7,4,1,1,1,شهید مطهری
7200000000,155,1403,3,6,4,1,1,1,میعاد (شهرک غرب)
9300000000,155,1400,3,7,7,1,1,1,سرافرازان
9800000000,157,1404,3,4,4,1,1,1,سید رضی
11300000000,158,1402,3,6,4,1,1,1,فرهنگ
10200000000,158,1403,3,5,3,1,1,1,فارغ التحصیلان
6200000000,158,1402,2,1,1,1,1,1,الهیه
11500000000,158,1404,3,6,4,1,1,1,شریف
6200000000,160,1404,3,3,3,1,1,1,الهیه
11000000000,160,1404,3,5,1,1,1,1,رضاشهر
11000000000,165,1404,3,4,4,1,1,1,دانشجو
7950000000,160,1388,3,5,4,1,1,1,آزادشهر
6240000000,160,1404,3,8,8,1,1,0,نکاح
8250000000,160,1404,3,6,6,1,1,1,کوثر
9550000000,160,1402,3,6,5,1,1,1,سید رضی
8450000000,160,1400,3,1,1,1,1,1,آزادشهر
10600000000,160,1404,3,5,3,1,1,1,رضاشهر
8800000000,160,1380,3,1,1,1,1,1,سجاد شهر
8800000000,160,1404,3,1,1,1,1,1,آزادشهر
15500000000,160,1403,3,3,3,1,1,1,فرهنگ
13400000000,160,1404,3,6,2,1,1,1,فرهنگ
1100000000,160,1400,1,2,1,0,0,0,کشف
9400000000,160,1404,3,5,5,1,1,1,آزادشهر
9600000000,160,1404,3,6,1,1,1,1,کوشش
11000000000,160,1404,3,6,4,1,1,1,دانشجو
9200000000,160,1404,3,6,3,1,1,1,دانشجو
24000000000,160,1404,3,6,3,1,1,1,سجاد شهر
8200000000,160,1395,3,3,3,1,1,1,دانشجو
8200000000,160,1400,3,3,3,1,1,1,صیاد شیرازی
2800000000,160,1403,3,3,1,0,0,1,محمدآباد
11000000000,160,1400,3,2,2,1,1,1,هفت تیر (حافظ)
8650000000,160,1404,3,6,2,1,1,1,هفده شهریور
4400000000,160,1403,3,7,6,1,1,0,شهرک بهارستان
6500000000,160,1381,3,4,4,0,1,1,فلسطین
8950000000,160,1399,3,5,5,1,1,1,آزادشهر
9600000000,160,1404,3,5,1,1,1,1,شریف
6250000000,160,1392,3,3,3,0,1,1,تربیت (صدف)
11200000000,162,1400,3,4,4,1,1,1,سید رضی
8000000000,162,1393,3,4,2,1,1,1,چهارچشمه
11050000000,165,1404,3,2,2,1,1,1,فرهنگ
8850000000,163,1404,3,2,2,1,1,1,زیبا شهر
9800000000,163,1402,3,6,1,1,1,1,فارغ التحصیلان
10500000000,163,1404,3,6,6,1,1,1,آزادشهر
11000000000,165,1403,3,6,6,1,1,1,آزادشهر
12300000000,165,1402,3,6,4,1,1,1,فرهنگ
7400000000,165,1402,3,3,3,1,1,1,الهیه
13000000000,165,1402,3,3,2,1,1,1,احمدآباد
12200000000,165,1400,3,6,3,1,1,1,فرهنگ
12500000000,165,1404,3,6,4,1,1,1,فرهنگ
14100000000,165,1404,3,6,3,1,1,1,رضاشهر
12880000000,165,1404,3,6,1,1,1,1,فرهنگ
10100000000,165,1404,3,1,1,1,1,1,آزادشهر
9500000000,165,1402,3,6,2,1,1,1,آزادشهر
8800000000,165,1404,3,5,5,1,1,1,الهیه
10700000000,165,1404,3,3,3,1,1,1,امام خمینی
6230000000,165,1400,3,5,4,1,1,1,جاهد شهر
14500000000,165,1398,3,5,3,1,1,1,ملک‌آباد
13500000000,165,1397,3,5,5,1,1,1,ملک‌آباد
10000000000,165,1396,3,3,0,1,1,1,نوفل لوشاتو
2800000000,165,1403,4,0,0,0,1,0,دوست آباد
7900000000,166,1386,3,1,1,0,1,1,هنرستان
10590000000,167,1404,3,2,2,1,1,1,آزادشهر
8400000000,168,1404,3,3,3,1,1,1,الهیه
10400000000,168,1403,3,4,4,1,1,1,دانشجو
10600000000,168,1404,3,6,5,1,1,1,سید رضی
8250000000,165,1395,3,5,2,1,1,1,کوثر
8450000000,170,1404,3,5,2,1,1,1,الهیه
12000000000,170,1404,3,5,2,1,1,1,رضاشهر
3050000000,170,1403,2,5,6,1,1,1,طبرسی شمالی
9900000000,170,1402,3,6,3,1,1,1,امام خمینی
7500000000,170,1404,3,5,3,1,1,1,امیریه
25000000000,170,1401,3,6,2,1,1,1,کوثر
20400000000,170,1404,3,6,2,1,1,1,احمدآباد
12000000000,170,1404,3,5,5,1,1,1,امام رضا (ع)
12000000000,171,1403,3,5,5,1,1,1,فارغ التحصیلان
10500000000,175,1402,3,6,1,1,1,1,فارغ التحصیلان
10300000000,178,1403,3,5,5,1,1,1,امام خمینی
10300000000,178,1400,3,4,4,1,1,1,امام رضا (ع)
9900000000,180,1404,3,6,4,1,1,1,رضاشهر
12000000000,180,1404,3,3,3,1,1,1,فرهنگ
12000000000,180,1404,3,6,6,1,1,1,امام رضا (ع)
13500000000,180,1404,3,6,6,1,1,1,خرمشهر
5900000000,180,1399,3,7,3,1,1,1,جانباز
12500000000,180,1404,3,10,1,1,1,1,رضاشهر
7100000000,180,1404,2,4,4,1,1,1,الهیه
11700000000,180,1403,3,1,1,1,1,1,رضاشهر
9700000000,181,1404,3,5,4,1,1,1,صیاد شیرازی
6180000000,181,1403,3,5,5,1,1,1,موسوی قوچانی
12000000000,182,1400,3,3,3,1,1,1,گوهرشاد
18200000000,185,1404,3,6,5,1,1,1,فرهنگ
7200000000,185,1400,3,4,4,1,1,1,فرهنگیان (شهرک غرب)
11800000000,185,1404,3,6,4,1,1,1,هفت تیر (آب و برق)
12000000000,185,1404,3,5,5,1,1,1,ارشاد
13800000000,185,1404,3,6,6,1,1,1,امام رضا (ع)
7200000000,185,1404,3,4,4,1,1,1,امیریه
11000000000,190,1403,3,6,1,1,1,1,رضاشهر
12000000000,190,1403,3,6,2,1,1,1,آزادشهر
11750000000,190,1401,3,2,2,1,1,1,اقبال
11400000000,190,1404,3,6,2,1,1,1,کوشش
17500000000,190,1404,3,6,5,1,1,1,فلسطین
10640000000,190,1403,3,6,2,1,1,1,وکیل‌آباد
11200000000,190,1401,3,5,3,1,1,1,کوثر
8000000000,193,1380,3,3,1,0,1,1,کلاهدوز
14500000000,194,1404,3,2,2,1,1,1,نیروی هوایی
11310000000,195,1395,3,5,5,1,1,1,شهید فرامرز عباسی
1080000000,58,1404,1,3,3,0,0,0,رسالت
950000000,74,1401,1,2,1,0,0,0,بهمن
10800000000,180,1394,3,4,4,1,1,1,هنرستان
3650000000,110,1404,2,7,2,1,1,1,گاز
8000000000,200,1404,3,5,5,1,1,1,الهیه
7900000000,200,1389,3,5,5,1,1,0,جنت
9200000000,200,1404,3,6,3,1,1,1,آزادشهر
16850000000,200,1404,3,7,2,1,1,1,رضاشهر
8400000000,200,1403,3,2,2,1,1,1,الهیه
2400000,200,1404,2,5,5,1,1,1,رسالت
12000000000,200,1403,3,6,6,1,1,1,امام رضا (ع)
7800000000,200,1403,3,6,3,1,1,1,امیریه
17000000000,200,1390,3,5,5,1,1,1,سجاد شهر
12000000000,200,1404,3,6,5,1,1,1,خرمشهر
12700000000000,200,1403,3,6,1,1,1,1,اقبال
11000000000,200,1396,4,5,5,1,1,1,شریف
16000000000,200,1404,3,3,3,1,1,1,رضاشهر
5700000000,204,1401,3,3,3,1,1,1,جانباز
9300000000,205,1404,3,6,5,1,1,1,حسابی جنوبی (شهرک غرب)
14900000000,207,1395,3,3,3,1,1,1,کوه سنگی
12400000000,206,1401,3,6,4,1,1,1,هفده شهریور
10500000000,210,1396,3,4,4,1,1,1,اقبال
5800000000,210,1396,3,4,2,1,1,1,جانباز
9600000000,215,1404,3,6,5,1,1,1,الهیه
13950000000,218,1404,3,5,4,1,1,1,فارغ التحصیلان
16000000000,220,1401,3,6,3,1,1,1,رضاشهر
9438000000,220,1402,3,6,4,1,1,1,الهیه
8800000000,220,1404,3,6,5,1,1,1,جاهد شهر
6000000000,220,1402,4,7,3,1,1,1,جانباز
7200000000,225,1404,3,8,6,1,1,1,جانباز
10850000000,230,1383,4,1,1,0,1,1,جنت
14950000000,230,1402,4,0,0,1,1,1,احمدآباد
16500000000,230,1404,4,4,4,1,1,1,هفت تیر (حافظ)
17000000000,230,1390,4,5,5,1,1,1,کوثر
12300000000,230,1383,4,4,1,1,1,1,جنت
10600000000000,235,1402,4,6,6,1,1,1,الهیه
20400000000,240,1404,3,6,1,1,1,1,ارشاد
20000000000,250,1404,4,5,6,1,1,1,دانشجو
12900000000,210,1403,3,5,0,1,1,1,کوثر
18000000000,270,1404,4,6,3,1,1,1,فارغ التحصیلان
33000000000,283,1402,3,5,2,1,1,1,سجاد شهر
34500000000,290,1400,4,1,1,1,1,1,سجاد شهر
2850000000,75,1389,2,3,1,0,1,1,هفت تیر (آب و برق)
1800000000,100,1404,2,3,3,1,1,1,حضرت حجت
6800000000,134,1401,2,1,1,1,1,1,الهیه
1220000000,98,1404,2,4,2,0,1,1,علی آباد
1370000000,65,1404,2,3,3,0,0,1,رده
8500000000,156,1404,3,1,1,1,0,1,شریف
9000000000,110,1377,2,3,3,0,0,0,ولیعصر (شهرک غرب)
27000000000,300,1402,4,5,5,1,1,1,کوه سنگی
15000000000,301,1389,4,5,1,1,1,1,کوثر
35000000000,305,1404,4,6,3,1,1,1,سجاد شهر
42000000000,310,1404,4,6,6,1,1,1,سجاد شهر
37000000000,320,1404,4,4,4,1,1,1,هنرستان
32000000000,320,1401,4,3,3,1,1,1,کوثر
39500000000,330,1404,4,2,2,1,1,1,احمدآباد
10600000000,350,1403,4,7,7,1,1,1,ایثار
850000000,37,1403,1,1,1,0,0,0,رده
6350000000,127,1404,3,12,4,1,1,1,الهیه
6250000000,114,1391,3,2,2,1,1,0,سراب
7100000000,150,1388,3,4,2,1,1,1,فرهنگ
11000000000,250,1392,2,3,1,0,1,1,سازمان آب
16200000000,350,1401,3,6,0,1,1,1,هفت تیر (حافظ)
88000000000,400,1404,4,6,2,1,1,1,سجاد شهر
1300000000,50,1390,1,3,0,0,0,0,هنرور
1150000000,50,1390,1,1,1,0,0,1,یوسفیه (شهرک غرب)
800000000,50,1400,1,0,0,0,0,0,کشف
900000000,50,1403,1,2,1,0,0,1,مهدی آباد
1690000000,50,1383,1,2,2,0,1,0,الهیه
580000000,50,1399,1,0,0,0,0,1,توس (بلوار توس)
928000000,50,1393,1,3,0,0,0,1,شهرک امام هادی (شهرک غرب)
1680000000,50,1386,1,1,1,0,0,0,الهیه
1050000000,50,1401,1,0,0,0,0,0,حضرت حجت
1100000000,50,1384,1,4,1,0,0,0,یوسفیه (شهرک غرب)
700000000,50,1404,1,4,2,0,0,1,طبرسی شمالی
730000000,45,1386,1,4,1,0,0,0,شهرک امام هادی (شهرک غرب)
1250000000,50,1385,1,3,2,0,0,1,هدایت
980000000,50,1400,1,3,2,0,0,1,کوی دروی
1690000000,50,1383,1,0,0,0,1,0,الهیه
1300000000,50,1395,1,4,0,0,0,1,ایثارگران
1650000000,50,1385,1,3,0,0,1,1,حجاب (شهرک غرب)
530000000,50,1400,1,3,0,0,0,0,توس (بلوار توس)
1435000000,50,1387,1,3,3,0,0,1,الهیه
810000000,55,1390,1,2,2,0,0,0,توس (بلوار توس)
1270000000,55,1390,1,3,1,0,0,0,ایثارگران
650000000,55,1404,1,3,3,0,0,1,مهدی آباد (بلوار توس)
770000000,55,1396,1,3,3,0,0,1,رباط طرق
1600000000,55,1400,1,4,1,1,1,0,شهید قربانی
1600000000,65,1400,1,4,1,0,0,0,شهید بهشتی
660000000,55,1390,1,2,2,0,0,0,کشف
400000000,55,1404,1,4,2,0,0,1,طبرسی شمالی
1200000000,55,1392,1,4,3,0,0,1,ایثارگران
875000000,55,1399,1,3,3,0,0,0,توس (بلوار توس)
700000000,55,1402,1,3,3,0,0,1,حضرت حجت
1100000000,55,1389,1,3,3,0,0,1,رسالت
1124000000,55,1394,1,3,3,0,0,0,شفا
1850000000,55,1390,1,3,3,0,0,0,هفده شهریور
3500000000,55,1400,1,3,1,0,0,0,محمدآباد
750000000,55,1392,1,2,0,0,0,0,طبرسی شمالی
1550000000,55,1383,2,3,3,0,0,1,عامل
1600000000,55,1390,2,4,3,0,0,0,کوی المهدی
1250000000,60,1397,1,1,1,0,0,1,شهرک امام هادی (شهرک غرب)
790000000,60,1395,1,1,1,0,0,1,حضرت حجت
1450000000,60,1394,1,1,1,0,0,0,وکیل‌آباد
780000000,60,1401,1,1,1,0,0,1,توس (بلوار توس)
1890000000,60,1404,2,4,2,1,0,0,طلاب
1400000000,60,1390,1,2,1,0,0,0,نوید
2600000000,60,1385,1,4,4,0,1,1,کوثر
3200000000,60,1384,1,3,3,0,0,0,بهار
750000000,60,1403,1,2,2,0,0,1,توس (بلوار توس)
780000000,60,1398,1,2,1,0,0,0,شهید جنگی
1200000000,60,1396,1,3,1,0,0,0,طلاب
750000000,60,1402,1,3,2,0,0,0,توس (بلوار توس)
960000000,60,1400,1,3,3,0,0,1,پنجتن
1490000000,60,1404,1,5,4,0,0,0,هنرور
830000000,60,1402,1,4,3,0,0,0,حضرت حجت
1350000000,60,1390,1,4,0,0,0,0,ایثارگران
700000000,60,1390,1,0,0,0,0,0,بهمن
840000000,60,1396,1,4,0,0,0,0,کشاورز
3200000000,60,1385,2,3,3,0,1,1,سناباد
3300000000,60,1387,1,2,1,0,0,1,شهید فرامرز عباسی
950000000,62,1400,1,3,3,1,1,1,توس (بلوار توس)
1850000000,63,1391,2,3,3,1,0,1,مشکینی (شهرک غرب)
1150000000,65,1404,1,4,3,0,0,1,حضرت حجت
2500000000,65,1402,1,5,4,1,0,0,اقبال
2380000000,65,1385,2,4,3,0,1,1,شهرک رازی (شهرک غرب)
950000000,65,1400,1,1,1,0,0,0,منزل آباد
800000000,65,1401,1,2,2,0,0,0,نوده
1350000000,65,1403,1,1,1,0,0,0,پنجتن
1350000000,65,1398,1,3,3,0,0,1,ایثارگران
980000000,65,1389,1,0,0,0,0,0,رسالت
1100000000,65,1395,1,3,1,0,0,1,حضرت حجت
900000000,65,1403,1,2,2,0,0,0,شهید معقول
1290000000,65,1400,1,1,1,0,1,1,گاز
440000000,65,1403,1,2,2,0,0,0,دوست آباد
1250000000,65,1396,1,4,3,0,0,0,ابوذر
1220000000,65,1390,1,4,3,0,0,0,ایثارگران
1800000000,65,1390,1,3,3,0,0,0,طلاب
1450000000,65,1398,1,3,3,0,0,1,هنرور
1400000000,65,1404,1,4,1,1,1,1,کوی دروی
1120000000,65,1396,1,3,0,0,0,0,توس (بلوار توس)
1000000000,65,1401,1,3,3,0,0,1,طبرسی شمالی
1185000000,65,1397,2,1,1,1,0,0,یوسفیه (شهرک غرب)
2500000000,65,1391,2,2,2,1,1,1,حجاب (شهرک غرب)
1800000000,65,1404,2,5,5,1,0,0,حجت
1240000000,65,1397,2,3,3,0,0,0,شهرک امام هادی (شهرک غرب)
1210000000,65,1388,2,8,2,0,0,1,توس (بلوار توس)
2100000000,66,1388,2,3,3,0,1,0,میعاد (شهرک غرب)
3100000000,66,1391,2,4,3,1,1,1,پروین اعتصامی
2580000000,67,1382,2,4,4,0,1,1,هفت تیر (حافظ)
17500000000,67,1399,1,3,3,0,0,0,طلاب
2000000000,67,1390,2,3,0,0,0,0,هفده شهریور
1150000000,68,1403,1,2,2,1,0,1,رباط طرق
6500000000,120,1395,2,5,1,1,1,1,هفت تیر (آب و برق)
4650000000,95,1401,2,4,4,1,1,1,الهیه
3200000000,73,1389,2,2,2,0,1,1,صیاد شیرازی
1700000000,70,1385,2,3,3,0,1,0,الهیه
1300000000,70,1394,2,2,2,0,1,0,یوسفیه (شهرک غرب)
1400000000,70,1400,1,3,3,0,0,1,فدک
1670000000,70,1397,1,0,0,0,0,0,زمرد
1900000000,70,1403,2,5,5,1,0,1,یوسفیه (شهرک غرب)
780000000,70,1392,1,1,1,0,0,1,کوی دروی
800000000,70,1398,2,2,1,0,1,1,کوی سیدی
1180000000,70,1404,1,3,3,0,0,1,طبرسی شمالی
880000000,70,1385,1,2,1,0,0,1,شهید علی محمدی
680000000,70,1403,1,3,3,1,0,1,شهرک امام هادی (شهرک غرب)
1700000000,70,1385,2,3,3,0,1,0,الهیه
2800000000,70,1392,1,3,2,0,1,0,ابوذر
1420000000,70,1397,1,3,3,0,0,1,امیر
2600000000,70,1392,2,2,2,0,1,1,جاهد شهر
950000000,70,1391,1,0,0,0,0,1,حضرت حجت
1350000000,70,1390,1,4,4,0,0,1,شهید مطهری
2050000000,74,1396,2,3,3,0,1,1,سرافرازان
4500000000,70,1403,1,3,3,1,1,0,امام خمینی
1490000000,70,1404,1,5,4,1,1,1,طبرسی شمالی
1050000000,70,1404,1,2,1,0,0,0,توس (بلوار توس)
1100000000,70,1400,1,1,1,0,0,0,توس (بلوار توس)
2500000000,70,1401,1,3,1,0,0,0,رضاییه
900000000,70,1397,1,1,1,0,0,0,توس (بلوار توس)
1150000000,70,1402,1,3,2,0,0,0,حضرت حجت
910000000,70,1400,1,2,2,0,0,0,کشف
1700000000,70,1394,1,3,2,0,0,0,نیروی هوایی
1950000000,70,1397,1,5,0,1,0,1,یاس
3600000000,72,1395,2,0,0,1,1,1,رضاشهر
1500000000,72,1402,2,0,0,0,0,0,رستگار
1980000000,70,1394,2,4,1,0,0,0,ابوذر
2600000000,70,1390,2,2,2,0,1,1,شهرآرا
1100000000,70,1403,2,4,3,0,0,0,توس (بلوار توس)
3250000000,70,1383,2,4,4,0,1,1,فرهنگ
1300000000,70,1402,2,5,0,0,0,1,یوسفیه (شهرک غرب)
850000000,70,1404,2,0,0,0,0,1,رباط طرق
2920000000,70,1395,2,3,3,1,1,1,جاهد شهر
750000000,70,1390,0,2,2,0,0,1,قائم
900000000,72,1401,1,1,1,0,0,0,کشف
2100000000,72,1404,2,5,3,1,1,1,فرهنگیان (شهرک غرب)
4700000000,72,1386,2,3,1,0,1,1,احمدآباد
2000000000,72,1390,2,2,0,0,0,1,محمدآباد
4500000000,73,1398,1,4,4,1,1,1,سعد آباد
3500000000,73,1390,2,4,2,0,1,1,صیاد شیرازی
1500000000,73,1384,1,0,0,0,0,1,تلگرد
1680000000,73,1399,2,4,4,0,0,1,شهید مطهری
2500000000,75,1372,1,3,3,0,1,0,کارمندان دوم
1350000000,75,1403,2,0,0,0,0,0,کوی سیدی
2200000000,74,1382,2,3,2,0,1,1,توس (بلوار توس)
1100000000,75,1395,1,3,3,0,0,1,حضرت حجت
2300000000,75,1394,2,4,4,1,1,1,الهیه
3590000000,75,1387,2,4,5,1,1,1,صیاد شیرازی
3600000000,75,1389,2,2,2,0,1,1,اقبال
2200000000,75,1385,2,4,4,0,1,1,شهرک رازی (شهرک غرب)
2520000000,75,1388,2,2,2,0,1,1,شهرک رازی (شهرک غرب)
2597000000,75,1395,2,4,4,0,1,0,حسابی جنوبی (شهرک غرب)
2640000000,75,1390,2,2,2,0,1,1,شهرک رازی (شهرک غرب)
1020000000,75,1402,2,3,3,0,0,1,حضرت حجت
3690000000,75,1389,2,4,2,1,1,1,هفت تیر (آب و برق)
2550000000,75,1384,2,4,4,0,1,1,کلاهدوز
1350000000,75,1395,2,3,3,0,0,0,نوید
850000000,75,1404,1,2,2,0,0,0,شهید جنگی
1200000000,75,1390,1,4,3,0,0,0,بهمن
1100000000,75,1404,1,3,3,0,0,0,توس (بلوار توس)
2270000000,75,1392,2,4,4,1,1,1,الهیه
2270000000,75,1392,2,4,4,1,1,1,الهیه
175000000,75,1404,2,2,2,1,0,0,ایثار
580000000,75,1402,2,3,3,1,0,1,حضرت حجت
1250000000,75,1403,2,2,2,0,0,1,طبرسی شمالی
1700000000,75,1400,2,4,2,0,0,0,امیر
850000000,75,1404,2,2,1,0,0,0,سیس‌آباد
1400000000,75,1395,2,2,2,0,0,1,کشف
500000000,75,1395,2,3,3,0,1,1,عامل
2750000000,75,1386,2,4,4,0,1,1,دانشجو
1080000000,75,1403,2,0,0,0,0,0,کشف
950000000,75,1404,2,3,0,0,0,1,حضرت حجت
2500000000,75,1401,2,6,3,1,1,0,رسالت
1550000000,75,1404,2,6,6,1,0,1,طلاب
3300000000,75,1385,2,3,3,0,1,1,صیاد شیرازی
2320000000,76,1380,2,4,4,0,1,1,حجاب (شهرک غرب)
3750000000,77,1401,2,4,4,1,1,1,حسابی جنوبی (شهرک غرب)
4240000000,77,1404,2,5,2,1,1,1,فرهنگیان (شهرک غرب)
3850000000,78,1396,2,4,4,1,1,1,مقدم
1200000000,78,1400,1,4,2,0,0,1,بهمن
2900000000,78,1396,2,4,4,1,1,1,الهیه
2200000000,78,1390,2,4,1,0,1,0,رستگار
2950000000,78,1388,2,3,3,0,1,1,شهرآرا
2700000000,78,1385,2,4,4,0,1,1,هفت تیر (حافظ)
4200000000,105,1400,2,4,1,1,1,1,الهیه
4300000000,80,1392,2,4,4,1,1,1,سید رضی
1250000000,80,1404,2,4,2,0,0,1,حضرت حجت
3750000000,80,1382,2,4,3,0,1,1,سید رضی
1000000000,80,1402,2,0,0,0,0,1,توس (بلوار توس)
2400000000,80,1398,2,2,2,1,1,1,الهیه
3250000000,80,1380,2,3,3,0,1,1,بهاران
3450000000,80,1389,2,4,2,1,1,0,هفده شهریور
3400000000,80,1388,2,3,2,0,1,1,کوشش
3200000000,80,1402,2,3,3,1,1,1,پردیس
4500000000,80,1388,2,4,1,0,1,1,سید رضی
4050000000,80,1393,2,4,1,1,1,1,آزادشهر
1300000000,80,1402,2,4,2,0,0,1,توس (بلوار توس)
1150000000,80,1403,1,3,3,0,0,1,طبرسی شمالی
2800000000,80,1404,2,2,2,0,0,1,چهنو
1135000000,80,1400,1,3,1,0,0,1,حضرت حجت
1700000000,80,1389,2,3,3,0,0,0,مشکینی (شهرک غرب)
1550000000,80,1395,1,2,1,0,1,1,امیر
5100000000,80,1390,2,4,0,0,1,1,فرهنگ
1170000000,80,1395,1,3,1,0,0,0,توس (بلوار توس)
999000000,80,1404,1,4,4,0,0,1,مهدی آباد (بلوار توس)
2200000000,80,1397,2,1,1,1,1,1,جاهد شهر
2200000000,80,1397,2,3,3,1,1,1,امیریه
4100000000,80,1391,2,1,1,0,1,1,نیروی هوایی
1450000000,80,1397,2,4,2,1,1,0,بهمن
1500000000,80,1404,2,5,5,1,0,0,توس (بلوار توس)
1600000000,80,1404,2,1,1,1,1,1,منزل آباد
1100000000,80,1403,2,3,2,0,0,1,توس (بلوار توس)
3200000000,80,1382,2,2,2,0,1,1,جنت
4300000000,80,1385,2,2,2,0,1,1,فردوسی
3600000000,80,1384,2,4,2,0,1,1,سعد آباد
490000000,80,1403,2,3,3,0,0,1,توس (بلوار توس)
2450000000,80,1389,2,4,4,0,1,1,شهرآرا
3400000000,80,1385,2,4,4,0,1,1,هفت تیر (حافظ)
2200000000,80,1403,2,3,3,0,1,0,مشکینی (شهرک غرب)
4800000000,80,1390,2,2,2,0,1,1,دانش
2000000000,80,1396,2,0,0,0,0,1,چهارچشمه
2950000000,80,1395,2,7,7,1,1,1,مشکینی (شهرک غرب)
4950000000,80,1398,2,4,1,1,1,1,آزادشهر
2400000000,81,1387,2,3,3,0,0,0,جاهد شهر
3600000000,82,1402,2,5,3,1,1,1,الهیه
4600000000,113,1389,2,3,1,0,1,1,رضاشهر
3550000000,83,1391,2,3,3,0,1,1,دانشجو
7560000000,84,1404,2,6,1,1,1,1,امام رضا (ع)
1500000000,85,1402,2,2,2,0,0,1,حضرت حجت
5400000000,85,1387,2,1,1,1,1,0,صیاد شیرازی
1900000000,85,1394,2,2,2,0,1,1,کوی المهدی
2400000000,85,1403,2,4,4,1,0,0,یوسفیه (شهرک غرب)
1700000000,85,1394,1,3,2,0,0,0,شهرک بهارستان
1650000000,85,1403,2,3,3,0,0,1,استاد یوسفی (شهرک غرب)
2500000000,85,1400,2,0,0,0,0,0,عبادی
1100000000,85,1402,2,4,4,0,1,0,توس (بلوار توس)
1950000000,85,1400,2,4,4,1,0,0,عامل
3500000000,85,1391,2,4,1,1,1,1,شهرک رازی (شهرک غرب)
2700000000,85,1400,2,4,4,1,0,1,کارگران
1135000000,85,1400,1,1,1,0,0,0,توس (بلوار توس)
1400000000,85,1399,1,2,2,0,0,1,سپاد
1100000000,85,1403,1,0,0,0,0,0,شهید بصیر
880000000,85,1400,2,3,1,0,0,1,توس (بلوار توس)
3500000000,85,1394,2,4,3,1,1,1,الهیه
2450000000,85,1392,2,5,5,1,1,1,استاد یوسفی (شهرک غرب)
2300000000,85,1404,2,4,3,1,1,1,ایثارگران
1650000000,85,1399,2,4,4,1,1,1,توس (بلوار توس)
1320000,85,1395,2,2,1,1,1,1,شهرک مهرگان
2200000000,85,1400,2,1,1,1,0,1,شهید مطهری
2550000000,85,1400,2,4,1,1,0,1,گاز
1150000000,85,1399,2,1,1,0,0,0,توس (بلوار توس)
1450000000,85,1403,2,1,1,0,0,0,کشاورز
1500000000,85,1402,2,2,2,0,0,0,کشف
1800000,85,1391,2,3,3,0,0,1,هنرور
1020000000,85,1400,2,3,3,0,0,1,کشف
2350000000,85,1389,2,4,4,0,1,1,شهرآرا
2350000000,85,1389,2,4,4,0,1,1,هفت تیر (آب و برق)
1600000000,85,1400,2,3,0,0,0,1,توس (بلوار توس)
1950000000,85,1398,2,3,3,0,0,1,مشکینی (شهرک غرب)
980000000,85,1399,2,3,3,0,0,1,توس (بلوار توس)
3850000000,85,1403,2,5,1,1,1,1,شهرک رازی (شهرک غرب)
3050000000,85,1385,2,4,4,0,1,1,تربیت (صدف)
3870000000,85,1399,2,3,3,1,1,1,الهیه
2900000000,86,1388,2,4,4,0,1,1,فتح المبین
2880000000,87,1375,2,3,3,0,1,0,شهید فرامرز عباسی
970000000,87,1400,2,4,4,0,0,1,حضرت حجت
1730000000,88,1390,2,2,2,0,0,1,موسوی قوچانی
4700000000,88,1394,2,4,3,1,1,1,فارغ التحصیلان
2450000000,88,1397,2,6,6,1,1,1,جانباز
3400000000,88,1400,2,5,5,1,1,1,الهیه
3950000000,88,1390,2,2,1,0,1,1,فرهنگیان (شهرک غرب)
2480000000,90,1391,2,2,2,0,0,1,حیدرآباد
3500000000,90,1402,2,4,2,1,1,1,الهیه
4380000000,90,1390,2,1,1,1,1,1,هفت تیر (آب و برق)
1350000000,90,1395,2,0,0,0,1,1,منزل آباد
1280000000,90,1395,2,3,0,0,0,1,حضرت حجت
22900000000,90,1390,2,5,5,1,0,1,شفا
3800000000,90,1404,2,4,4,1,1,1,میعاد (شهرک غرب)
4550000000,90,1388,2,3,2,0,1,0,کوثر
4300000000,90,1388,2,3,2,0,1,1,امام رضا (ع)
6250000000,90,1404,2,6,3,1,1,1,آبکوه
35000000000,90,1398,2,3,1,1,1,1,اقبال
2150000000,90,1401,2,4,3,0,0,0,مشکینی (شهرک غرب)
6750000000,90,1404,2,6,5,1,1,1,فارغ التحصیلان
1330000000,90,1396,1,4,3,0,0,0,مهدی آباد (بلوار توس)
4500000000,90,1390,2,4,1,1,1,1,صیاد شیرازی
1360000000,105,1403,2,3,3,0,0,1,حضرت حجت
1200000000,90,1402,2,4,4,0,0,0,طبرسی شمالی
3750000000,90,1403,2,4,4,1,1,1,میعاد (شهرک غرب)
1690000000,90,1401,1,2,2,0,0,1,کوی دروی
950000000,90,1399,1,5,5,0,0,1,توس (بلوار توس)
1750000000,90,1375,1,2,0,0,1,1,ایثارگران
1145000000,90,1404,1,2,0,0,1,1,توس (بلوار توس)
820000000,90,1400,1,0,0,0,1,0,رسالت
1450000000,90,1404,2,5,5,1,1,1,توس (بلوار توس)
2700000000,90,1397,2,2,2,1,1,1,جانباز
5000000000,90,1404,2,2,2,1,1,1,صیاد شیرازی
2700000000,90,1404,2,5,5,1,1,1,رستگار
2450000000,90,1400,2,5,3,1,1,0,طلاب
2400000000,90,1395,2,4,4,1,1,1,موسوی قوچانی
3900000000,90,1398,2,1,1,1,1,1,موسوی قوچانی
1120000000,90,1390,2,2,1,0,0,0,حضرت حجت
3057000000,90,1399,2,4,1,0,1,0,شهرآرا
1300000000,90,1399,2,3,1,0,1,1,منزل آباد
3389000000,90,1396,2,2,1,0,1,1,ویلاشهر
1350000000,90,1404,2,2,2,0,0,1,بهمن
3050000000,90,1386,2,3,3,0,1,1,تربیت (صدف)
2450000000,90,1397,2,4,2,0,1,1,قائم
3800000000,90,1388,2,4,4,0,1,1,شهید فرامرز عباسی
1290000000,90,1398,2,4,0,0,0,1,حضرت حجت
1750000000,90,1390,2,3,2,0,0,1,ایثارگران
1700000000,90,1390,1,2,1,0,0,0,امیر
4400000000,91,1391,2,4,2,1,1,1,اقبال
4150000000,92,1398,2,4,4,1,1,1,سپاد
4000000000,92,1398,2,5,5,1,1,1,آبادگران
3600000000,92,1388,2,5,3,1,1,0,هفت تیر (آب و برق)
650000000,92,1404,2,4,4,0,0,1,شهرک ابوذر
4500000000,92,1392,2,4,1,1,1,1,سناباد
4270000000,92,1395,2,4,4,1,1,1,فرهنگیان (شهرک غرب)
2700000000,93,1403,2,7,6,1,0,1,شهید مطهری
5500000000,95,1398,2,2,2,1,1,1,امام رضا (ع)
3325000000,95,1394,2,4,4,1,1,0,حسین‌آباد
4300000000,100,1404,2,5,2,1,1,1,الهیه
3900000000,95,1398,2,2,2,1,1,1,الهیه
3700000000,95,1390,2,3,3,0,1,1,اقبال
4150000000,95,1397,2,1,1,1,1,1,الهیه
5200000000,95,1393,2,5,5,1,1,1,امام خمینی
4550000000,95,1404,2,6,4,1,1,1,الهیه
2300000000,95,1403,2,2,2,1,0,0,جانباز
6000000000,95,1398,2,5,4,1,1,1,هنرستان
1480000000,95,1403,2,3,3,1,0,1,طبرسی شمالی
2150000000,95,1404,2,3,2,1,1,1,منزل آباد
3300000000,95,1395,2,2,1,0,1,0,سپاد
1300000000,95,1404,2,3,3,0,0,1,امیریه
1850000000,95,1396,2,0,0,0,0,1,توس (بلوار توس)
1180000000,95,1404,2,0,0,0,1,1,شهرک مهرگان
2200000000,95,1404,2,5,4,1,0,1,طلاب
3950000000,95,1404,2,5,1,1,1,1,الهیه
4300000000,95,1403,2,4,1,1,1,1,الهیه
4400000000,95,1390,2,4,4,1,1,1,حسابی جنوبی (شهرک غرب)
4800000000,96,1404,2,1,1,1,1,1,الهیه
3300000000,96,1394,2,5,1,1,0,1,تبادکان
4300000000,96,1388,2,4,2,1,1,1,هفت تیر (آب و برق)
960000000,96,1396,1,2,2,0,0,1,نوید
8100000000,97,1398,2,5,5,1,1,1,امام رضا (ع)
4000000000,97,1394,2,4,4,1,1,1,هفده شهریور
5570000000,98,1398,2,2,2,1,1,1,سید رضی
4600000000,98,1397,2,2,2,1,1,1,الهیه
4200000000,98,1394,2,5,1,1,1,1,جاهد شهر
2800000000,99,1390,2,5,5,1,1,1,الهیه
4400000000,99,1403,2,2,2,1,1,1,الهیه
2450000000,100,1382,3,3,3,0,1,0,حجاب (شهرک غرب)
3770000000,100,1390,2,4,4,1,1,1,جاهد شهر
1500000000,100,1400,2,1,1,0,0,0,منزل آباد
4600000000,100,1400,2,4,3,1,1,1,جاهد شهر
1550000000,100,1400,2,0,0,0,0,1,نوید
2300000000,100,1403,2,2,2,1,1,0,حضرت حجت
2040000000,100,1401,2,2,2,1,1,0,توس (بلوار توس)
4200000000,103,1392,2,4,4,1,1,1,کارمندان دوم
4630000000,105,1396,2,2,2,1,1,1,الهیه
3200000000,105,1404,2,5,1,1,1,0,پنجتن
4100000000,107,1397,2,4,4,1,1,1,الهیه
5280000000,108,1400,2,6,6,1,1,1,اقبال
4200000000,108,1400,2,1,1,1,1,1,الهیه
3750000000,110,1397,2,3,3,1,1,1,الهیه
4935000000,110,1403,2,4,1,1,1,1,الهیه
2250000000,110,1390,1,1,1,0,0,1,ایثارگران
3300000000,110,1388,2,3,3,0,1,1,حسابی جنوبی (شهرک غرب)
4500000000,110,1386,2,3,3,0,1,1,راهنمایی
4770000000,110,1404,2,3,3,1,1,1,الهیه
1450000000,85,1398,2,4,4,0,1,0,توس (بلوار توس)
3700000000,115,1397,2,2,2,1,1,1,الهیه
5733000000,117,1404,2,5,5,1,1,1,الهیه
3500000000,120,1380,2,3,3,0,1,1,حجاب (شهرک غرب)
2700000000,120,1399,3,3,3,1,1,1,مهدی آباد (بلوار توس)
3550000000,120,1397,2,4,1,0,1,1,سرافرازان
4700000000,120,1404,3,6,6,1,1,1,عبادی
4400000000,121,1400,2,3,3,1,1,1,الهیه
4500000000,125,1400,2,3,1,1,1,0,زمرد
4350000000,125,1404,2,4,1,1,1,0,هفده شهریور
6000000000,125,1396,3,4,3,1,1,1,تربیت (صدف)
11250000000,125,1404,2,10,3,1,1,1,دانش
3500000000,126,1388,2,4,1,0,1,0,شهید مطهری
5650000000000,130,1383,2,5,1,1,1,1,نیروی هوایی
13500000000,130,1403,3,4,4,1,1,1,شریف
3400000000,130,1389,2,5,5,1,0,0,شفا
9100000000,130,1404,3,3,3,1,1,1,فارغ التحصیلان
3150000000,135,1404,3,6,6,1,1,1,فدک
5500000000,135,1404,3,5,3,1,1,1,الهیه
6700000000,135,1394,3,4,1,1,1,1,هفت تیر (آب و برق)
4750000000,135,1401,2,7,2,1,1,0,جانباز
2250000000,135,1404,2,5,0,1,0,1,طلاب
8500000000,136,1390,3,4,3,1,1,1,کوثر
6200000000,140,1404,3,5,5,1,1,1,شهرک رازی (شهرک غرب)
8000000000,140,1395,3,6,3,1,0,1,فرهنگ
4800000000,141,1399,3,6,6,1,1,1,حسین‌آباد
6200000000,142,1403,3,5,5,1,1,1,حجاب (شهرک غرب)
7500000000,142,1390,3,3,1,0,1,1,چهارچشمه
9500000000,145,1404,3,2,2,1,1,1,هفت تیر (حافظ)
6800000000,147,1395,2,4,2,1,1,1,سید رضی
7450000000,148,1385,3,4,1,1,1,1,شهید فرامرز عباسی
10500000000,155,1404,3,2,2,1,1,1,سید رضی
9000000000,160,1404,3,3,3,1,1,1,شهید رضوی
12500000000,160,1403,3,3,3,1,1,1,فرهنگ
9500000000,160,1404,3,5,5,1,1,1,سید رضی
5800000000,160,1404,3,2,2,1,1,1,الهیه
12500000000,165,1404,3,6,1,1,1,1,کوثر
12000000000,170,1399,3,3,3,1,1,1,خرمشهر
5600000000,170,1404,3,2,2,1,1,1,الهیه
14450000000,170,1404,3,6,2,1,1,1,هنرستان
10500000000,174,1404,3,6,6,1,1,1,امام رضا (ع)
8750000000,175,1404,3,6,4,1,1,1,شهرک لشکر (شهرک غرب)
8150000000,175,1380,3,4,1,0,1,1,شهید فرامرز عباسی
13000000000,195,1404,3,6,4,1,1,1,گوهرشاد
3300000000,87,1397,2,5,5,1,1,1,سعد آباد
8100000000,205,1403,3,6,6,1,1,1,الهیه
14700000000,210,1404,3,5,3,1,1,1,رضاشهر
6500000000,240,1404,3,8,7,1,1,1,جانباز
13000000000,230,1404,3,4,4,1,1,1,دانشجو
32000000000,250,1390,4,4,2,1,1,0,خرمشهر
15400000000,280,1403,4,7,7,1,1,1,دانشجو
6400000000,145,1396,3,3,3,1,1,1,شهید بهشتی
4500000000,200,1401,3,6,6,1,1,1,شهرک بهارستان
7000000000,132,1380,3,4,2,0,1,1,هنرستان
31000000000,318,1401,3,6,4,1,1,1,احمدآباد
830000000,50,1399,1,0,0,0,0,0,یوسفیه (شهرک غرب)
780000000,55,1402,1,2,2,0,0,0,مهدی آباد (بلوار توس)
1210000000,55,1401,1,1,1,0,0,0,رده
1250000000,55,1390,1,3,2,0,0,0,ایثارگران
1650000000,57,1400,1,4,3,1,1,0,شهید قربانی
1750000000,60,1390,1,2,2,0,0,0,سرافرازان
3500000000,60,1387,1,5,4,1,1,1,هفت تیر (آب و برق)
875000000,60,1400,1,4,4,0,0,0,خواجه ربیع
3900000000,63,1404,1,1,1,0,0,0,شهید بصیر
2200000000,64,1391,1,3,3,0,1,1,موسوی قوچانی
1430000000,65,1392,1,2,2,0,0,0,هنرور
1150000000,65,1401,1,3,3,0,0,1,نوید
1830000000,75,1403,1,6,6,1,0,1,گلبرگ
2400000000,70,1403,1,6,3,1,0,1,جانباز
2000000000,75,1382,1,2,2,0,1,1,حجاب (شهرک غرب)
1600000000,75,1382,2,30,0,0,1,1,حجاب (شهرک غرب)
2900000000,75,1386,2,3,3,0,0,1,فارغ التحصیلان
5100000000,75,1388,2,4,2,1,1,1,کوثر
1150000000,75,1402,2,3,3,0,0,1,طبرسی شمالی
2200000000,75,1404,2,6,3,1,1,1,شیرودی
4000000000,75,1385,2,4,1,0,1,1,دانشجو
1200000000,75,1399,1,4,1,0,0,1,نوید
1250000000,75,1404,2,2,2,1,1,1,رباط طرق
3100000000,78,1385,2,3,3,0,1,1,شهرآرا
2900000000,78,1396,2,3,3,0,1,1,بهاران
3100000000,78,1395,2,4,4,1,1,1,الهیه
4150000000,100,1401,2,1,1,1,1,1,الهیه
3200000000,80,1384,2,4,4,0,1,1,سید رضی
4100000000,80,1386,2,3,2,0,1,1,کوثر
3250000000,80,1389,2,1,1,0,1,1,فرهنگیان (شهرک غرب)
1350000000,80,1399,2,2,2,1,1,1,شهرک رازی (شهرک غرب)
2150000000,80,1391,2,3,3,1,1,1,ایثارگران
3000000000,82,1395,2,6,6,1,1,1,امیریه
5400000000,82,1391,2,5,2,1,1,1,کوثر
3780000000,85,1391,2,3,2,1,1,1,حسابی جنوبی (شهرک غرب)
4500000000,85,1393,2,4,4,1,1,1,سید رضی
3600000000,85,1385,2,2,2,0,1,1,سعد آباد
4170000000,85,1393,2,4,3,1,1,0,شهید رضوی
2100000000,90,1402,2,1,1,1,1,0,نوده
1300000000,90,1402,2,4,4,0,0,1,شهرک بهارستان
1200000000,90,1400,1,3,3,0,0,1,طبرسی شمالی
3900000000,90,1390,2,1,1,1,1,1,اقبال
3750000000,90,1403,2,2,2,1,1,1,الهیه
1900000000,98,1401,2,4,3,0,0,1,گلبرگ شمالی
4560000000,95,1404,2,5,5,1,1,1,جاهد شهر
3750000000,96,1392,2,4,2,1,1,1,هفده شهریور
3950000000,96,1400,2,4,1,1,1,1,الهیه
6450000000,96,1389,2,3,1,0,1,1,نوفل لوشاتو
19000000000,217,1401,3,6,6,1,1,1,راهنمایی
3000000000,107,1394,2,5,3,1,0,0,آیت الله کاشانی
1670000000,83,1404,2,4,2,1,1,1,یاغون آباد
2700000000,50,1390,2,3,0,0,0,0,ثامن
1450000000,60,1392,1,3,3,0,1,1,یوسفیه (شهرک غرب)
1410000000,100,1402,2,3,2,0,0,1,حضرت حجت
10500000000,190,1404,3,5,4,1,1,1,دانشجو
2000000000,95,1391,2,2,2,0,0,0,کوی سیدی
1680000000,95,1403,2,3,3,0,1,0,کشف
900000000,60,1398,1,4,3,0,0,0,شهرک امام هادی (شهرک غرب)
1300000000,80,1387,1,2,2,0,1,1,نوده
6048000000,112,1404,2,2,2,1,1,1,اقبال
1350000000,80,1398,2,2,2,0,0,0,کوی سیدی
1630000000,105,1396,2,4,1,0,0,0,نوید
1820000000,75,1394,2,2,2,0,0,0,وکیل‌آباد
8500000000,110,1403,2,5,1,1,1,1,ارشاد
13900000000,170,1401,3,5,5,1,1,1,کوثر
2250000000,120,1395,2,3,3,0,0,0,طبرسی شمالی
2700000000,101,1386,2,3,3,1,0,1,هدایت
3655000000,85,1386,2,2,2,0,1,1,شهید بهشتی
4500000000,90,1390,2,3,3,0,1,1,کوثر
1000000000,100,1403,1,0,0,0,0,0,خواجه ربیع
1420000000,70,1398,1,4,4,0,0,0,وحید
3300000000,122,1385,2,3,3,0,1,1,حجاب (شهرک غرب)
2700000000,85,1400,2,5,4,1,1,1,وکیل‌آباد
3100000000,58,1373,1,4,4,0,1,1,هنرستان
4000000000,90,1397,2,3,1,1,0,1,طلاب
2850000000,107,1374,2,3,3,0,0,0,مشکینی (شهرک غرب)
1200000000,90,1396,1,1,1,0,0,1,کشف
2200000000,73,1378,2,3,3,0,1,1,حجاب (شهرک غرب)
4100000000,88,1400,2,2,2,1,1,1,جلالیه
2100000000,70,1395,1,2,2,0,0,1,رستگار
1400000000,75,1400,2,1,1,0,0,1,طبرسی شمالی
3790000000,75,1384,2,4,3,0,1,1,صیاد شیرازی
2900000000,92,1393,2,1,1,0,0,0,شهرک ابوذر
2550000000,75,1384,2,3,3,0,1,1,حجاب (شهرک غرب)
4500000000,86,1371,2,3,2,0,1,0,سناباد
4000000000,100,1378,2,3,2,0,0,0,زیبا شهر
1350000000,70,1403,1,7,2,0,0,0,توس (بلوار توس)
4750000000,103,1397,2,4,1,1,1,1,موسوی قوچانی
1300000,100,1404,2,4,4,0,0,0,نوده
1350000000,85,1401,1,2,2,0,0,1,شهید قربانی
1900000000,85,1395,2,3,3,0,0,1,شفا
3680000000,115,1404,2,7,7,1,1,1,شهید مطهری
930000000,55,1399,1,2,2,0,0,1,نظام دوست
11500000000,170,1403,3,3,3,1,1,1,آزادشهر
2450000000,100,1395,2,0,0,1,0,1,امیر
1600000000,75,1396,2,4,2,0,0,1,بهمن
1100000,60,1400,1,0,0,0,0,0,کوی سیدی
4900000000,125,1397,3,1,1,1,1,1,جاهد شهر
3200000000,92,1400,2,6,6,1,1,1,جاهد شهر
2700000000000,104,1404,2,3,3,1,1,1,امیریه
7100000000,135,1403,3,1,1,1,1,1,چهارچشمه
1350000000,60,1394,1,0,0,0,0,1,ابوذر
800000000,53,1403,1,2,2,0,0,0,نوید
1300000,80,1395,2,3,3,0,0,0,یاس
2700000000000,104,1404,2,3,3,1,1,1,امیریه
4000000000,86,1389,2,2,2,0,1,1,بهاران
2100000000,110,1391,2,3,3,0,0,1,رستگار
7300000000,128,1396,3,6,3,1,1,1,سعد آباد
1600000000,75,1394,1,3,3,0,1,0,رستگار
2000000,110,1403,2,2,2,0,1,1,چاهشک
700000000,50,1395,1,3,0,0,0,0,شهرک امام هادی (شهرک غرب)
3000000000,100,1395,2,4,0,1,0,1,رستگار
1500000000,65,1402,1,1,1,1,1,1,طبرسی شمالی
1300000000,75,1398,1,3,3,0,0,0,سمزقند
1350000000,65,1390,2,0,0,0,0,0,رستگار
1350000000,65,1390,2,0,0,0,0,0,رستگار
2750000000,110,1390,2,4,1,1,1,1,کوی المهدی
6900000000,115,1404,2,2,2,1,1,1,هفده شهریور
6300000000,115,1390,3,4,4,1,1,1,نیروی هوایی
4850000000,118,1399,3,4,3,1,1,1,سرافرازان
3300000000,125,1400,2,2,2,1,1,1,امیر
10000000000,145,1403,3,5,3,1,1,1,هفت تیر (حافظ)
6150000000,150,1384,3,1,1,1,1,1,تربیت (صدف)
10600000000,158,1404,3,6,5,1,1,1,دانشجو
6200000000,181,1403,4,5,5,1,1,1,حسین‌آباد
4500000000,80,1385,1,3,3,0,1,0,خواجه ربیع
620000000,54,1404,1,2,2,0,0,0,نوده
3750000000,60,1390,1,12,4,1,1,1,آبادگران
4277000000,74,1387,2,4,2,1,1,1,دانشجو
4500000000,75,1389,2,3,2,1,1,1,آزادشهر
3100000000,76,1382,2,4,4,0,1,1,کلاهدوز
3000000000,80,1390,2,4,3,1,1,1,الهیه
1550000000,75,1404,2,10,3,1,0,0,خین عرب
4100000000,89,1390,2,4,1,0,1,1,امام خمینی
1800000000,90,1404,2,2,2,1,0,1,نکاح
2350000000,90,1404,2,7,5,1,0,1,هدایت
9500000000,150,1400,3,5,1,1,1,1,سناباد
4750000000,107,1383,2,0,0,0,1,1,کوثر
1980000000,90,1400,2,5,5,0,0,1,جانباز
850000000,70,1398,1,3,3,0,0,0,همت آباد
2450000000,89,1390,2,5,4,1,1,1,شفا
2000000000,95,1403,2,4,4,1,1,1,شهرک مهر آباد
3000000000,100,1404,2,3,3,1,1,1,جانباز
880000000,80,1400,1,3,0,0,1,0,کشف
3250000000,100,1403,2,7,7,1,1,1,جانباز
8000000000,110,1404,2,2,2,1,1,1,فارغ التحصیلان
6200000000,110,1403,2,4,4,1,1,1,امام رضا (ع)
3220000000,115,1404,2,6,6,1,0,1,جانباز
1180000000,125,1399,1,0,0,0,1,1,کشف
3600000000,135,1396,2,7,7,1,1,1,جانباز
12100000000,150,1404,3,6,3,1,1,1,هنرستان
4650000000,150,1404,3,3,3,1,1,1,جانباز
5250000000,160,1403,3,3,3,1,1,1,جانباز
21500000000,165,1404,3,6,1,1,1,1,کوثر
9950000000,167,1403,3,6,1,1,1,1,صیاد شیرازی
650000000,55,1397,1,0,0,0,0,0,کشف
1600000000,62,1393,1,5,2,0,0,1,سرافرازان
850000000,65,1401,1,2,2,0,0,0,کشف
1730000000,70,1380,2,0,0,0,0,0,مشکینی (شهرک غرب)
1270000000,75,1402,1,1,1,0,0,1,نظام دوست
1200000000,75,1400,2,2,2,0,1,0,کشف
1000000000,75,1400,1,2,2,0,0,0,کشف
1050000000,90,1400,1,0,0,0,1,0,کشف
1200000000,90,1400,1,0,0,0,1,1,کشف
1250000000,90,1400,2,0,0,0,1,0,کشف
1490000000,65,1394,1,3,3,0,0,0,شهرک بهارستان
5490000000,110,1402,2,1,1,1,1,1,شهرک لشکر (شهرک غرب)
1180000000,65,1404,1,3,3,0,0,0,طبرسی شمالی
3100000000,75,1388,2,3,3,1,1,1,پردیس
8000000000,180,1399,3,5,5,1,1,1,ولیعصر (شهرک غرب)
7900000000,163,1404,3,5,4,1,1,1,شاهد (شهرک غرب)
1650000000,120,1403,2,1,1,0,0,1,کشف
850000000,85,1399,2,1,1,0,0,1,کشف
4000000000,70,1385,2,2,1,0,1,1,صیاد شیرازی
5500000000,109,1392,2,5,5,1,1,0,سعد آباد
10500000000,143,1377,3,3,1,1,1,1,سجاد شهر
2500000000,105,1398,2,5,5,1,1,1,فتح المبین
1050000000,85,1404,2,2,2,0,0,0,کشف
1300000000,70,1404,2,1,1,0,1,1,کشف
1020000000,50,1400,1,3,1,0,0,0,کوی ولیعصر
1980000000,120,1399,2,3,3,0,0,0,حضرت حجت
11000000000,158,1404,3,4,4,1,1,1,دانشجو
10000000000,175,1404,3,1,1,1,1,1,سید رضی
1550000000,95,1403,2,2,2,0,0,1,نظام دوست
5100000000,134,1404,3,2,2,1,1,1,نرگس (شهرک غرب)
1400000000,85,1400,2,3,3,1,1,1,امام رضا (ع)
4000000000,120,1402,2,6,1,1,1,1,شهید مطهری
4500000000,74,1384,2,3,3,0,1,1,رضاشهر
1500000000,88,1398,2,4,4,1,1,1,الهیه
10000000000,200,1401,3,6,3,1,1,1,کوی پلیس
2800000000,75,1380,2,1,1,1,1,1,حجاب (شهرک غرب)
12000000000,100,1404,2,1,1,1,1,1,دانش
850000000,55,1390,1,2,0,0,0,0,هفت تیر (نه دره)
5440000000,170,1404,3,10,1,1,1,1,جانباز
4700000000,156,1403,3,7,0,1,1,1,امیر
700000000,100,1399,0,3,3,0,0,0,وکیل‌آباد
13000000000,170,1404,3,6,3,1,1,1,هنرستان
2200000000,72,1396,2,10,3,0,0,0,امامیه (شهرک غرب)
1800000000,85,1400,2,4,2,0,0,1,شهرک امام هادی (شهرک غرب)
3820000000,94,1398,2,3,3,1,1,1,فرهنگیان (شهرک غرب)
4250000000,85,1396,2,3,3,0,1,0,شهید بهشتی
3250000000,100,1404,2,7,2,1,1,1,گلبرگ
1600000000,100,1400,1,0,0,0,1,1,حضرت حجت
2490000000,100,1403,2,1,1,1,1,1,نظام دوست
1000000000,100,1403,2,2,0,0,0,1,کشف
1250000000,100,1399,1,1,1,0,0,0,کشف
3300000000,105,1393,2,4,2,1,1,1,هنرور
5500000000,105,1390,2,1,1,1,1,1,امام خمینی
900000000,110,1398,1,1,1,0,0,0,کشف
1280000000,110,1400,2,3,3,0,0,0,کشف
1450000000,110,1403,2,2,0,0,0,1,کشف
1800000000,113,1404,2,2,2,0,0,0,کشف
1050000000,115,1399,2,4,4,0,0,0,کشف
1250000000,115,1403,2,0,0,0,0,0,کشف
5500000000,115,1404,2,6,1,1,1,1,شهرک لشکر (شهرک غرب)
6985000000,115,1398,2,5,3,1,1,0,کوثر
5700000000000,117,1402,2,3,3,1,1,1,حجت
1600000000,117,1404,2,1,1,0,1,0,کشف
1350000000,130,1400,2,0,0,0,0,0,کشف
8700000000,130,1402,3,6,6,1,1,1,چهارچشمه
7250000000,135,1389,2,5,1,0,1,1,هفت تیر (حافظ)
3390000000,145,1395,2,5,5,1,1,1,کوی المهدی
8490000000,145,1390,3,4,3,1,1,1,فرهنگ
5850000000,150,1404,3,4,4,1,1,1,مشکینی (شهرک غرب)
8900000000,159,1404,3,3,3,1,1,1,فرهنگ
11000000000,160,1404,3,6,2,1,1,1,فردوسی
5400000000,170,1404,3,4,1,1,1,1,وکیل‌آباد
23000000000,185,1404,3,6,3,1,1,1,سجاد شهر
800000000,50,1399,1,1,1,0,0,0,کشف
1050000000,50,1404,1,0,0,0,0,0,کوی المهدی
1170000000,50,1392,1,4,1,0,0,0,یوسفیه (شهرک غرب)
1600000000,60,1390,2,1,1,0,0,0,حجاب (شهرک غرب)
730000000,55,1400,1,3,3,0,0,0,کشف
800000000,55,1400,1,5,1,0,1,1,رباط طرق
670000000,55,1399,1,0,0,0,0,0,کشف
2350000000,65,1390,1,1,1,1,1,1,چهارچشمه
990000000,70,1403,2,3,3,0,0,1,حضرت حجت
1260000000,75,1404,2,2,2,0,0,1,نظام دوست
950000000,70,1404,1,1,1,0,0,0,کشف
750000000,70,1399,1,1,1,0,0,0,کشف
550000000,70,1404,1,2,2,0,0,1,کشف
3500000000,70,1387,2,0,0,1,1,1,آزادشهر
1100000000,75,1403,2,1,1,1,0,1,حضرت حجت
950000000,75,1404,2,0,0,0,0,0,کشف
1170000000,75,1404,2,1,1,0,1,0,کشف
950000000,75,1400,1,0,0,0,0,0,کشف
1270000000,75,1400,2,2,2,1,1,1,حضرت حجت
3150000000,75,1390,2,3,1,0,1,0,نرگس (شهرک غرب)
3150000000,75,1392,2,5,2,0,0,0,امام رضا (ع)
1000000000,78,1399,1,2,1,0,0,0,کشف
1400000000,78,1400,1,2,2,1,0,0,کشف
3300000000,78,1388,2,4,4,1,1,1,صیاد شیرازی
2450000000,78,1394,2,2,2,1,1,1,مشکینی (شهرک غرب)
2500000000,80,1394,2,3,3,1,1,0,الهیه
1480000000,80,1404,2,1,1,0,1,0,کشف
1480000000,80,1404,2,2,2,0,1,0,کشف
1150000000,80,1398,1,0,0,0,1,0,کشف
1900000000,80,1392,2,3,3,0,1,0,مشکینی (شهرک غرب)
4500000000,80,1393,2,1,1,1,1,1,کوشش
1900000000,80,1397,2,4,3,0,0,1,فتح المبین
2100000000,80,1390,2,1,1,0,1,1,هدایت
1020000000,85,1400,1,1,1,0,0,0,کشف
1350000000,85,1404,2,2,1,1,1,0,کشف
1050000000,85,1404,2,0,0,0,0,0,کشف
1500000000,88,1404,2,1,1,0,0,0,کشف
1100000000,90,1400,2,1,1,0,0,0,کشف
1150000000,90,1400,2,2,0,0,0,0,کشف
1200000000,90,1399,1,2,2,0,0,1,کشف
1600000000,90,1404,2,3,3,1,1,0,کشف
1100000000,90,1400,1,3,3,0,0,0,کشف
1900000000,90,1398,2,0,0,1,0,0,شفا
700000000,90,1404,2,3,3,0,1,0,شهید جنگی
950000000,95,1399,1,2,2,0,1,0,کشف
1550000000,95,1404,2,2,2,0,1,1,کشف
1700000000,95,1404,2,2,2,0,1,0,کشف
1280000000,95,1400,2,1,1,0,0,0,کشف
3200000000,105,1394,2,1,1,1,1,0,الهیه
5500000000,120,1404,2,3,3,1,1,1,الهیه
4250000000,125,1398,2,2,2,1,1,1,جانباز
5000000000,155,1402,3,7,7,1,1,1,جانباز
10200000000,170,1390,3,3,1,1,1,1,کلاهدوز
16150000000,170,1404,3,6,3,1,1,1,صیاد شیرازی
7700000000,240,1388,2,3,1,0,1,1,سناباد
900000000,70,1393,1,3,1,0,0,0,دوست آباد
1500000000,85,1400,2,3,1,0,0,0,کوی دروی
1760000000,90,1390,1,4,2,0,0,0,ایثارگران
5200000000,95,1390,2,4,3,1,1,1,سناباد
4750000000,117,1388,2,3,3,0,1,1,هفت تیر (آب و برق)
3650000000,95,1398,2,7,6,1,1,1,الهیه
4750000000,95,1404,2,3,3,1,1,1,هفت تیر (آب و برق)
1000000000,60,1404,1,3,3,0,0,0,سپاد
1750000000,73,1403,2,2,2,1,0,1,فرودگاه
1100000000,95,1403,2,1,1,0,0,1,کشف
1250000000,95,1398,2,3,3,0,0,1,طبرسی شمالی
1850000000,50,1404,2,2,0,0,0,0,شهید بهشتی
3300000000,84,1391,2,3,1,1,1,1,زمرد
4300000000,75,1384,2,4,0,1,1,0,فرهنگ
44000000000,130,1403,3,3,3,1,1,1,فتح المبین
2100000000,75,1403,1,1,1,0,0,1,طلاب
7500000000,170,1391,3,3,1,0,1,1,گوهرشاد
2900000,120,1401,2,1,1,0,1,0,گاز
1200000000,90,1399,2,2,2,0,0,1,حضرت حجت
970000000,60,1396,1,4,1,0,0,0,شهرک امام هادی (شهرک غرب)
3900000000,150,1403,3,1,1,1,1,0,حضرت حجت
1770000000,65,1401,2,2,0,0,0,0,کوه سنگی
1000000000,70,1399,1,0,0,0,0,1,مهدی آباد (بلوار توس)
8600000000,190,1395,3,4,4,1,1,1,چهارچشمه
1100000000,80,1404,1,3,3,0,0,1,نوید
6500000000,135,1395,3,4,2,1,1,1,چهارچشمه
1380000000,80,1404,2,3,3,0,0,1,نوید
1250000000,70,1398,1,3,1,0,0,1,نظام دوست
1400000000,75,1401,2,3,1,0,1,0,منزل آباد
1700000000,65,1395,2,4,4,1,1,1,شهید قربانی
750000000,60,1398,1,3,3,0,0,1,نوید
4100000,90,1384,2,4,1,1,1,1,تربیت (صدف)
850000000,55,1398,1,0,0,0,0,1,نوید
4200000000,104,1393,2,4,2,1,1,0,الهیه
620000000,55,1394,1,0,0,0,0,1,کشف
2400000000,80,1403,2,7,7,1,1,1,موسوی قوچانی
6750000,90,1404,2,5,1,1,1,1,چهارچشمه
4815000000,52,1404,1,3,3,1,1,1,عیدگاه
7250000000,115,1403,2,6,1,1,1,1,سناباد
5450000000,135,1378,3,4,3,0,1,0,فردوسی
7500000000,145,1396,3,6,1,1,1,1,خرمشهر
1199000000,55,1396,1,2,2,0,0,1,یوسفیه (شهرک غرب)
1150000000,70,1403,1,3,3,1,1,1,رباط طرق
1200000000,90,1403,2,1,1,0,1,0,کشف
2200000000,72,1385,2,4,4,0,1,0,جاهد شهر
42000000000,276,1399,4,17,11,1,1,1,هنرستان
7200000000,137,1404,3,9,3,1,1,1,آبادگران
5650000000,145,1403,3,1,1,1,1,1,حسین‌آباد
5400000000,150,1404,3,6,2,1,1,1,ایثار
21000000000,150,1403,3,6,2,1,1,1,احمدآباد
4800000000,115,1403,2,6,6,1,1,1,الهیه
5800000000,165,1404,3,4,4,1,1,1,الهیه
4200000000,109,1397,2,1,1,1,1,1,حسین‌آباد
4300000000,125,1404,3,4,3,1,1,0,چهارچشمه
26000000000,250,1404,3,3,5,1,1,1,هنرستان
1690000000,75,1394,2,3,1,0,1,1,انصار
850000,55,1402,1,4,4,0,0,1,شهرک ابوذر
950000000,75,1396,1,2,2,0,0,0,طبرسی شمالی
1500000000,75,1397,1,2,2,0,0,0,توس فردوسی
2250000000,120,1390,1,3,0,0,1,1,شهرک بهارستان
900000000,100,1404,2,3,3,0,1,1,خواجه ربیع
1750000000,100,1385,1,0,0,0,0,1,طبرسی شمالی
1400000000,75,1400,1,3,3,0,0,0,شهرک بهارستان
1580000000,110,1402,2,3,2,0,0,0,حضرت حجت
1000000000,50,1404,1,5,2,0,0,0,شهرک بهارستان
780000000,110,1400,2,3,3,0,0,0,جانباز
1250000000,80,1395,1,4,4,0,0,1,کوی سیدی
950000000,55,1390,1,2,1,0,0,0,بهمن
1435000000,50,1404,1,2,0,1,1,1,هفت تیر (نه دره)
1000000000,75,1380,1,1,1,0,0,1,توس (بلوار توس)
2150000000,73,1399,2,5,1,1,0,0,شهید مطهری
650000000,58,1404,1,2,2,0,0,1,سیس‌آباد
1300000000,110,1397,2,3,0,0,1,0,بهمن
1100000000,50,1395,1,2,2,0,0,0,یوسفیه (شهرک غرب)
1890000000,50,1385,1,3,3,0,1,0,جاهد شهر
1300000000,60,1399,1,2,2,0,0,1,گلشور
1250000000,14,1402,2,3,0,0,0,0,کشف
2600000000,85,1397,2,5,3,1,1,1,گلبرگ شمالی
900000000,60,1398,1,2,2,0,0,0,شهرک مطهری
1100000000,68,1387,1,4,2,0,0,0,شهرک امام هادی (شهرک غرب)
1700000000,80,1395,1,3,1,0,0,0,پنجتن
3000000000,100,1392,2,8,2,1,1,0,ایثارگران
1050000000,73,1398,1,0,0,0,0,0,کشف
1600000000,70,1393,1,3,3,0,1,1,کوی ولیعصر
1400000000,75,1402,1,6,6,1,1,0,کوی ولیعصر
2750000000,100,1402,2,6,5,1,1,1,رستگار
1000000000,85,1402,1,4,4,0,0,1,شهید قربانی
1830000000,95,1399,2,1,1,0,1,0,پنجتن
23500000000,120,1402,2,5,1,0,1,1,شهرک بهارستان
900000000,75,1390,1,0,0,0,0,0,حضرت حجت
1600000000,50,1400,1,3,3,0,0,0,گلبرگ
3550000000,90,1395,2,8,4,1,1,1,جاهد شهر
2000000000,90,1395,2,3,3,0,0,1,حیدرآباد
1100000000,50,1385,1,4,4,0,1,0,حجاب (شهرک غرب)
2250000000,68,1395,1,6,3,0,1,1,نکاح
2500000000,180,1390,2,1,1,0,0,1,نوید
2800000000,170,1391,2,2,0,0,1,0,کشاورز
9375000000,125,1388,2,4,1,1,1,1,سجاد شهر
3000000000,65,1390,1,2,2,0,0,0,طبرسی شمالی
5600000000,115,1399,2,2,2,1,1,1,الهیه
9000000000,152,1403,3,6,2,1,1,1,کوه سنگی
2840000000,85,1390,2,4,4,0,1,1,آزادشهر
4000000000,100,1382,2,2,2,0,0,1,پنجتن
6950000000,245,1385,2,0,0,0,0,0,کارگران
620000000,90,1404,2,3,3,0,0,0,نوده
1400000000,80,1404,2,2,0,0,0,0,بهمن
21200000000,480,1404,3,6,4,1,1,1,الهیه
6500000000,75,1390,1,3,4,0,0,0,مصطفی خمینی
650000000,45,1394,0,0,0,0,0,0,شهید قربانی
650000000,25,1402,0,5,0,1,0,1,طبرسی شمالی
440000000,28,1395,0,4,0,0,0,1,مهدی آباد (بلوار توس)
2000000000,33,1399,0,2,2,0,0,0,سرافرازان
250000000,65,1401,0,4,4,0,0,0,نظام دوست
11700000000,60,1404,1,5,5,1,1,0,حرم مطهر رضوی
670000000,45,1400,0,0,0,0,0,0,هفت تیر (نه دره)
4600000000,100,1398,2,2,2,1,1,1,الهیه
870000000,70,1401,1,1,1,0,0,1,کشف
910000000,65,1397,1,1,1,0,0,1,کشف
2000000000,70,1395,2,4,1,0,0,0,سرافرازان
1550000000,75,1400,2,0,0,0,0,1,عسگریه
650000000,60,1398,1,0,0,0,0,1,طرق
1300000000,90,1395,1,3,0,0,0,1,حضرت حجت
10000000000,170,1404,3,6,2,1,1,1,فرهنگ
3100000000,125,1403,2,4,4,1,0,0,رستگار
1950000000,75,1404,2,4,4,1,0,0,مشکینی (شهرک غرب)
1340000000,70,1401,2,3,0,0,0,1,هفت تیر (نه دره)
4050000000,74,1391,2,4,2,1,1,1,تربیت (صدف)
2270000000,75,1389,2,3,2,0,1,1,ولیعصر (شهرک غرب)
4600000000,85,1388,2,4,4,1,1,1,چهارچشمه
2900000000,75,1389,2,4,4,1,1,1,حجاب (شهرک غرب)
3330000000,90,1386,2,3,3,0,1,1,تربیت (صدف)
8500000000,140,1391,3,4,2,1,1,1,هنرستان
9800000000,157,1395,3,2,2,1,1,1,آزادشهر
1100000000,70,1391,1,3,3,0,0,1,شهرک مهر آباد
840000000,78,1393,2,3,3,0,1,1,ادیب نیشابوری (شهرک غرب)
4000000000,210,1400,3,4,3,0,0,1,شفا
6000,96,1385,2,5,0,1,1,1,رضاشهر
4500000000,140,1402,2,2,2,1,1,1,پنجتن
1850000000,51,1387,1,3,1,0,1,1,هفت تیر (نه دره)
3200000000,60,0,1,7,7,1,1,0,آپارتمان های مرتفع
3000000000,80,1391,2,5,5,1,1,1,الهیه
1900000000,120,1390,2,4,1,0,0,1,حضرت حجت
5800000000,135,1404,3,3,3,1,1,1,الهیه
11000000000,182,1401,3,7,4,1,1,1,گوهرشاد
7300000000,185,1394,3,6,3,1,1,1,اقبال
14820000000,190,1404,3,6,4,1,1,1,فرهنگ
9980000000,190,1402,3,1,1,1,1,1,فارغ التحصیلان
1050000000,50,1396,1,4,4,0,0,1,امیر
800000000,60,1402,1,0,0,0,0,0,کشف
1200000000,75,1400,1,5,5,1,0,0,شهرک امام هادی (شهرک غرب)
1800000000,75,1398,2,2,2,0,0,0,کوی ولیعصر
1750000000,83,1397,2,3,2,0,0,0,شهرک مهر آباد
1400000000,80,1392,1,3,1,0,0,0,محمدآباد
3850000000,90,1390,2,4,4,1,1,1,رضاشهر
1100000000,96,1403,2,3,3,0,1,1,علی آباد
4160000000,104,1404,2,7,4,1,1,1,جاهد شهر
5200000000,120,1398,3,3,3,1,1,1,ولیعصر (شهرک غرب)
9180000000,160,1403,3,6,5,1,1,1,آزادشهر
9500000000,203,1404,4,6,4,1,1,1,الهیه
22000000000,500,1393,2,2,2,0,1,1,تربیت (صدف)
1837000000,75,1401,2,4,4,0,0,0,حیدرآباد
1150000000,85,1404,2,4,1,0,0,0,مهدی آباد (بلوار توس)
6985000000,127,1404,2,6,3,1,1,1,هفت تیر (آب و برق)
5150000000,116,1396,3,4,1,1,1,1,جانباز
9600000000,155,1404,3,2,2,1,1,1,دانشجو
4000000000,100,1404,2,2,2,1,1,1,حسین‌آباد
4380000000,100,1392,2,3,3,1,1,1,زیبا شهر
7600000000,160,1404,3,6,6,1,1,1,شهید رضوی
1900000000,110,1396,3,3,3,0,0,1,ایثارگران
8300000000,158,1397,4,5,1,1,1,1,آزادشهر
1100000000,50,1404,1,0,0,0,0,0,هفت تیر (نه دره)
580000000,70,1397,1,0,0,0,0,1,کشف
4170000000,112,1393,2,1,1,0,1,1,چهارچشمه
3150000000,110,1395,3,8,6,1,1,1,الهیه
1200000000,100,1394,1,0,0,0,1,1,چهاربرج
8500000000,154,1402,3,1,1,1,1,1,سید رضی
11500000000,172,1397,3,5,3,1,1,1,شهید بهشتی
3800000000,80,1385,2,2,2,0,1,1,سناباد
699000000,55,1404,1,1,1,1,1,0,حضرت حجت
5100000000,130,1397,3,5,5,1,1,1,جاهد شهر
1420000000,80,1397,2,1,1,1,0,0,امیریه
4150000000,124,1400,2,2,2,1,1,1,الهیه
3500000000,95,1404,2,2,2,0,1,1,توس (بلوار توس)
4000000000,100,1400,2,2,2,1,1,1,الهیه
13900000000,157,1404,3,7,6,1,1,1,فلسطین
3100000000,68,1388,1,1,1,0,1,1,کوثر
970000000,57,1398,1,4,4,0,0,1,شفا
1200000000,85,1402,1,4,0,0,0,1,خواجه ربیع
3900000000,135,1404,3,6,2,1,1,1,حضرت حجت
2280000000,80,1383,2,4,4,0,1,1,شهرک رازی (شهرک غرب)
5500000000,95,1404,2,1,1,1,1,1,هنرستان
4000000000,117,1392,2,3,3,1,0,1,آیت الله کاشانی
875000000,60,1404,1,4,4,0,0,0,ابوذر
7000000000,138,1404,3,5,4,1,1,1,آبادگران
4750000000,112,1403,2,6,3,1,1,1,الهیه
5950000000,115,1390,2,4,2,0,1,1,رضاشهر
6000000000,120,1389,2,3,3,1,1,1,هنرستان
5040000000,126,1403,2,5,3,1,1,1,الهیه
12500000000,200,1404,3,1,1,1,1,1,گوهرشاد
1380000000,55,1397,1,0,0,0,0,0,مشکینی (شهرک غرب)
2500000000,78,1396,2,7,7,1,1,1,مشکینی (شهرک غرب)
1650000000,90,1395,1,2,2,0,0,0,شهرک امام هادی (شهرک غرب)
960000000,55,1390,1,2,2,0,0,0,توس (بلوار توس)
9150000000,160,1400,3,5,2,1,1,1,فرهنگ
1700000000,50,1385,1,0,0,0,0,1,حجاب (شهرک غرب)
4350000000,93,1387,2,2,2,0,1,1,کوثر
7900000000,193,1393,3,6,6,1,1,1,جاهد شهر
110000000000,1840,1404,4,8,8,1,1,1,امام رضا (ع)
52000000000,420,1404,2,4,4,1,1,1,امام رضا (ع)
18500000000,300,1404,4,4,4,1,1,1,امام رضا (ع)
180000000000,2700,1404,3,6,6,1,1,1,امام رضا (ع)
3500000000,92,1404,2,5,1,1,1,1,الهیه
4200000000,137,1372,3,4,4,0,1,1,سناباد
2500000000,50,1380,1,3,3,0,0,0,رضاشهر
2500000000,78,1391,2,3,2,0,1,1,حجاب (شهرک غرب)
1080000000,65,1396,1,3,3,0,0,1,رضاییه
820000000,75,1390,1,2,1,0,1,0,کشاورز
1550000000,60,1404,1,5,5,1,0,0,گاز
8225000000,253,1387,3,5,0,0,1,1,طبرسی شمالی
3800000000,77,1387,2,4,3,1,1,1,پردیس
5200000000,75,1382,2,2,1,0,0,0,زمرد
5000000000,64,1387,3,3,3,0,0,1,دانشجو
4500000000,105,1389,3,3,0,0,1,1,شهرک امام هادی (شهرک غرب)
9000000000,170,1404,3,3,3,1,1,1,الهیه
4950000000,30,1400,0,0,0,0,0,0,شهید بهشتی
4550000000,110,1388,2,3,1,0,1,1,امام خمینی
3300000000,80,1388,2,3,3,0,1,1,رضاشهر
22000000000,423,1381,4,2,2,0,1,0,امام خمینی
3000000000,75,1390,2,4,3,0,1,1,شهید مطهری
6960000000,98,1404,2,6,3,1,1,1,امام رضا (ع)
750000000,65,1404,1,1,1,0,0,0,حضرت حجت
1220000000,68,1400,1,2,2,0,0,0,شهید قربانی
3700000000,125,1397,2,3,1,1,1,1,زمرد
1180000000,60,1390,1,1,1,0,0,1,بهمن
2000000000,75,1394,2,4,0,0,0,0,مشکینی (شهرک غرب)
3200000000,1103,1395,2,4,2,1,1,1,یاس
1250000000,85,1395,2,2,2,0,0,0,بهمن
8000000000,250,1390,2,3,1,0,1,0,ابوذر
3500000000,90,1393,2,2,2,1,1,0,طلاب
1200000000,65,1391,2,1,1,0,0,1,شهرک امام هادی (شهرک غرب)
1800000000,85,1395,2,5,3,1,0,0,حضرت حجت
2000000000,80,1390,2,1,1,0,0,0,رستگار
960000000,45,1385,1,4,3,0,0,1,ایثارگران
700000000,50,1395,1,4,0,0,0,0,حضرت حجت
1160000000,60,1401,1,3,1,0,0,0,نظام دوست
1000000000,65,1390,1,3,3,0,0,1,بهمن
865000000,65,1400,2,5,5,0,0,1,حضرت حجت
1600000000,75,1395,2,4,1,0,0,1,شهرک امام هادی (شهرک غرب)
2430000000,135,1399,2,5,5,1,1,1,حضرت حجت
910000000,95,1397,1,3,3,0,0,0,کلاکوب
1550000000,80,1396,2,2,2,0,1,1,پنجتن
975000000,85,1402,1,2,1,0,1,0,نوده
12000000000,85,1392,2,2,2,0,1,1,شهرک مهرگان
5000000000,89,1384,2,0,0,0,1,1,هفت تیر (آب و برق)
1750000000,50,1388,1,0,0,0,1,0,الهیه
190000000000,2280,1399,4,4,6,1,1,1,چهارباغ
28000000000,250,1380,4,5,5,1,1,1,هفده شهریور
27000000000,900,1399,2,5,5,1,0,1,نوغان
1000000000,4233,1402,4,6,0,1,1,1,امام رضا (ع)
50000000000000,100000,1404,4,20,20,1,1,1,امام رضا (ع)
160000000000,1551,1397,4,8,8,1,1,1,چهارباغ
149000000000,260,1390,4,8,8,1,1,1,حرم مطهر رضوی
5750000000,185,1380,2,3,0,0,1,1,امام رضا (ع)
1800000000,75,1400,1,0,0,0,1,1,انقلاب
14700000000,240,1403,3,0,0,1,1,1,هفت تیر (آب و برق)
9600000000,238,1380,3,0,0,0,1,1,هفت تیر (آب و برق)
850000000,50,1404,1,6,0,0,0,1,بهمن
750000000,50,1397,1,0,0,0,0,0,طبرسی شمالی
1100000000,85,1387,2,0,0,0,0,0,شهید بصیر
7100000000,115,1404,2,6,0,1,1,1,نیروی هوایی
1500000000,45,1385,1,0,0,0,1,0,الهیه
1350000000,85,1402,2,0,0,0,0,1,مشهدقلی
580000000,130,1404,4,3,3,0,0,1,نظام دوست
450000000,92,1404,0,2,3,0,0,0,توس (بلوار توس)
220000000,90,1404,2,3,3,0,0,1,شهید بصیر
770000000,110,1404,2,3,3,1,1,0,طبرسی شمالی
950000000,100,1404,0,5,5,1,0,0,شفا
440000000,85,1404,2,2,3,0,0,1,منزل آباد
500000000,75,1404,0,1,1,0,0,0,هفت تیر (نه دره)
310000000,50,1404,2,3,3,0,0,1,همت آباد
250000000,65,1404,0,1,1,0,1,1,نوده
600000000,75,1404,1,5,5,1,0,0,کوی سیدی
600000000,80,1403,1,4,4,0,0,0,سرافرازان
200000000,50,1403,1,3,3,0,0,1,مهدی آباد (بلوار توس)
220000000,165,1404,0,3,3,0,0,1,کشف
550000000,110,1396,2,0,0,0,1,1,شهرک مهرگان
8900000000,175,1404,3,6,2,1,1,1,دانشجو
1350000000,45,1404,1,6,6,1,1,1,عیدگاه
1000,118,1404,2,6,3,1,1,1,الهیه
11100000000,157,1404,3,6,5,1,1,1,دانشجو
12000000000,150,1404,3,6,6,1,1,1,شهید فرامرز عباسی
2400000000,110,1404,2,6,5,1,1,1,شهرک امام هادی (شهرک غرب)
3050000000,50,1386,1,3,0,0,1,1,نیروی هوایی
7920000000,135,1395,3,4,3,1,1,1,رضاشهر
5780000000,145,1390,3,3,2,0,1,1,دانشجو
10800000000,153,1401,3,5,5,1,1,1,فرهنگ
11160000000,155,1404,3,4,4,1,1,1,رضاشهر
9100000000,170,1404,3,4,4,1,1,1,هفت تیر (آب و برق)
930000000,65,1400,1,4,0,0,0,0,طبرسی شمالی
2690000000,81,1390,2,0,0,0,1,1,الهیه
880000000,63,1400,2,3,0,0,0,0,منزل آباد
1090000000,70,1403,2,4,4,0,0,0,وحید
2900000000,125,1404,2,5,3,1,0,1,شهرک امام هادی (شهرک غرب)
6750000000,130,1383,3,4,1,1,1,1,چهارچشمه
3850000000,130,1398,2,3,3,1,1,0,طلاب
12640000000,160,1404,3,6,2,1,1,1,آزادشهر
7410000000,130,1404,3,5,2,1,1,1,نیروی هوایی
6300000000,150,1402,3,2,5,1,1,1,پروین اعتصامی
1900000000,100,1396,2,1,1,0,0,0,قائم
2500000000,110,1394,2,3,2,0,0,0,کوی المهدی
1480000000,110,1404,2,2,2,0,0,0,شهرک مطهری
900000000,50,1390,1,0,0,0,0,0,نوید
1850000000,75,1398,1,2,2,0,0,1,محمدآباد
4900000000,112,1398,2,5,1,1,1,1,جاهد شهر
1560000000,64,1400,2,4,3,1,1,1,شهید قربانی
2550000000,110,1403,2,1,1,1,1,0,شهرک بهارستان
1450000000,65,1395,1,0,0,0,0,0,گلشور
6000000000,110,1403,2,17,10,1,1,1,رضاشهر
1000,250,1403,3,6,4,1,1,1,الهیه
10500000000,150,1398,3,4,4,1,1,1,کوثر
4900000000,82,1385,2,4,4,1,1,1,جانباز
3200000000,80,1388,2,3,3,0,1,1,هفت تیر (آب و برق)
16000000000,244,1402,3,6,5,1,1,1,هفت تیر (آب و برق)
15200000000,160,1400,3,5,1,1,1,1,هنرستان
3960000000,180,1397,3,3,3,0,1,1,رستگار
2530000000,110,1395,2,1,1,1,1,1,امیر
6600000000,94,1396,2,3,3,1,1,1,نوفل لوشاتو
11500000000,210,1404,3,6,6,1,1,1,الهیه
2900000000,135,1403,3,5,4,1,0,1,شهرک بهارستان
7300000000,160,1404,3,4,4,1,1,1,جاهد شهر
2850000000,100,1404,2,1,1,1,0,0,انقلاب
10990000000,160,1404,3,5,4,1,1,1,نیروی هوایی
11900000000,170,1404,3,6,5,1,1,1,آزادشهر
4090000000,70,1388,2,4,4,1,1,1,هفت تیر (حافظ)
4600000000,80,1390,2,4,1,1,1,1,فرهنگ
4000000000,53,1397,1,11,11,1,1,1,عیدگاه
5700000000,94,1392,2,4,2,1,1,0,شیرودی
1585000000,80,1394,1,3,1,0,0,0,ایثارگران
1050000000,55,1402,1,4,4,0,0,1,گلبرگ
980000000,75,1401,1,3,1,0,0,1,طبرسی شمالی
1020000000,55,1397,1,4,4,0,0,0,ایثارگران
2300000000,95,1404,2,1,1,1,1,1,توس (بلوار توس)
9400000000,174,1402,3,6,1,1,1,1,شهید رضوی
5439000000,98,1404,2,5,4,1,1,1,هفت تیر (آب و برق)
6900000000,138,1404,3,6,2,1,1,1,الهیه
9200000,188,1403,3,5,5,1,1,1,شاهد (شهرک غرب)
4200000000,92,1404,2,6,6,1,1,1,هفت تیر (آب و برق)
2550000000,60,1386,1,0,0,0,1,1,شهرآرا
850000000,50,1400,1,0,0,0,0,0,رباط طرق
1650000000,60,1392,2,3,3,0,0,0,امامیه (شهرک غرب)
1340000000,100,1403,2,3,3,0,0,1,نوید
3650000000,100,1390,2,3,3,1,1,1,الهیه
4250000000,100,1404,2,1,1,1,1,1,الهیه
4100000000,107,1396,2,5,4,1,1,1,جاهد شهر
3000000000,110,1404,2,3,3,1,1,1,امیریه
4480000000,113,1398,2,3,3,1,1,1,جاهد شهر
5320000000,115,1403,2,6,3,1,1,1,الهیه
7700000000,120,1398,2,0,0,1,1,1,هنرستان
5400000000,120,1402,2,5,2,1,1,1,جاهد شهر
12000000000,130,1391,2,5,3,1,1,1,فلسطین
6790000000,135,1404,3,5,5,1,1,1,فرهنگیان (شهرک غرب)
11500000000,160,1404,3,4,4,1,1,1,دانشجو
10200000000,175,1403,3,2,2,1,1,1,آزادشهر
12950000000,175,1404,3,2,2,1,1,1,سید رضی
14000000000,180,1404,3,6,5,1,1,1,رضاشهر
8500000000,200,1401,3,4,3,1,1,1,فرهنگیان (شهرک غرب)
5750000000,115,1391,2,1,1,1,1,1,هنرستان
2700000000,55,1394,1,0,0,0,0,1,تربیت (صدف)
1050000000,55,1385,1,2,0,0,0,1,گاز
922000000,60,1391,1,5,5,0,0,0,یوسفیه (شهرک غرب)
1200000000,60,1403,0,2,2,0,0,0,نظام دوست
3100000000,68,1389,1,0,0,0,1,1,رضاشهر
2500000000,68,1392,1,0,0,1,1,1,نیروی هوایی
1480000000,75,1397,2,4,4,0,0,1,یوسفیه (شهرک غرب)
1200000000,75,1402,1,4,4,0,0,0,شهرک امام هادی (شهرک غرب)
2000000000,85,1398,2,4,4,1,0,0,یوسفیه (شهرک غرب)
4200000000,80,1386,2,4,4,1,1,1,دانشجو
1850000000,80,1401,2,0,0,0,0,1,کوه سنگی
1900000000,85,1401,2,3,3,0,0,1,شفا
4000000000,92,1398,2,2,2,1,1,1,سپاد
3900000000,95,1404,2,6,4,1,1,1,امیریه
1550000000,80,1390,2,3,3,0,0,0,انقلاب
2990000000,100,1404,2,4,1,0,0,1,طلاب
6400000000,110,1402,2,0,0,1,1,1,رضاشهر
1840000000,110,1400,2,1,1,0,1,1,چاهشک
4000000000,110,1404,2,3,3,1,1,1,امیریه
4985000000,114,1401,2,6,3,1,1,1,الهیه
5300000000,115,1386,2,6,6,1,1,1,سید رضی
4620000000,120,1402,2,2,2,1,1,1,امیریه
6800000000,136,1404,3,4,4,1,1,1,حسابی جنوبی (شهرک غرب)
13900000000,145,1404,3,6,2,1,1,1,صیاد شیرازی
6410000000,150,1404,3,2,2,1,1,1,جاهد شهر
11200000000,160,1404,3,5,1,1,1,1,رضاشهر
2300000000,50,1404,1,1,1,1,0,0,چهنو
1550000000,50,1383,1,3,3,0,1,0,حجاب (شهرک غرب)
1240000000,60,1398,1,4,1,0,0,1,صیاد شیرازی
1500000000,65,1387,1,0,0,0,0,0,گلبرگ
1190000000,75,1404,1,0,0,0,0,0,شهید بصیر
1500000000,75,1404,2,2,1,0,0,0,کشف
1500000000,77,1404,2,5,3,1,0,1,توس (بلوار توس)
3050000000,79,1395,2,4,4,1,1,1,الهیه
3550000000,84,1389,2,1,1,0,1,1,هفت تیر (نه دره)
4250000000,87,1404,2,5,3,1,1,1,فرهنگیان (شهرک غرب)
100000,90,1401,2,2,1,0,0,1,شهرک امام هادی (شهرک غرب)
4165000000000,95,1393,2,4,1,1,1,1,فرهنگیان (شهرک غرب)
7000000000,95,1402,2,1,1,1,1,1,رضاشهر
3000000000,90,1390,2,4,1,0,0,1,زیبا شهر
5500000000,100,1383,2,2,2,0,1,1,ایثارگران
2300000000,75,1404,2,1,1,1,1,1,نظام دوست
12000000000,230,1375,2,0,0,0,1,1,فرهنگیان (شهرک غرب)
13000000000,200,1388,2,2,0,0,1,1,فرهنگیان (شهرک غرب)
27000000000,560,1404,3,5,4,1,1,1,الهیه
3550000000,117,1404,2,3,3,1,1,1,جانباز
2500000000,99,1404,2,6,2,1,1,1,الهیه
6300000000,110,1389,2,4,2,1,1,1,نیروی هوایی
3050000000,88,1404,2,5,5,1,1,1,امیریه
2350000000,104,1398,2,6,6,1,0,1,امیر
3650000000,100,1398,2,5,5,1,1,1,الهیه
6600000000,132,1384,3,3,1,0,1,1,کوثر
5500000000,150,1404,3,1,1,1,1,1,موسوی قوچانی
19000000000,260,1394,3,5,0,1,1,1,کوثر
680000000,75,1399,1,0,0,0,0,1,شهید جنگی
2350000000,85,1404,2,5,5,1,1,1,گلبرگ
6200000000,100,1393,2,4,1,1,1,1,نیروی هوایی
3300000000,74,1375,2,4,2,0,1,1,سعد آباد
1400000000,75,1396,1,3,3,0,0,1,نکاح
2200000000,100,1404,2,2,2,1,1,1,امیریه
3500000000,54,1404,1,3,3,1,1,1,حرم مطهر رضوی
5900000000,112,1404,2,5,5,1,1,1,جاهد شهر
900000000,70,1399,2,4,4,0,0,0,بهمن
13750000000,160,1404,2,4,4,1,1,1,فرهنگ
26500000000,270,1404,4,6,3,1,1,1,هنرستان
19400000000,420,1404,3,3,3,1,1,1,الهیه
13400000000,160,1404,3,3,3,1,1,1,فرهنگ
11550000000,175,1404,3,6,3,1,1,1,گوهرشاد
9100000000,160,1404,3,2,2,1,1,1,آزادشهر
9100000000,162,1404,3,2,2,1,1,1,آزادشهر
8900000000,165,1404,3,3,3,1,1,1,آزادشهر
4150000000,116,1400,2,6,6,1,1,1,امیریه
1150000000,75,1403,2,4,2,0,0,0,شهید قربانی
1780000000,110,1395,1,3,0,0,1,1,وکیل‌آباد
9950000000,155,1404,3,2,2,1,1,1,فارغ التحصیلان
2000000000,85,1400,2,3,3,1,1,1,کوی سیدی
10900000000,187,1402,3,6,5,1,1,1,شهید فرامرز عباسی
10700000000,214,1396,3,1,1,1,1,1,گوهرشاد
2200000000,90,1390,2,4,0,0,0,0,هدایت
10300000,160,1404,3,3,3,1,1,1,اقبال
1050000000,80,1404,2,2,2,1,1,1,شهرک رازی (شهرک غرب)
1150000000,80,1404,2,5,2,0,0,0,حضرت حجت
2500000000,90,1392,2,2,2,1,1,1,سرافرازان
7100000000,65,1385,1,1,1,0,0,1,وحید
88000000000,1100,1403,4,5,1,1,1,1,امام رضا (ع)
6570000000,100,1395,2,3,3,1,1,1,تربیت (صدف)
7800000000,172,1402,3,5,4,1,1,1,شاهد (شهرک غرب)
890000000,75,1392,1,5,5,0,0,0,بلال
3200000000,110,1403,2,4,3,0,1,1,چهارچشمه
1000000000,75,1395,1,2,2,0,0,0,توس (بلوار توس)
2300000000,90,1390,2,2,0,0,0,1,یاس
5700000000,134,1389,2,3,1,0,1,1,هفت تیر (آب و برق)
5000000000,110,1385,3,3,1,0,1,0,شهرآرا
45000000000,130,1404,0,6,6,1,0,1,امام رضا (ع)
70000000000,1072,1404,4,4,4,1,1,1,امیریه
110000000000,90,1404,2,5,5,1,1,1,حرم مطهر رضوی
9490000000,130,1404,3,6,4,1,1,1,عنصری
60000000000,120,1403,2,4,4,1,1,1,حرم مطهر رضوی
43000000000,300,1404,4,7,4,1,1,1,احمدآباد
1000000000,60,1403,1,5,2,0,0,1,توس (بلوار توس)
195000000,50,1387,1,1,1,0,1,0,الهیه
4650000000,150,1385,3,3,3,0,1,1,ادیب نیشابوری (شهرک غرب)
3000000000,75,1404,2,3,3,0,0,1,خرمشهر
1800000000,100,1382,2,3,2,0,0,1,شهید قربانی
1600000000,64,1394,2,3,3,1,1,0,شهید قربانی
1300000000,200,1397,2,2,0,0,1,1,شهرک مهرگان
4850000000,145,1404,3,5,2,1,1,0,رضاییه
1000000000,60,1395,1,3,3,0,0,1,یوسفیه (شهرک غرب)
1380000000,100,1396,1,3,3,0,1,1,شهید آوینی
1200000000,100,1403,2,0,0,0,1,0,فریزی
2530000000,85,1404,2,7,5,1,1,1,تلگرد
8500000000,250,1402,3,6,6,1,0,0,ایثار
1180000000,100,1402,1,2,0,0,1,1,سیس‌آباد
4000000000,89,1394,2,4,4,1,1,1,هفده شهریور
4770000000,100,1397,2,4,4,1,1,0,کارمندان دوم
2550000,125,1402,2,4,4,1,1,1,مشهدقلی
700000000,70,1394,1,1,1,0,0,0,کلاته برفی
880000000,58,1400,1,0,0,0,0,1,حضرت حجت
3000000000,100,1400,2,5,3,1,1,1,شهرک امام هادی (شهرک غرب)
2850000,112,1402,2,2,2,1,1,1,خواجه ربیع
850000000,90,1401,1,2,2,0,0,0,کوی دروی
1500000000,100,1400,2,2,2,0,0,1,شهید قربانی
3900000000,100,1395,2,5,5,1,1,0,الهیه
4500000000,100,1404,2,5,3,1,1,1,الهیه
4980000000,100,1403,2,1,1,1,1,1,فرهنگیان (شهرک غرب)
6300000000,105,1385,2,4,2,1,1,0,احمدآباد
6740000000,107,1404,2,5,3,1,1,1,شهرآرا
4500000000,110,1398,2,3,3,1,1,1,الهیه
4300000000,110,1402,2,1,1,1,1,1,امیریه
1400000000,110,1403,2,1,1,0,0,1,توس (بلوار توس)
4440000000,112,1386,2,3,3,0,1,1,سید رضی
5850000000,115,1400,2,6,2,1,1,1,کوه سنگی
9000000000,115,1404,2,6,1,1,1,1,کوه سنگی
5850000000,125,1396,3,4,4,1,1,1,هفت تیر (آب و برق)
6500000000,125,1404,2,1,1,1,1,1,صیاد شیرازی
6920000000,126,1392,2,5,5,1,1,1,سید رضی
5700000000,127,1388,2,1,1,0,1,1,رضاشهر
8200000000,130,1403,3,2,2,1,1,1,هفت تیر (حافظ)
5200000000,130,1398,2,5,2,1,1,1,الهیه
5650000000,135,1404,3,3,3,1,1,1,امیریه
4200000000,135,1403,2,6,1,1,1,1,هنرور
6000000000,140,1403,3,6,3,1,1,1,الهیه
6200000000,148,1398,3,4,4,1,1,1,جاهد شهر
5300000000,153,1400,3,2,2,1,1,1,حسین‌آباد
8550000000,155,1404,3,3,3,1,1,1,چهارچشمه
14000000000,160,1400,3,4,4,1,1,1,ملک‌آباد
12000000000,165,1404,3,5,3,1,1,1,نیروی هوایی
11550000000,165,1404,3,6,6,1,1,1,امام خمینی
11800000000,170,1398,3,5,5,1,1,1,کوه سنگی
28000000000,175,1404,3,6,5,1,1,1,فلسطین
11340000000,180,1404,3,5,5,1,1,1,هنرستان
10000000000,182,1394,3,2,2,1,1,1,دانشجو
13300000000,190,1404,3,6,6,1,1,1,وکیل‌آباد
10050000000,191,1394,3,2,2,1,1,1,دانشجو
13500000000,193,1402,3,3,3,1,1,1,رضاشهر
3500000000,105,1400,2,6,5,1,1,1,کوی سیدی
2550000000,100,1395,2,3,3,1,1,1,فاطمیه
16800000000,210,1404,3,6,6,1,1,1,رضاشهر
14500000000,220,1404,3,1,1,1,1,1,شریف
15200000000,230,1403,4,3,3,1,1,1,کوثر
1600000000,58,1383,2,3,1,0,0,0,امامیه (شهرک غرب)
3890000000,135,1388,2,2,1,0,1,1,میعاد (شهرک غرب)
1000000,310,1388,4,4,4,1,1,1,سجاد شهر
7300000000,120,1380,3,3,1,0,1,0,کوثر
66000000000,470,1404,4,6,6,1,1,1,سجاد شهر
52000000000,105,1403,2,4,0,1,1,1,آیت الله خامنه‌ای
43000000000,522,1404,2,4,3,1,1,1,امام رضا (ع)
1550000000,50,1385,1,3,3,0,1,0,الهیه
2450000000,53,1390,1,3,3,0,1,1,کوه سنگی
950000000,60,1398,1,1,1,0,0,0,کشف
2750000000,60,1388,1,0,0,0,0,1,آزادشهر
2850000000,75,1394,2,1,1,1,1,1,الهیه
2600000000,75,1392,2,3,3,0,1,1,شاهد (شهرک غرب)
900000000,70,1388,2,2,1,0,0,1,قائم
4050000000,75,1386,2,2,2,1,1,1,دانشجو
1700000000,75,1385,2,3,3,0,1,1,الهیه
3850000000,75,1390,2,2,2,1,1,1,وکیل‌آباد
3250000000,76,1385,2,4,3,0,1,1,صیاد شیرازی
2300000000,78,1384,2,3,1,0,1,0,شهرک رازی (شهرک غرب)
3850000000,102,1396,2,4,2,1,1,1,الهیه
3300000000,80,1396,2,4,1,1,1,1,پروین اعتصامی
5300000000,83,1387,2,3,3,0,1,1,احمدآباد
4210000000,84,1389,2,3,3,1,1,1,سید رضی
4400000000000,85,1390,2,1,1,0,1,1,نیروی هوایی
4350000000,84,1392,2,2,2,0,1,1,نیروی هوایی
2200000000,85,1393,2,3,3,0,0,0,مشکینی (شهرک غرب)
4100000000,85,1390,2,3,3,1,1,1,سید رضی
4200000000,86,1397,2,4,1,1,1,1,هفده شهریور
4150000000,89,1389,2,2,2,0,1,1,رضاشهر
3990000000,89,1398,1,4,4,1,1,1,فرهنگیان (شهرک غرب)
3350000000,90,1400,2,4,4,1,1,1,جاهد شهر
4600000000,90,1388,2,0,0,0,1,1,نیروی هوایی
1650000000,90,1385,2,3,3,0,0,0,کوی المهدی
2150000000,93,1400,2,10,3,1,1,1,مهدی آباد (بلوار توس)
3990000000,96,1396,2,4,4,1,1,1,الهیه
6000000000,100,1404,2,1,1,1,1,1,تربیت (صدف)
3310000000,100,1392,2,4,4,0,1,1,آزادشهر
5300000000,100,1398,2,1,1,1,1,0,اقبال
4800000000,110,1390,2,5,4,1,1,1,سناباد
5390000000,110,1403,2,5,5,1,1,1,فرهنگیان (شهرک غرب)
2400000000,110,1402,2,4,4,1,1,1,نوید
5350000000,118,1404,3,6,3,1,1,1,جاهد شهر
7150000000,130,1404,3,5,5,1,1,1,شاهد (شهرک غرب)
14000000000,140,1404,3,6,5,1,1,1,بهشت
7600000000,152,1404,3,5,5,1,1,1,فرهنگیان (شهرک غرب)
10900000000,155,1404,3,3,3,1,1,1,فارغ التحصیلان
13500000000,155,1404,3,6,5,1,1,1,فرهنگ
11500000000,160,1403,3,6,2,1,1,1,فرهنگ
5000,175,1404,3,3,3,1,1,1,فرهنگیان (شهرک غرب)
6350000000,170,1403,3,6,3,1,1,1,الهیه
7611000000,177,1400,3,5,5,1,1,1,الهیه
12500000000,350,1390,4,3,1,0,1,1,امام خمینی
1200000000,50,1400,1,1,1,0,0,0,کوی المهدی
1100000000,60,1393,1,3,1,0,0,1,یوسفیه (شهرک غرب)
1850000000,65,1388,2,3,2,0,0,0,گلبرگ
2380000000,68,1390,2,3,3,0,1,1,شاهد (شهرک غرب)
2550000000,75,1393,2,2,2,1,1,0,امیریه
3600000000,75,1404,2,3,3,1,1,1,نرگس (شهرک غرب)
4580000000,76,1385,2,4,1,1,1,1,دانشجو
3470000000,82,1392,2,5,0,1,1,1,آزادشهر
3000000000,90,1400,2,4,1,1,1,1,حیدرآباد
5400000000,90,1404,2,4,4,1,1,1,فرهنگیان (شهرک غرب)
6930000000,99,1404,2,4,4,1,1,1,هفت تیر (آب و برق)
4350000000,80,1388,2,4,3,1,1,0,سید رضی
3350000000,75,1390,1,1,1,0,1,1,هفت تیر (آب و برق)
2000000000,90,1393,1,1,1,0,0,0,هفت تیر (حافظ)
2000000000,75,1387,1,0,0,0,1,1,رستگار
2200000000,90,1392,2,3,0,0,1,1,توس (بلوار توس)
7000000000,90,1371,1,3,2,0,0,1,فاطمیه
9500000000,183,1398,3,3,1,1,1,1,رضاشهر
3650000000,100,1400,2,1,1,1,1,1,الهیه
5800000000,100,1396,2,4,0,1,1,1,گوهرشاد
5000000000,90,1396,1,3,1,0,1,0,حضرت حجت
2230000000,60,1398,2,0,0,0,1,1,نرگس (شهرک غرب)
15000000000,180,1404,3,6,3,1,1,1,فرهنگ
30000000000,210,1404,3,1,1,1,1,1,احمدآباد
4600000000,110,1400,2,1,1,1,1,1,گلبرگ
9400000000,170,1395,3,5,5,1,1,1,فرهنگ
1400000000,92,1395,1,3,3,0,0,0,سپاد
3900000000,100,1404,2,3,3,1,1,1,الهیه
5300000000,135,1404,3,5,2,1,1,1,الهیه
14100000000,165,1404,3,3,3,1,1,1,فرهنگ
12290000000,154,1404,3,6,3,1,1,1,فرهنگ
3700000000,100,1404,2,6,3,1,1,1,الهیه
4500000000,100,1394,2,2,2,0,1,0,ویلاشهر
5850000,140,1403,3,5,3,1,1,1,جاهد شهر
5400000000,120,1404,2,1,1,1,1,1,شهرک لشکر (شهرک غرب)
4900000000,110,1404,2,3,3,1,1,1,شهرک لشکر (شهرک غرب)
5250000000,110,1401,3,1,1,1,1,1,شهرک لشکر (شهرک غرب)
6000000000,112,1404,2,6,1,1,1,1,شهرک لشکر (شهرک غرب)
5050000000,115,1398,2,4,3,1,1,1,شهرک لشکر (شهرک غرب)
3300000000,102,1396,2,3,3,0,1,1,شهرک لشکر (شهرک غرب)
4100000000,85,1404,2,5,3,1,1,1,شهرک رازی (شهرک غرب)
3370000000,86,1389,2,2,2,0,1,1,شهرک لشکر (شهرک غرب)
4350000000,120,1399,2,6,3,1,1,1,شهرک لشکر (شهرک غرب)
4200000000,77,1404,2,2,2,1,1,1,فرهنگیان (شهرک غرب)
6700000000,120,1400,2,5,1,1,1,1,آبکوه
13300000000,155,1404,3,5,4,1,1,1,فلسطین
5200000000,92,1384,2,4,0,0,1,1,فلسطین
1350000000,90,1403,2,4,1,0,0,1,شهید بصیر
699000000,60,1404,1,1,1,1,0,0,حضرت حجت
1200000000,65,1394,2,2,2,0,0,0,یوسفیه (شهرک غرب)
670000000,55,1403,1,1,1,0,0,0,نوده
700000000,50,1400,1,3,1,0,0,0,نوده
1700000000,100,1390,1,1,1,0,0,0,قائم
1500000000,90,1403,2,4,2,1,1,1,توس (بلوار توس)
730000000,55,1403,1,0,0,0,0,0,شهید بصیر
28000000000,200,0,3,2,2,0,1,0,سجاد شهر
2870000000,125,1398,3,4,0,1,0,1,شفا
9700000000,155,1404,3,6,1,1,1,1,دانشجو
10400000000,160,1404,3,1,1,1,1,1,دانشجو
2600000000,69,1389,2,1,1,1,0,1,وکیل‌آباد
4100000000,124,1396,2,3,2,0,1,1,الهیه
5000000000,85,1395,2,4,3,1,1,1,امام رضا (ع)
5200000000,100,1395,2,5,0,1,1,1,امام رضا (ع)
4445000000,127,1401,2,3,3,1,1,1,طلاب
5000000000,110,1385,2,2,2,1,1,1,حرم مطهر رضوی
3030000000,78,1394,2,1,1,1,1,1,فرهنگیان (شهرک غرب)
2850000000,67,1389,2,4,1,0,1,1,ولیعصر (شهرک غرب)
3350000000,95,1397,2,6,5,1,1,1,جانباز
5000000000,110,1404,2,6,4,1,1,1,الهیه
4500000000,100,1404,2,6,2,1,1,1,الهیه
15300000000,165,1404,3,3,3,1,1,1,فرهنگ
4400000000,105,1401,2,5,3,1,1,1,یاس
1420000000,50,1381,1,3,2,0,1,1,شهرک رازی (شهرک غرب)
3400000000,85,1389,2,5,2,0,1,1,چهارچشمه
2450000000,78,1402,2,3,3,1,0,1,سرافرازان
3350000000,72,1388,2,3,3,1,1,1,شریف
3550000000,85,1388,2,3,3,0,1,1,امام خمینی
4500000000,90,1395,2,4,1,1,1,1,تربیت (صدف)
1840000000,50,1385,1,3,0,0,1,0,جاهد شهر
3950000000,98,1393,2,2,2,1,1,1,الهیه
12980000000,155,1404,3,5,5,1,1,1,فرهنگ
1400000000,73,1403,2,4,3,1,0,0,یوسفیه (شهرک غرب)
2900000000,67,1386,2,4,2,0,1,0,ولیعصر (شهرک غرب)
7742000000,158,1403,3,6,5,1,1,1,ولیعصر (شهرک غرب)
7700000000,173,1404,3,6,1,1,1,1,ولیعصر (شهرک غرب)
1400000000,75,1393,2,2,2,0,0,0,یوسفیه (شهرک غرب)
7200000000,150,1404,3,6,5,1,1,1,میعاد (شهرک غرب)
3900000000,85,1404,2,1,1,1,1,1,فرهنگیان (شهرک غرب)
3850000000,82,1395,2,4,1,1,1,1,فرهنگیان (شهرک غرب)
7611000000,177,1404,3,6,3,1,1,1,شهرک لشکر (شهرک غرب)
2750000000,75,1382,2,3,2,0,1,1,میعاد (شهرک غرب)
2050000000,75,1386,2,4,4,0,1,1,شهرک رازی (شهرک غرب)
1649000000,50,1389,1,2,2,0,0,0,شهرک رازی (شهرک غرب)
3599000000,118,1385,2,2,2,0,1,1,شهرک رازی (شهرک غرب)
2100000000,63,1389,2,4,4,0,1,1,حسابی جنوبی (شهرک غرب)
5500000000,132,1401,3,2,2,1,1,1,شاهد (شهرک غرب)
7300000000,175,1385,3,3,2,0,1,1,گوهرشاد
4000000000,82,1391,2,4,1,1,1,1,گوهرشاد
14800000000,165,1404,3,6,4,1,1,1,آزادشهر
14870000000,175,1402,3,6,3,1,1,1,آزادشهر
13190000000,154,1404,3,6,6,1,1,1,آزادشهر
14400000000,157,1404,3,4,4,1,1,1,فرهنگ
12490000000,165,1401,3,6,3,1,1,1,آزادشهر
13600000000,160,1404,3,4,4,1,1,1,فرهنگ
6950000000,136,1396,3,5,4,1,1,1,گوهرشاد
30000000000,260,1404,3,6,4,1,1,1,کوثر
13850000000,165,1404,3,5,4,1,1,1,رضاشهر
10000000000,200,1404,3,6,6,1,1,1,جاهد شهر
4050000000,107,1401,2,5,2,1,1,0,الهیه
14480000000,160,1404,3,6,6,1,1,1,کوه سنگی
4100000000,100,1397,2,2,2,1,1,1,الهیه
7300000000,165,1404,2,5,5,1,1,1,جاهد شهر
9800000000,155,1404,3,4,4,1,1,1,سید رضی
6500000000,125,1388,3,3,1,0,1,1,کوثر
2530000000,95,1400,2,0,0,0,1,1,شهرآرا
13700000000,161,1404,3,4,4,1,1,1,فرهنگ
7600000000,110,1403,2,6,4,1,1,1,فرهنگ
5000000000,120,1404,2,5,3,1,1,1,الهیه
11500000000,170,1394,3,3,3,1,1,1,هنرستان
2000000000,100,1404,2,6,3,1,1,1,الهیه
25300000000,220,1404,3,5,5,1,1,1,سجاد شهر
11200000000,170,1402,3,6,3,1,1,1,دانشجو
5880000000,145,1404,3,5,3,1,1,1,جاهد شهر
5000000000,120,1400,2,5,3,1,1,1,شهرک رازی (شهرک غرب)
37700000000,297,1404,4,3,3,1,1,1,سجاد شهر
6690000000,120,1382,2,2,1,0,1,1,بهشت
16310000000,185,1404,3,6,3,1,1,1,آزادشهر
3810000000,83,1388,2,1,1,0,1,1,شهرآرا
5300000000,120,1403,2,1,1,1,1,1,شهرآرا
2750000000,78,1389,2,1,1,0,1,1,شهرآرا
3250000000,75,1388,2,3,3,1,1,1,شهرآرا
2500000000,55,1383,1,4,0,0,1,1,شهرآرا
4680000000,102,1397,2,5,5,1,1,1,شهرآرا
3900000000,105,1390,2,3,2,0,1,1,شهرآرا
4880000000,114,1387,2,4,4,1,1,1,شهرآرا
2790000000,64,1386,2,3,3,0,1,1,شهرآرا
3390000000,85,1387,2,3,3,0,1,1,شهرآرا
5280000000,120,1404,2,1,1,1,1,1,شهرآرا
3790000000,79,1388,2,1,1,0,1,1,شهرآرا
2200000000,75,1390,2,2,1,0,0,1,اقبال
3800000000,80,1389,2,1,1,0,1,1,شهرآرا
12650000000,155,1396,3,5,5,1,1,1,کوثر
7500000000,150,1399,3,5,5,1,1,1,نیروی هوایی
15800000000,180,1404,3,4,4,1,1,1,کوثر
14000000000,220,1385,3,3,2,1,1,1,کوثر
18000000000,180,1404,3,5,2,1,1,1,هنرستان
11990000000,160,1404,3,6,2,1,1,1,آزادشهر
12000000000,160,1403,3,3,3,1,1,1,فرهنگ
4500000000,85,1391,2,4,0,1,1,1,امام خمینی
24000000000,300,1404,4,0,0,1,1,1,فرهنگ
85000000,220,1404,3,6,3,1,1,1,سناباد
2550000000,105,1404,2,5,3,1,1,1,توس (بلوار توس)
14600000000,200,1404,3,0,0,1,1,1,وکیل‌آباد
22300000000,165,1404,3,6,6,1,1,1,احمدآباد
1000,190,1404,3,6,2,1,1,1,جاهد شهر
15500000000,170,1404,3,6,4,1,1,1,آزادشهر
130000000000,520,1404,4,4,4,1,1,1,سجاد شهر
13200000000,165,1404,3,2,2,1,1,1,هنرستان
21500000000,216,1404,3,6,1,1,1,1,فردوسی
12400000000,155,1404,3,6,5,1,1,1,فرهنگ
11280000000,94,1403,2,2,2,1,1,1,سلام
12700000000,160,1404,3,6,6,1,1,1,فرهنگ
7640000000,148,1397,3,5,5,1,1,1,کلاهدوز
8690000000,125,1387,2,3,1,0,1,1,سجاد شهر
3300000000,93,1388,2,2,2,1,1,1,الهیه
5350000000,128,1375,2,3,3,1,1,1,سعد آباد
4950000000,130,1402,3,5,5,1,1,1,امیر
6500000000,90,1391,2,1,1,1,1,1,حرم مطهر رضوی
4200000000,80,1379,2,4,3,0,1,1,هفت تیر (حافظ)
5000000000,120,1404,3,5,1,1,1,1,الهیه
6600000000,155,1400,3,5,3,1,1,1,جاهد شهر
55000000,96,1404,2,4,4,1,1,1,شریف
10200000000,160,1404,3,2,2,1,1,1,فارغ التحصیلان
6800000000,125,1404,3,6,5,1,1,1,شهرک لشکر (شهرک غرب)
5100000000,120,1401,2,3,3,1,1,1,الهیه
3900000000,52,1390,1,0,0,1,0,0,امام رضا (ع)
3600000000,107,1388,2,1,1,0,1,1,حجاب (شهرک غرب)
59500000000,120,1404,3,1,1,1,1,1,حجاب (شهرک غرب)
5490000,161,1401,3,4,4,1,1,1,ادیب نیشابوری (شهرک غرب)
90000000000,200,1404,3,5,5,1,1,1,حجاب (شهرک غرب)
9300000000,135,1403,3,5,1,1,1,1,دانشجو
12400000000,165,1404,3,4,4,1,1,1,دانشجو
4800000000,65,1398,1,5,5,1,1,0,جوادیه
2520000000,80,1393,2,7,7,1,1,1,الهیه
7200000000,70,1404,1,3,3,1,1,0,عیدگاه
2850000000,120,1402,3,7,7,1,1,1,مهدی آباد (بلوار توس)
2050000000,65,1389,1,3,3,0,0,1,مشکینی (شهرک غرب)
4500000000,55,1390,1,3,3,1,1,0,سعد آباد
95000000000,1099,1402,3,5,5,1,1,1,سجاد شهر
4500000000,56,1400,1,6,6,1,1,1,عیدگاه
3800000000,45,1400,0,0,0,1,1,1,کوی راد
1850000000,70,1381,2,2,2,0,1,0,الهیه
4500000000,85,1394,2,4,4,1,1,1,جوادیه
5000000000,75,1400,1,2,2,1,1,0,سعد آباد
3350000000,80,1387,2,4,4,1,1,1,صیاد شیرازی
1950000000,79,1404,2,3,3,1,1,1,سیس‌آباد
7800000000,55,1401,1,5,5,1,1,1,عیدگاه
90000000000,1800,1404,4,5,5,1,1,1,الهیه
5500000000,55,1400,1,9,9,1,1,1,عیدگاه
7000000000,70,1404,2,7,6,1,1,1,حرم مطهر رضوی
3050000000,75,1380,2,4,3,1,1,1,پردیس
5600000000,75,1403,2,3,3,1,1,1,جوادیه
2700000000,110,1387,2,2,2,0,1,1,استاد یوسفی (شهرک غرب)
4500000000,65,1400,1,4,4,1,1,1,جوادیه
2100000000,93,1400,2,11,3,1,1,1,مهدی آباد (بلوار توس)
2300000000,93,1402,2,7,7,1,1,1,مهدی آباد (بلوار توس)
90000000000,1000,1404,3,5,1,1,1,1,اقبال
1650000000,50,1385,1,1,1,0,0,0,الهیه
12000000000,150,1404,2,6,6,1,1,1,دانشجو
6600000000,110,1401,2,4,1,1,1,1,سناباد
5950000000,140,1403,2,4,1,1,1,1,سعد آباد
8400000000,120,1404,2,5,2,1,1,1,کلاهدوز
4770000000,100,1390,2,3,3,1,1,1,آبکوه
3700000000,105,1404,2,4,4,1,1,1,عامل
12200000000,165,1404,3,6,3,1,1,1,آزادشهر
12500000000,160,1404,3,6,5,1,1,1,آزادشهر
2750000000,75,1380,2,3,1,0,1,1,میعاد (شهرک غرب)
69300000000,990,1403,3,6,6,1,1,1,دانشجو
145000000000,2100,1388,3,5,4,1,1,1,کوثر
7550000000,175,1390,1,3,3,0,1,1,شهرک رازی (شهرک غرب)
76000000000,1080,1404,3,6,5,1,1,1,آزادشهر
4300000000,113,1394,2,4,3,1,1,1,امیریه
15000000000,166,1404,3,6,2,1,1,1,سجاد شهر
90000000000,150,1404,3,5,6,1,1,1,سجاد شهر
140000000000,170,1404,3,6,6,1,1,1,شهرک شهید باهنر
113300000000,1080,1404,4,7,7,1,1,1,آزادشهر
52000000000,600,1404,3,5,1,1,1,1,امام خمینی
16100000000,183,1400,3,6,3,1,1,1,آزادشهر
84000000000,1050,1404,2,6,6,1,1,1,امام رضا (ع)
57000000000,600,1403,2,5,5,1,1,1,امام رضا (ع)
14000000000,196,1403,3,6,6,1,1,1,امام رضا (ع)
4600000000,124,1397,2,2,2,1,1,1,الهیه
7600000000,165,1400,3,3,3,1,1,1,الهیه
4700000000,95,1404,2,3,3,1,1,1,جاهد شهر
2800000000,80,1388,2,1,1,0,1,1,الهیه
4000000000,110,1404,2,1,1,1,1,1,الهیه
8990000000,165,1404,3,3,3,1,1,1,الهیه
3750000000,105,1398,2,4,2,1,1,1,جاهد شهر
3850000000,100,1395,3,4,3,1,1,1,جاهد شهر
4500000000,105,1402,2,4,4,1,1,1,الهیه
3400000000,100,1396,2,2,2,1,1,1,الهیه
5850000000,135,1399,3,5,5,1,1,1,جاهد شهر
4000000000,98,1395,2,4,4,1,1,1,الهیه
7450000000,150,1403,3,6,5,1,1,1,جاهد شهر
4600000000,100,1401,2,4,4,1,1,1,جاهد شهر
6750000000,135,1403,2,1,1,1,1,1,جاهد شهر
2700000000,70,1388,2,2,2,0,1,1,استاد یوسفی (شهرک غرب)
2200000000,75,1404,1,6,1,1,1,1,هدایت
2950000000,105,1403,2,4,4,1,1,1,گلشور
4900000000,117,1403,2,5,3,1,1,1,الهیه
4900000000,95,1404,2,2,2,1,1,1,الهیه
8100000000,155,1403,3,6,3,1,1,1,آزادشهر
13890000000,172,1403,3,6,2,1,1,1,آزادشهر
13750000000,175,1396,3,5,3,1,1,1,فرهنگ
10600000000,180,1388,3,5,3,1,1,1,آزادشهر
13900000000,170,1400,3,5,5,1,1,1,فرهنگ
8250000000,135,1386,3,2,2,1,1,1,فرهنگ
11750000000,155,1404,3,1,1,1,1,1,آزادشهر
9400000000,155,1404,3,6,6,1,1,1,زیبا شهر
13000000000,200,1404,3,6,3,1,1,1,الهیه
7500000000,110,1404,2,2,2,1,1,1,نیروی هوایی
22800000000,250,1404,4,6,3,1,1,1,دانشجو
17150000000,180,1404,3,5,5,1,1,1,فرهنگ
5000000000,105,1404,2,2,2,1,1,1,الهیه
8750000000,155,1404,3,4,4,1,1,1,سید رضی
6570000000,90,1403,2,6,5,1,1,1,الهیه
4700000000,95,1404,2,2,2,1,1,1,جاهد شهر
8100000000,148,1404,3,3,3,1,1,1,دانشجو
26000000000,250,1404,3,5,5,1,1,1,هنرستان
4400000000,110,1395,2,1,1,1,1,0,سعد آباد
4500000000,100,1389,3,8,0,1,1,1,بهشت
9000000000,150,1404,3,17,1,1,1,1,آبادگران
5300000000,115,1390,2,5,0,1,1,1,سناباد
3999000000000,130,1404,2,4,4,1,1,1,سرافرازان
590000000,78,1401,2,3,3,1,1,1,فردوسی
900000000,85,1400,2,3,2,0,0,1,آپارتمان های مرتفع
870000000,75,1398,2,4,1,1,1,1,ادیب نیشابوری (شهرک غرب)
3250000000,60,1385,1,4,3,0,1,1,تربیت (صدف)
1900000000,95,1399,2,3,3,0,0,0,کوی ولیعصر
50000000,400,1404,2,6,4,1,1,1,جاهد شهر
2400000000,115,1400,2,0,0,1,1,0,خواجه ربیع
13200000000,165,1404,3,6,4,1,1,1,آزادشهر
360000000,67,1399,0,2,2,0,0,0,توس (بلوار توس)
1550000000,190,1394,2,0,0,0,1,1,شهرک مهرگان
2350000000,80,1403,2,5,4,1,0,1,مشکینی (شهرک غرب)
2290000000,85,1396,2,4,3,1,1,1,مشکینی (شهرک غرب)
1850000000,85,1391,2,3,3,0,1,0,مشکینی (شهرک غرب)
3500000000,125,1394,2,6,2,1,1,1,شهید مطهری
5950000000,175,1404,3,6,6,1,1,1,شهید مطهری
2500000000,55,1385,1,3,2,0,1,1,سعد آباد
4250000000,96,1386,2,4,4,1,1,1,سعد آباد
4750000000,155,1404,3,6,5,1,1,1,شهید مطهری
2170000000,60,1385,1,3,3,0,1,1,هنرور
2260000000,85,1397,2,1,1,0,1,1,شهید مطهری
3500000000,140,1396,2,5,5,1,1,0,سمزقند
4700000000,152,1404,3,5,5,1,1,1,شفا
2250000000,76,1384,2,4,3,0,1,0,شهید مطهری
2830000000,100,1396,2,3,3,1,0,1,شهید مطهری
1780000000,90,1390,1,3,2,0,0,0,شفا
1850000000,72,1397,2,4,3,0,0,1,سمزقند
1920000000,80,1404,2,6,0,1,0,1,شهید مطهری
17500000000,160,1404,3,6,6,1,1,1,وکیل‌آباد
11500000000,160,1403,3,3,3,1,1,1,فرهنگ
10600000000,165,1395,3,2,2,1,1,1,فرهنگ
7550000000,150,1387,3,3,3,1,1,1,فرهنگ
10500000000,157,1403,3,6,3,1,1,1,فرهنگ
11500000000,170,1403,3,1,1,1,1,1,فرهنگ
9690000000,160,1393,3,5,3,1,1,1,فرهنگ
20500000000,185,1404,3,1,1,1,1,1,فرهنگ
17000000000,195,1404,3,3,3,1,1,1,هنرستان
8480000000,160,1404,3,6,4,1,1,1,زیبا شهر
900000000,65,1392,1,3,3,0,0,0,حضرت حجت
3990000000,105,1394,2,4,3,1,1,1,امیریه
13000000000,170,1404,3,6,3,1,1,1,کوثر
6000000000,146,1397,3,4,4,1,1,1,حسین‌آباد
2050000000,79,1400,2,1,1,1,1,1,سیس‌آباد
16000000000,48,1404,0,4,4,1,1,0,ملک‌آباد
4000000000,80,1396,1,2,2,0,0,1,کلاهدوز
12100000000,220,1404,2,3,3,1,1,1,الهیه
2000000,75,1383,2,2,2,0,1,1,بهاران
8000000000,153,1381,3,3,2,0,1,1,وکیل‌آباد
8200000000,163,1399,3,5,1,1,1,1,الهیه
13000000000,200,1404,3,5,5,1,1,1,اقبال
1130000000,50,1394,1,3,2,0,0,0,یوسفیه (شهرک غرب)
8800000000,200,1404,3,3,3,1,1,1,چهارچشمه
1400000000,80,1398,2,3,3,1,1,1,الهیه
10990000000,144,1402,3,3,3,1,1,1,فرهنگ
6800000000,146,1388,3,3,3,0,1,1,فرهنگ
14000000000,144,1396,3,5,1,1,1,1,جاهد شهر
9100000000,240,1404,0,0,0,0,1,0,سجاد شهر
10300000000,175,1402,3,6,5,1,1,1,آزادشهر
17000000000,180,1403,3,3,1,0,1,1,کوثر
1600000000,70,1399,1,4,4,1,0,0,شهرک امام هادی (شهرک غرب)
5500000000,150,1401,3,5,4,1,1,1,شهرک رازی (شهرک غرب)
97000000000,1090,1404,3,3,3,1,1,1,فردوسی
3000000000,111111,1404,0,0,0,1,1,1,حرم مطهر رضوی
100000,150,1404,3,1,1,1,1,1,دانشجو
2900000000,117,1388,2,3,3,0,0,1,عبادی
1200000000,80,1397,1,2,0,0,0,0,شهید قربانی
7000000000,160,1404,3,6,3,1,1,1,نرگس (شهرک غرب)
2500000000,85,1393,2,3,3,1,1,0,هنرور
5800000000,100,1404,2,2,2,0,1,1,دوست آباد
8000000000,225,1398,3,0,0,0,1,1,وکیل‌آباد
16000000000,178,1404,3,3,3,1,1,1,فرهنگ
11300000000,158,1404,3,4,4,1,1,1,آزادشهر
8150000000,126,1402,3,1,1,1,1,1,دانشجو
50000,94,1403,2,6,2,1,1,1,الهیه
26500000000,183,1404,3,3,3,1,1,1,سجاد شهر
675000000,15,1404,0,0,0,0,1,1,پنجتن
13500000000,160,1404,3,6,4,1,1,1,فرهنگ
9500000000,200,1404,3,6,3,1,1,1,جاهد شهر
4150000000,90,1396,2,4,1,1,1,1,فرهنگیان (شهرک غرب)
9500000000,210,1403,3,6,4,1,1,1,شهرک لشکر (شهرک غرب)
13950000000,175,1392,3,4,2,1,1,1,ملک‌آباد
8700000000,135,1385,3,4,2,1,1,1,فلسطین
1000,160,1404,3,6,3,1,1,1,فلسطین
4990000000,110,1376,2,3,2,0,1,1,فلسطین
25400000000,165,1404,3,6,5,1,1,1,سجاد شهر
26000000000,165,1404,3,5,5,1,1,1,سجاد شهر
50000000000,320,1404,4,6,5,1,1,1,سجاد شهر
45000000000,360,1404,4,6,4,1,1,1,سجاد شهر
60000000000,365,1404,4,5,5,1,1,1,ملک‌آباد
27500000000,170,1404,3,3,3,1,1,1,ملک‌آباد
790000000,70,1400,1,4,0,0,0,1,توس (بلوار توس)
3100000000,98,1396,2,5,2,1,1,1,الهیه
1250000000,95,1404,2,4,4,0,0,0,نظام دوست
80000000000,80,1374,1,1,1,0,0,0,گلبرگ شمالی
1900000000,100,1404,2,4,0,1,1,1,پنجتن
2650000000,110,1389,2,3,1,0,0,1,مصطفی خمینی
4000000000,78,1387,2,2,2,1,1,1,حرم مطهر رضوی
11000000000,230,1400,0,0,0,0,0,0,سپاد
8000000000,180,1404,3,6,3,1,1,1,الهیه
3000000000,78,1384,2,2,2,0,1,1,خرمشهر
1500000000,65,1399,1,0,0,1,0,0,یوسفیه (شهرک غرب)
48650000000,350,1404,4,6,5,1,1,1,احمدآباد
13900000000,175,1403,3,6,6,1,1,1,فرهنگ
5400000000,120,1404,2,1,1,1,1,1,شهرک لشکر (شهرک غرب)
12500000000,170,1404,3,6,6,1,1,1,فرهنگ
1699000000,80,1404,2,2,2,0,1,1,منزل آباد
20250000000,107,1403,2,1,1,0,1,1,کشف
1500000000,80,1397,2,3,3,0,0,0,ایثارگران
1800000000,130,1404,3,3,3,0,0,1,شهید قربانی
1300000000,70,1390,1,0,0,0,0,0,ایوان
72000000,55,1400,1,1,1,0,0,1,رباط طرق
1370000000,75,1404,1,3,3,0,0,1,کوی سیدی
1250000,54,1391,2,2,0,0,0,0,شهرک مطهری
1650000000,95,1395,1,2,1,0,0,1,حضرت حجت
1600000000,100,1402,2,1,1,0,0,1,شهرک امام هادی (شهرک غرب)
1550000000,75,1400,2,2,2,0,0,1,ایثارگران
1300000000,90,1397,2,2,1,0,0,0,پروین اعتصامی
1600000000,55,1398,1,2,1,0,0,1,شیرحصار
1020000000,51,1394,1,0,0,0,0,0,نیزه
700000000,50,1399,1,0,0,0,0,1,دوست آباد
1480000000,95,1400,2,3,1,0,0,1,طبرسی شمالی
900000000,93,1393,2,2,2,0,1,1,فریزی
1800000000,75,1400,2,3,3,0,0,1,کوی ولیعصر
1150000000,120,1400,2,1,1,0,0,1,بهمن
1250000000,70,1380,1,1,1,0,0,0,سپاد
1400000000,75,1400,1,5,5,1,0,0,شهرک امام هادی (شهرک غرب)
1100000000,95,1397,1,0,0,0,0,1,شهید جنگی
870000000,50,1388,1,2,0,0,0,1,نظام دوست
1800000000,110,1400,2,1,1,0,0,0,خواجه ربیع
650000000,63,1400,0,0,0,0,0,1,نوید
1150000000,55,1398,1,5,0,0,0,0,رسالت
720000000,65,1377,1,0,0,0,0,1,کوی دروی
1370000000,90,1397,2,0,0,0,1,1,توس (بلوار توس)
840000000,50,1398,1,0,0,0,0,0,رباط طرق
556000000,60,1398,1,2,2,0,0,1,کوشک مهدی
1100000000,68,1390,1,0,0,0,0,1,نوید
885000000,75,1400,1,2,2,0,0,0,شهید قربانی
780000000,80,1402,2,0,0,0,0,1,پنجتن
1200000000,68,1396,1,3,3,0,0,1,تلگرد
900000000,73,1398,2,0,0,0,0,1,توس (بلوار توس)
900000000,60,1385,1,1,1,0,0,0,سیس‌آباد
17700000000,182,1403,3,7,3,1,1,1,شهرک شهید باهنر
5500000000,94,1404,2,1,1,1,1,1,گوهرشاد
5900000000,130,1393,3,3,1,1,1,0,سعد آباد
9000000000,185,1386,3,3,1,0,1,1,آبکوه
5300000000,118,1385,3,4,2,0,1,1,سناباد
6440000000,145,1387,3,4,2,1,1,1,سناباد
6500000000,150,1380,3,4,3,0,1,1,فردوسی
6600000000,110,1400,2,1,1,1,1,0,زمانه
9900000000,160,1404,3,2,2,1,1,1,دانشجو
4600000000,102,1398,2,4,1,1,1,1,شهرک لشکر (شهرک غرب)
750000000,100,1403,2,2,2,0,0,0,ایثارگران
2750000000,85,1385,2,4,4,0,1,0,گلبرگ
4750000000,108,1395,2,4,4,1,1,1,فتح المبین
3050000000,85,1404,2,1,1,1,1,1,موسوی قوچانی
11270000000,161,1404,3,6,3,1,1,1,فرهنگ
11840000000,160,1404,3,6,4,1,1,1,آزادشهر
4500000000,82,1388,2,1,1,1,1,1,دانشجو
7000000000,140,1393,3,4,4,1,1,1,سید رضی
49500000000,310,1404,3,3,3,1,1,1,سجاد شهر
4590000000,111,1400,2,1,1,1,1,1,گلبرگ
5720000000,110,1404,2,6,6,1,1,1,شاهد (شهرک غرب)
5790000000,135,1386,2,4,1,0,1,1,هفت تیر (آب و برق)
8000000000,130,1396,3,3,3,1,1,1,شهید بهشتی
8100000000,130,1396,3,3,3,1,1,1,شهید بهشتی
13530000000,165,1403,3,6,4,1,1,1,آزادشهر
8250000000,155,1404,3,6,6,1,1,1,زیبا شهر
3800000000,85,1395,2,4,4,1,1,1,میعاد (شهرک غرب)
13600000,175,1404,3,3,3,1,1,1,هنرستان
46500000000,335,1404,4,6,2,1,1,1,احمدآباد
10500000000,140,1394,2,5,1,1,1,1,احمدآباد
18700000000,175,1401,3,4,4,1,1,1,احمدآباد
10500000000,160,1394,3,4,3,1,1,1,احمدآباد
37000000000,312,1404,4,5,5,1,1,1,احمدآباد
11000000000,157,1383,3,4,2,1,1,1,احمدآباد
8000000000,133,1390,3,4,1,1,1,1,احمدآباد
2050000000,52,1390,1,2,2,0,0,0,کوه سنگی
6700000000,153,1403,3,1,1,1,1,1,فرهنگیان (شهرک غرب)
8000000000,200,1403,3,5,5,1,1,1,جاهد شهر
5040000000,75,1388,2,2,2,1,1,1,کوثر
600000,50,1402,1,2,1,0,0,0,نوده
13900000000,165,1404,3,6,2,1,1,1,آزادشهر
2750000000,115,1394,2,5,5,1,0,0,ایثار
12500000000,155,1402,3,6,1,1,1,1,امام رضا (ع)
29000000000,340,1404,4,6,2,1,1,1,وکیل‌آباد
13100000000,160,1404,3,4,4,1,1,1,آزادشهر
4500000000,108,1393,2,2,2,1,1,1,هفده شهریور
6100000000,107,1394,1,4,4,1,1,1,نیروی هوایی
6950000000,135,1396,3,5,1,1,1,1,نیروی هوایی
25000000000,200,1404,3,5,5,1,1,1,فلسطین
4000000000,78,1386,2,1,1,0,1,1,نیروی هوایی
45300000000,350,1404,4,6,4,1,1,1,آزادشهر
1430000000,70,1403,2,19,3,1,0,1,نظام دوست
8700000000,150,1392,4,2,1,0,0,1,دانشجو
9950000000,200,1395,3,4,4,1,1,1,اقبال
3600000000,75,1390,2,1,1,0,1,1,کلاهدوز
3100000000,62,1382,2,2,0,0,1,1,هفت تیر (حافظ)
4680000000,117,1404,3,1,1,1,1,1,حسین‌آباد
8600000000,180,1395,3,3,3,1,1,1,کلاهدوز
4650000000,80,1389,2,1,1,0,1,1,کوثر
3300000000,76,1394,2,4,3,1,1,0,چهارچشمه
5800000000,140,1404,3,3,3,1,1,1,الهیه
1100000000,80,1397,2,1,1,1,1,1,یوسفیه (شهرک غرب)
1250000000,55,1396,1,5,5,1,0,0,یوسفیه (شهرک غرب)
4750000000,95,1404,2,3,3,1,1,1,هفت تیر (آب و برق)
17500000000,190,1404,3,6,4,1,1,1,رضاشهر
6500000000,115,1398,2,7,5,1,1,1,راه آهن
3850000000,83,1388,2,1,1,0,1,1,اقبال
5140000000,110,1403,2,5,2,1,1,1,الهیه
10300000000,180,1404,3,5,5,1,1,1,الهیه
3200000000,100,1401,2,6,6,1,1,0,حیدرآباد
12500000000,155,1404,3,4,4,1,1,1,آزادشهر
8500000000,135,1403,3,5,5,1,1,1,سعد آباد
1480000000,80,1404,2,1,1,1,1,1,هنرستان
1650000000,107,1404,2,1,1,1,0,1,طبرسی شمالی
10500000000,183,1401,3,4,4,1,1,1,گوهرشاد
1050000000,60,1404,1,3,1,0,0,1,مشهدقلی
4500000000,85,1390,2,3,3,1,1,1,نوفل لوشاتو
5200000000,93,1404,2,2,2,1,1,1,شهرک رازی (شهرک غرب)
4100000000,107,1393,2,3,3,1,1,1,هفت تیر (آب و برق)
5850000000,90,1397,2,3,3,1,1,1,هفت تیر (آب و برق)
4600000000,93,1389,2,5,2,0,1,1,صیاد شیرازی
4450000000,93,1389,2,2,2,0,1,1,هفت تیر (آب و برق)
5250000000,150,1383,3,2,2,0,1,1,هنرستان
4500000000,85,1385,2,3,1,0,1,1,کوثر
40000000000,200,1404,3,30,0,1,1,1,کوثر
4300000000,93,1386,2,2,2,0,1,1,کوثر
3790000000,80,1386,2,4,2,0,1,1,هنرستان
3650000000,90,1403,2,4,4,0,1,1,کوثر
6840000000,120,1404,2,4,4,1,1,1,نیروی هوایی
7500000000,115,1404,2,4,4,1,1,1,چهارچشمه
16950000000,250,1404,3,3,3,1,1,1,نیروی هوایی
3390000000,92,1390,2,3,3,1,1,0,نیروی هوایی
4900000000,96,1385,2,6,3,0,1,1,کوثر
10200000000,195,1399,3,3,3,1,1,1,چهارچشمه
10800000000,135,1404,3,4,4,1,1,1,کوثر
18000000000,160,1404,3,3,3,1,1,1,هنرستان
3000000000,78,1393,2,3,3,0,1,1,نیروی هوایی
5850000000,120,1385,3,2,2,0,1,1,کوثر
14000000000,165,1404,3,5,2,1,1,1,هنرستان
13500000000,250,1404,3,6,0,1,1,1,کوثر
5000000000,75,1385,2,2,2,1,1,0,کوثر
4650000000,120,1389,2,3,3,0,1,1,نیروی هوایی
20500000000,195,1404,3,5,2,1,1,1,هنرستان
13500000000,140,1404,3,2,2,1,1,1,کوثر
11500000000,165,1403,3,6,3,1,1,1,کوثر
7500000000,140,1393,3,3,3,1,1,1,کوثر
4550000000,90,1390,2,4,1,1,1,1,چهارچشمه
5900000000,133,1394,2,4,1,1,1,1,هنرستان
7500000000,145,1403,3,3,3,1,1,1,نیروی هوایی
3350000000,60,1386,2,1,1,0,1,1,نیروی هوایی
9500000000,195,1396,3,3,3,1,1,1,نیروی هوایی
6100000000,100,1394,2,4,1,1,1,1,نیروی هوایی
7800000000,130,1403,2,4,2,1,1,1,نیروی هوایی
13500000000,225,1403,3,0,0,1,1,1,نیروی هوایی
24500000000,240,1404,3,4,4,1,1,1,هنرستان
6180000000,100,1394,2,1,1,1,1,1,هنرستان
5150000000,100,1401,2,1,1,1,1,1,چهارچشمه
7350000000,100,1404,2,2,2,1,1,1,نیروی هوایی
7700000000,110,1404,2,2,2,1,1,1,هنرستان
6000000000,115,1390,2,4,2,1,1,1,نیروی هوایی
7200000000,120,1404,2,4,4,1,1,1,نیروی هوایی
6500000000,122,1390,2,4,2,1,1,1,نیروی هوایی
8950000000,138,1394,3,3,3,1,1,1,هنرستان
4990000000,75,1383,2,4,2,1,1,1,کوثر
11700000000,150,1404,3,5,4,1,1,1,کوثر
14000000000,155,1404,3,5,5,1,1,1,هنرستان
8650000000,170,1401,3,6,5,1,1,1,چهارچشمه
10700000000,180,1404,3,3,3,1,1,1,هنرستان
13000000000,189,1404,3,6,6,1,1,1,هنرستان
6200000000,100,1392,2,4,1,1,1,1,نیروی هوایی
4950000000,115,1384,2,3,2,0,1,1,نیروی هوایی
16500000000,220,1404,3,6,5,1,1,1,هنرستان
15500000000,230,1404,3,4,4,1,1,1,نیروی هوایی
23500000000,240,1404,3,4,4,1,1,1,کوثر
5600000000,97,1391,2,5,5,1,1,1,کوثر
4500000000,75,1384,2,2,2,0,1,1,هنرستان
7200000000,140,1392,3,2,2,1,1,1,هنرستان
9600000000,138,1390,3,4,4,1,1,1,کوثر
5900000000,57,1392,2,4,1,1,1,1,نیروی هوایی
6700000000,121,1390,2,4,2,1,1,1,نیروی هوایی
7300000000,122,1400,2,4,1,1,1,1,چهارچشمه
3200000000,80,1389,2,3,3,1,1,1,نیروی هوایی
6120000000,85,1404,2,5,2,1,1,1,نیروی هوایی
4750000000,85,1390,2,4,4,1,1,1,کوثر
3200000000,78,1385,2,4,3,1,1,1,نیروی هوایی
5400000000,110,1392,2,5,4,1,1,1,نیروی هوایی
17000000000,175,1404,3,3,3,1,1,1,هنرستان
25000000000,270,1404,3,5,5,1,1,1,کوثر
7897000000,141,1391,3,5,5,1,1,1,کوثر
4000000000,80,1381,2,4,4,0,1,1,کوثر
5200000000,100,1388,2,4,1,1,1,1,شهید هاشمی نژاد
4500000000,80,1385,2,3,3,1,1,1,شهید هاشمی نژاد
4800000000,82,1393,2,2,2,0,0,0,آیت الله کاشانی
400000000000,3100,1404,4,9,9,1,1,1,عنصری
150000000000,1550,1395,4,5,0,1,1,1,جنت
600000000000,3650,1385,4,7,7,1,1,1,امام رضا (ع)
110000000000,1060,1400,4,7,7,1,1,1,دانش
40000000000,800,1380,4,4,4,1,0,1,امام رضا (ع)
330000000000,1600,1391,4,7,7,1,0,1,حرم مطهر رضوی
70000000000,750,1403,4,4,4,1,0,1,دانش
330000000000,2100,1397,2,6,6,1,1,1,سراب
55000000000,900,1396,4,5,5,1,1,1,عنصری
57000000000,860,1398,4,5,5,1,0,1,آیت الله خامنه‌ای
365000000000,850,1401,4,5,5,1,1,1,آیت الله خامنه‌ای
530000000000,450,1403,4,8,8,1,1,1,امام رضا (ع)
510000000000,3000,1404,4,10,8,1,1,1,امام رضا (ع)
500000000000,6000,1385,4,10,10,1,1,1,امام رضا (ع)
93000000000,1920,1397,4,5,5,1,1,1,هفده شهریور
1500000000000,620,1391,4,9,9,1,1,1,امام رضا (ع)
1000,1600,1392,4,6,6,1,1,1,چهارباغ
175000000000,2000,1402,4,5,5,1,1,1,امام رضا (ع)
300000000000,3200,1395,4,4,4,1,1,1,نوغان
115000000000,2000,1392,4,4,4,1,1,1,بالا خیابان
4800000000000,11100,1403,4,18,18,1,1,1,آیت الله خامنه‌ای
3000000000000,5500,1384,4,9,9,1,1,1,امام رضا (ع)
1500000000000,8000,1395,4,8,6,1,1,1,حرم مطهر رضوی
2250000000,80,1393,2,5,1,1,1,1,ایثارگران
1700000000,85,1392,2,3,3,0,0,0,شفا
21000000000,185,1404,3,6,4,1,1,1,وکیل‌آباد
23000000000,270,1404,3,1,1,1,1,1,سناباد
12500000000,220,1404,3,3,3,1,1,1,هفت تیر (آب و برق)
7550000000,129,1395,2,4,4,1,1,1,هفت تیر (حافظ)
6880000000,133,1384,2,4,1,0,1,1,نیروی هوایی
8845000000,150,1404,3,6,6,1,1,1,کوثر
18700000000,235,1403,3,6,5,1,1,1,هنرستان
9500000000,193,1388,3,5,3,1,1,1,هفت تیر (آب و برق)
10600000000,189,1404,3,6,2,1,1,1,هفت تیر (حافظ)
11300000000,190,1404,3,6,3,1,1,1,هفت تیر (آب و برق)
7860000000,130,1403,2,7,6,1,1,1,هفت تیر (آب و برق)
14050000000,161,1404,3,6,5,1,1,1,هفت تیر (حافظ)
9000000000,140,1385,3,4,4,1,1,1,هنرستان
7600000000,120,1404,2,6,5,1,1,1,نیروی هوایی
6300000000,126,1391,2,4,4,1,1,1,هفت تیر (آب و برق)
7180000000,140,1404,3,5,5,1,1,1,نیروی هوایی
7800000000,147,1392,3,2,2,1,1,1,نیروی هوایی
8850000000,150,1404,3,6,6,1,1,1,هفت تیر (حافظ)
7700000000,130,1404,2,0,0,1,1,1,هنرستان
10200000000,170,1404,3,3,3,1,1,1,هفت تیر (حافظ)
7400000000,125,1392,2,5,5,1,1,1,هفت تیر (آب و برق)
4500000000,90,1392,2,4,4,1,1,1,نیروی هوایی
12000000000,180,1404,3,6,6,1,1,1,هفت تیر (حافظ)
4550000000,80,1379,2,1,1,0,1,1,هنرستان
4300000000,90,1391,2,4,4,1,1,1,نیروی هوایی
1000000000,1000000,1403,4,1,1,0,0,0,کلاهدوز
3800000000,80,1391,2,4,2,0,1,1,شهید بهشتی
5650000000,125,1403,3,6,1,1,1,1,الهیه
4100000000,92,1402,2,6,6,1,1,1,الهیه
7000000000,157,1404,3,3,3,1,1,1,الهیه
10500000000,112,1404,2,0,0,1,1,1,کوثر
6800000000,122,1390,2,0,0,1,1,1,هفت تیر (حافظ)
4600000000,70,1391,2,2,0,0,1,1,شهید رضوی
1050000000,45,1393,1,0,0,0,0,1,نرگس (شهرک غرب)
10000000000,215,1404,3,6,0,1,1,1,الهیه
3700000000,60,1385,1,0,0,0,1,0,آیت الله کاشانی
7700000000,120,1389,1,0,0,0,0,1,شهرک رازی (شهرک غرب)
16800000000,140,1404,3,0,0,1,1,1,کوثر
5300000000,110,1389,2,0,0,0,1,1,رضاشهر
5500000000,83,1380,2,4,0,0,1,0,راهنمایی
1870000000,75,1395,1,3,0,0,0,0,مشکینی (شهرک غرب)
1950000000,75,1403,1,0,0,0,0,0,طلاب
1750000000,75,1393,2,4,0,0,0,1,شهرک رازی (شهرک غرب)
5800000000,110,1390,2,2,0,0,1,1,سید رضی
3480000000,63,1385,1,4,0,0,1,1,آزادشهر
7500000000,110,1393,2,0,0,1,1,1,هنرستان
5350000000,70,1393,1,0,0,1,0,1,فرهنگ
5500000000,90,1387,2,0,0,0,0,1,فرهنگ
5200000000,95,1386,2,3,0,0,1,1,فرهنگ
5650000000,90,1388,2,3,0,0,1,0,دانشجو
5500000000,82,1381,2,3,0,0,1,0,راهنمایی
4350000000,75,1385,2,0,0,0,1,1,سید رضی
2850000000,83,1386,1,0,0,0,1,0,فرهنگیان (شهرک غرب)
2840000000,90,1387,1,3,0,0,1,1,فرهنگیان (شهرک غرب)
4750000000,170,1384,2,0,0,0,1,1,امامیه (شهرک غرب)
4000000000,105,1385,3,2,0,0,1,1,شهرک رازی (شهرک غرب)
13000000000,130,1389,2,3,0,0,1,1,ملک‌آباد
12000000000,200,1387,2,0,0,0,1,1,فلسطین
1770000000,90,1396,1,5,0,0,1,1,ایثارگران
14400000000,250,1400,4,0,0,1,1,1,وکیل‌آباد
4650000000,73,1388,2,5,0,0,1,1,رضاشهر
6950000000,145,1404,3,0,0,1,1,1,الهیه
660000000,75,1378,1,0,0,0,0,1,بهمن
4400000000,70,1393,2,0,0,1,1,1,دانشجو
13400000000,282,1385,3,0,0,1,1,1,ارشاد
4500000000,70,1390,2,0,0,0,1,1,شهید رضوی
2100000000,60,1404,2,2,0,0,0,0,کوه سنگی
1850000000,85,1395,2,6,0,1,0,0,طلاب
2500000000,90,1390,1,3,0,0,1,1,مشکینی (شهرک غرب)
2400000000,80,1404,2,0,0,0,1,1,نکاح
4799000000,90,1385,2,2,0,0,1,0,مشکینی (شهرک غرب)
1250000000,85,1403,2,2,0,0,0,1,توس (بلوار توس)
1150000000,65,1401,1,0,0,0,0,1,نظام دوست
1610000000,75,1404,1,0,0,0,1,1,نظام دوست
1350000000,85,1390,1,0,0,0,1,0,طبرسی شمالی
2500000000,90,1393,1,3,0,0,1,1,شهرک رازی (شهرک غرب)
1870000000,85,1392,1,4,0,1,1,1,شفا
3840000000,85,1394,2,4,0,1,1,1,فرهنگیان (شهرک غرب)
860000000,100,1404,2,0,0,0,1,1,نظام دوست
780000000,55,1402,1,3,0,0,0,1,طبرسی شمالی
870000000,75,1404,1,2,0,0,0,0,تبادکان
730000000,50,1398,1,3,0,0,0,0,طبرسی شمالی
17080000000,140,1404,2,0,0,1,1,1,کوثر
4000000000,94,1390,1,3,0,0,1,1,سناباد
5900000000,95,1383,3,4,0,0,0,1,بهاران
4600000000,90,1390,2,0,0,1,1,1,آزادشهر
1080000000,70,1399,2,0,0,0,0,1,حضرت حجت
1435000000,85,1400,2,3,0,1,0,1,پنجتن
8250000000,125,1404,2,0,0,1,1,1,هفت تیر (آب و برق)
9500000000,135,1385,2,0,0,1,1,1,سجاد شهر
1360000000,86,0,1,3,0,0,0,1,سپاد
2850000,100,1401,2,0,0,0,0,0,رده
1070000000,65,1403,1,3,0,0,1,0,طبرسی شمالی
670000000,50,1401,0,0,0,0,0,1,طبرسی شمالی
1000000000,60,1404,1,0,0,1,0,1,طبرسی شمالی
6400000000,125,1394,2,3,0,0,1,1,هنرستان
4850000000,99,1388,1,3,0,0,1,1,کوثر
1070000000,65,1397,2,0,0,1,0,0,یوسفیه (شهرک غرب)
1900000000,70,1399,1,0,0,0,1,1,شفا
2550000000,100,1400,2,0,0,0,0,1,هنرور
4500000000,100,1390,2,4,0,1,1,1,شریف
12500000000,130,1385,2,0,0,0,0,1,ملک‌آباد
6600000000,110,1404,2,4,0,1,1,1,چهارچشمه
9500000000,145,1404,3,6,0,1,1,1,گوهرشاد
1430000000,70,1379,2,4,0,0,0,0,امیر
815000000,50,1403,1,5,0,1,0,1,حضرت حجت
1230000000,60,1404,1,7,0,0,0,1,پنجتن
2850000000,60,1388,1,3,0,0,1,1,فرهنگیان (شهرک غرب)
1030000000,65,1393,1,0,0,0,0,0,یوسفیه (شهرک غرب)
730000000,65,1392,0,2,0,0,0,1,خواجه ربیع
1710000000,70,1404,2,0,0,1,0,1,انقلاب
3650000000,70,1390,2,0,0,0,1,1,رضاشهر
1650000000,120,1400,1,0,0,0,1,1,خواجه ربیع
2000000000,125,1394,2,0,0,0,1,1,شهرک بهارستان
11500000000,160,1396,3,5,0,1,1,1,هنرستان
5800000000,165,1383,3,3,0,0,0,1,بهاران
800000000,60,1399,1,3,0,0,0,1,طبرسی شمالی
1580000000,75,1395,1,3,0,0,0,0,کوی ولیعصر
4100000000,75,1392,2,3,0,0,1,1,رضاشهر
3200000000,82,1385,2,2,0,0,0,1,مقدم
4900000000,150,1388,2,0,0,0,1,1,فرهنگیان (شهرک غرب)
4180000000,100,1389,2,5,0,1,1,0,بهاران
1150000000,45,1403,1,6,0,0,0,0,شهید مطهری
7000000000,120,1390,2,0,0,1,1,1,شهید فرامرز عباسی
9800000000,135,1404,3,6,3,1,1,1,هنرستان
9275000000,175,1384,3,8,2,1,1,1,هنرستان
19800000000,230,1404,3,3,3,1,1,1,هنرستان
5550000000,108,1390,2,4,2,1,1,1,هنرستان
30500000000,380,1404,4,0,0,1,1,1,هنرستان
4100000000,85,1384,2,4,2,0,1,1,هنرستان
5600000000,107,1391,2,4,3,1,1,1,نیروی هوایی
10200000000,170,1389,3,4,4,1,1,1,هنرستان
7100000000,105,1393,2,5,5,1,1,1,هنرستان
6700000000,115,1389,3,5,4,1,1,1,هنرستان
15000000000,160,1404,3,5,2,1,1,1,هفت تیر (حافظ)
4500000000,98,1388,2,0,0,1,1,1,هنرستان
5700000000,105,1386,2,2,1,0,1,0,هنرستان
9300000000,135,1392,3,2,2,1,1,1,کوثر
15500000000,160,1404,3,5,2,1,1,1,هنرستان
5400000000,117,1387,2,2,2,1,1,1,نیروی هوایی
12000000000,175,1403,3,6,6,1,1,1,هنرستان
6700000000,100,1402,2,4,2,1,1,1,هنرستان
9000000000,170,1396,3,5,1,1,1,1,هنرستان
13300000000,160,1397,3,7,1,1,1,1,هنرستان
9250000000,135,1403,3,5,3,1,1,1,نیروی هوایی
9000000000,137,1403,3,1,1,1,1,1,هنرستان
8000000000,150,1396,3,2,2,1,1,1,هنرستان
9100000000,175,1385,3,2,2,1,1,1,هنرستان
11000000000,160,1404,3,4,3,1,1,1,نیروی هوایی
8500000000,165,1390,3,3,3,1,1,1,هنرستان
14450000000,170,1404,3,6,3,1,1,1,هنرستان
12800000000,170,1402,3,6,4,1,1,1,هنرستان
15500000000,230,1404,3,6,6,1,1,1,هنرستان
19050000000,250,1404,3,6,3,1,1,1,هنرستان
27990000000,270,1404,4,4,4,1,1,1,هنرستان
6300000000,100,1402,2,8,3,1,1,1,نیروی هوایی
7300000000,115,1404,2,1,1,1,1,1,نیروی هوایی
7900000000,140,1390,3,8,7,1,1,1,هنرستان
11850000000,155,1404,3,3,3,1,1,1,هنرستان
15000000000,160,1404,3,5,2,1,1,1,هنرستان
11000000000,165,1395,3,6,3,1,1,1,هنرستان
11500000000,165,1404,3,1,1,1,1,1,هنرستان
13600000000,170,1404,3,2,2,1,1,1,هنرستان
11200000000,184,1397,3,5,1,1,1,1,هنرستان
8350000000,156,1384,3,1,1,1,1,1,هنرستان
2250000000,80,1397,2,5,3,0,0,0,هنرور
1180000000,85,1397,2,2,2,0,0,1,شهرک امام هادی (شهرک غرب)
260000,80,1404,1,3,3,0,0,1,توس (بلوار توس)
500000000,90,1404,2,0,0,1,0,1,بهمن
1850000000,160,1404,2,12,1,1,1,1,ایثارگران
500000000,110,1404,2,3,3,1,1,1,شهید قربانی
650000000,75,1403,0,2,2,0,0,0,حضرت حجت
480000000,67,1404,1,2,2,0,0,1,نوده
300000000,100,1404,0,4,3,0,0,0,شهید بصیر
1390000000,150,1404,3,3,3,0,0,0,شهرآرا
725000000,100,1401,0,1,1,1,1,0,توس (بلوار توس)
430000000,100,1404,0,3,3,0,0,0,مهدی آباد (بلوار توس)
250000000,55,1402,0,4,4,0,0,0,همت آباد
300000,110,1404,4,4,4,0,0,0,خواجه ربیع
222000000,65,1404,1,4,4,0,0,0,رده
245000000,80,1404,2,4,3,0,0,0,مهدی آباد (بلوار توس)
550000000,90,1401,0,3,3,0,0,1,رده
530000000,100,1404,0,2,2,0,0,0,موعود
245000000,68,1404,2,5,5,1,0,1,مهدی آباد (بلوار توس)
1050000000,80,1404,2,1,1,1,1,1,شهرک رازی (شهرک غرب)
300000000,100,1404,3,3,3,0,0,1,کشف
305000000,50,1404,1,3,3,0,0,0,چاهشک
355000000,65,1404,0,2,2,0,1,0,خواجه ربیع
300000000,80,1402,2,3,3,0,1,1,کشف
830000000,90,1390,2,5,4,0,0,1,ایثارگران
185000000,55,1404,1,2,2,0,0,0,توس (بلوار توس)
26000000000,350,1404,4,6,0,1,1,1,رضاشهر
3900000000,125,1399,2,3,1,0,0,1,کلاته برفی
1015000000,60,1404,1,3,3,0,0,0,مشهدقلی
10900000000,185,1404,3,6,3,1,1,1,شهید فرامرز عباسی
3070000000,73,1404,1,5,2,1,1,1,هفده شهریور
6050000000,110,1404,2,1,1,1,1,1,شهرک لشکر (شهرک غرب)
590000000,100,1404,2,3,0,0,1,1,شهید شهریاری
2100000000,105,1404,2,4,4,1,1,0,توس (بلوار توس)
3500000000,100,1400,2,4,4,1,0,0,هفده شهریور
3200000000,85,1400,2,4,4,1,0,1,هفده شهریور
1250000000,96,1400,2,2,1,0,0,1,یاغون آباد
1000,100,1380,2,3,3,0,0,1,استاد یوسفی (شهرک غرب)
1130000000,68,1395,1,0,0,0,0,1,موسوی قوچانی
9150000000,160,1392,3,5,5,1,1,1,سناباد
749000000,65,1403,1,4,4,0,0,0,توس (بلوار توس)
3000000000,90,1397,2,4,4,1,1,1,رضاییه
2600000000,56,1391,1,3,3,0,1,1,امام خمینی
2300000000,95,1398,2,4,3,1,1,1,الهیه
3500000000,125,1404,2,2,2,1,1,1,جانباز
4730000000,86,1404,2,5,2,1,1,1,شاهد (شهرک غرب)
1800000000,100,1404,2,5,1,1,1,1,توس (بلوار توس)
11650000000,155,1404,3,3,3,1,1,1,احمدآباد
6500000000,90,1396,2,5,5,1,1,1,هفت تیر (حافظ)
3180000000,74,1387,2,2,2,0,1,1,هفت تیر (آب و برق)
7500000000,125,1401,3,4,4,1,1,1,شهید رضوی
6150000000,100,1398,2,5,4,1,1,1,حرم مطهر رضوی
1559000000,100,1396,2,3,2,0,1,1,مهدی آباد (بلوار توس)
4335000000,102,1404,2,5,4,1,1,1,الهیه
7150000000,103,1403,2,4,4,1,1,1,امام خمینی
4100000000,107,1396,2,4,4,1,1,1,الهیه
4300000000,109,1398,2,8,3,1,1,1,الهیه
5200000000,110,1394,2,0,0,1,1,1,هفت تیر (آب و برق)
13200000000,115,1404,2,2,2,1,1,1,امام رضا (ع)
6500000000,127,1397,3,1,1,1,1,1,شهید رضوی
8500000000,135,1403,2,6,4,1,1,1,الهیه
5805000000,135,1402,3,5,1,1,1,1,نرگس (شهرک غرب)
7200000000,140,1386,2,10,5,1,1,1,هنرستان
10850000000,155,1404,3,6,3,1,1,1,اقبال
10800000000,160,1388,3,4,1,1,1,1,هنرستان
8140000000,170,1404,3,6,4,1,1,1,الهیه
18000000000,175,1404,3,5,2,1,1,1,هنرستان
11150000000,185,1403,3,6,4,1,1,1,هفت تیر (آب و برق)
21000000000,210,1404,3,5,5,1,1,1,هنرستان
16700000000,210,1399,3,5,5,1,1,1,هنرستان
29000000000,250,1403,4,6,4,1,1,1,کوثر
699000000,50,1393,1,2,2,0,0,0,چاهشک
780000000,55,1404,1,0,0,0,0,0,توس (بلوار توس)
3500000000,55,1397,1,8,6,1,1,1,جوادیه
1240000000,56,1401,1,4,2,1,1,0,بهمن
1050000000,60,1404,1,1,1,0,0,0,مشهدقلی
2200000000,60,1390,2,2,2,0,0,0,جاهد شهر
2450000000,65,1398,1,3,3,0,1,1,امیریه
1340000000,70,1403,1,3,3,0,0,0,شهرک امام هادی (شهرک غرب)
1170000000,70,1395,1,1,1,0,0,0,شهرک امام هادی (شهرک غرب)
1420000000,71,1395,1,4,1,0,0,0,ایثارگران
3000000000,75,1378,2,1,1,0,1,0,حجاب (شهرک غرب)
4400000000,75,1390,2,0,0,0,1,1,فرهنگ
27300000000,88,1397,2,8,1,1,1,1,الهیه
4900000000,98,1404,2,6,2,1,1,1,شهرک لشکر (شهرک غرب)
1450000000,55,1404,1,5,5,1,0,1,شهرک بهارستان
1300000000,85,1404,2,4,0,0,0,0,حضرت حجت
1250000000,65,1404,1,4,1,0,1,0,حضرت حجت
17000000000,155,1404,3,2,2,1,1,1,سجاد شهر
3970000000,95,1403,2,3,3,1,1,1,الهیه
850000000,61,1400,1,3,2,0,1,0,دوست آباد
1450000000,80,1400,2,4,1,1,0,0,حضرت حجت
4600000000,80,1388,2,1,1,0,1,1,دانشجو
9180000000,135,1401,3,6,3,1,1,1,شهید بهشتی
1000000000,97,1400,2,2,2,0,0,0,یاغون آباد
4000000000,100,1404,2,4,4,1,1,1,الهیه
1500000000,100,1400,2,1,1,0,0,0,طبرسی شمالی
1950000000,85,1402,2,3,3,1,1,1,خواجه ربیع
1650000000,60,1404,2,5,5,1,0,1,ایثار
920000000,70,1396,1,5,0,1,0,0,یوسفیه (شهرک غرب)
3200000000,107,1399,2,6,6,1,1,1,جانباز
3150000000,135,1403,3,7,5,1,1,1,امیر
3700000000,135,1403,2,7,5,1,1,1,امیر
8100000000,140,1390,3,4,2,1,1,1,آزادشهر
4500000000,150,1400,2,8,8,1,1,1,جانباز
5500000000,150,1403,2,7,3,1,1,1,جانباز
9000000000,220,1404,3,6,6,1,1,1,الهیه
2000000000,55,1380,1,4,2,0,1,1,حجاب (شهرک غرب)
1100000000,60,1402,1,1,1,0,0,0,شهید قربانی
2300000000,60,1394,1,8,0,0,0,1,سرافرازان
3350000000,80,1384,2,4,3,0,1,1,هفده شهریور
3600000000,85,1385,2,1,1,0,1,1,هفت تیر (آب و برق)
1550000000,85,1398,2,4,4,1,0,1,نوید
2180000000,85,1395,2,4,0,0,1,1,رستگار
2500000000,95,1404,2,6,1,1,1,1,امیر
1850000000,92,1404,2,2,1,0,0,0,توس (بلوار توس)
10000000000,135,1404,3,8,8,1,1,1,ده دی
2500000000,90,1404,2,4,1,1,1,1,ایثار
4800000000,73,1382,2,4,1,0,1,1,آزادشهر
2050000000,75,1395,2,4,4,0,0,1,سرافرازان
3500000000,92,1396,2,4,2,1,1,1,الهیه
2690000000,87,1394,2,5,5,1,1,1,الهیه
4000000000,82,1390,2,1,1,1,1,1,اقبال
4200000000,97,1404,2,5,5,1,1,1,الهیه
1600000000,75,1395,1,1,1,0,0,1,قائم
1400000000,80,1371,1,1,1,0,0,0,کوی دروی
3100000000,70,1385,2,2,2,0,1,1,استاد یوسفی (شهرک غرب)
10000000000,160,1404,3,4,4,1,1,1,سید رضی
4600000000,105,1404,2,3,3,1,1,1,الهیه
1000000000,65,1401,1,1,1,0,0,1,کشف
2400000000,75,1404,2,2,0,0,0,0,گلشور
1700000000,90,1382,1,2,2,0,0,0,شهرک بهارستان
2100000000,90,1395,2,1,1,0,1,0,مشکینی (شهرک غرب)
595000000,65,1404,1,3,3,1,1,1,طبرسی شمالی
5200000000,140,1402,3,6,1,1,1,1,طلاب
2700000000,85,1402,2,1,1,1,1,0,شفا
2300000000,105,1403,2,6,2,1,1,0,شهرک امام هادی (شهرک غرب)
4650000000,105,1390,2,4,4,1,1,1,هفت تیر (آب و برق)
1300000000,68,1390,1,4,2,0,0,0,کوی سیدی
6830000000,140,1404,2,6,2,1,1,1,الهیه
6300000000,114,1395,2,4,1,1,1,1,نیروی هوایی
29000000000,275,1404,4,4,4,1,1,1,سجاد شهر
18000000000,168,1404,3,4,4,1,1,1,ملک‌آباد
3000000000,85,1401,2,8,6,1,1,0,ایثارگران
4090000000,105,1404,2,1,1,1,1,1,الهیه
2750000000,78,1390,2,1,1,0,1,1,حسابی جنوبی (شهرک غرب)
820000000,50,1404,1,3,3,0,0,0,نظام دوست
9250000000,216,1395,3,6,5,1,1,1,هفت تیر (آب و برق)
785000000,75,1391,2,1,1,0,1,1,آزادشهر
3620000000,111,1385,2,4,0,0,1,0,امامیه (شهرک غرب)
1500000000,50,1390,1,0,0,0,1,1,سرافرازان
10650000000,160,1403,3,5,5,1,1,1,رضاشهر
1198000000,141,1404,1,3,2,0,0,0,کشف
4700000000,135,1376,3,2,2,0,1,1,استاد یوسفی (شهرک غرب)
53500000000,160,1402,3,1,1,1,1,1,طلاب
2000000000,77,1394,2,4,4,0,0,0,شهرآرا
5600000000,105,1401,2,5,1,1,1,1,الهیه
2000000000,110,1404,2,3,3,1,1,1,حضرت حجت
3450000000,95,1404,2,5,2,1,1,1,الهیه
3190000000,110,1404,2,6,3,1,1,1,هدایت
1700000000,100,1400,1,0,0,0,1,1,طبرسی شمالی
19500000000,100,1394,2,3,3,0,0,0,ابوذر
835000000,70,1401,1,4,4,0,0,1,طبرسی شمالی
1850000000,100,1395,2,2,2,0,1,0,شهرک بهارستان
1288000000,90,1390,2,2,2,0,1,1,شهرک مهرگان
1700000000,60,1395,1,3,2,0,0,1,ایثار
6050000000,80,1404,2,3,1,1,1,1,امام رضا (ع)
1500000000,55,1399,1,3,0,1,0,0,وکیل‌آباد
1580000000,85,1400,2,5,4,1,1,1,توس (بلوار توس)
5400000000,120,1402,3,5,3,1,1,1,عبادی
12750000000,170,1404,3,5,1,1,1,1,هفت تیر (حافظ)
3900000000,84,1390,1,0,0,1,1,1,دانشجو
2500000000,125,1398,2,4,1,1,0,0,یوسفیه (شهرک غرب)
3400000000,83,1395,2,4,2,1,1,1,الهیه
1200000000,90,1390,1,3,3,0,0,0,بهمن
3850000000,130,1403,2,5,5,1,1,1,انقلاب
6900000000,125,1404,2,6,6,1,1,1,الهیه
950000000,86,1390,1,3,0,0,0,1,حضرت حجت
1530000000,50,1382,1,0,0,0,1,1,حجاب (شهرک غرب)
1950000000,85,1404,2,4,0,1,1,0,موسوی قوچانی
2550000000,90,1397,2,1,1,0,1,1,نکاح
7500000000,192,1402,3,6,3,1,1,1,ایثار
6500000000,108,1403,2,5,3,1,1,1,حرم مطهر رضوی
1580000000,50,1399,1,1,1,0,0,0,کارگران
4600000000,75,1385,2,1,1,1,1,1,دانشجو
2850000000,73,1384,2,4,3,0,1,1,سعد آباد
4320000000,90,1404,2,2,2,1,1,1,الهیه
1300000000,85,1403,1,1,1,0,0,1,توس (بلوار توس)
19800000000,153,1402,3,3,3,1,1,1,ملک‌آباد
1230000000,75,1403,2,3,3,0,0,0,نظام دوست
650000000,85,1403,0,3,3,0,0,0,کریم آباد
4350000,90,1404,2,2,2,1,1,1,جاهد شهر
1350000000,85,1402,2,2,2,1,1,1,الهیه
1400000000,30,1380,0,0,0,0,0,0,شهید بهشتی
700000000,70,1399,1,0,0,0,0,0,شهید جنگی
1450000000,85,1400,1,3,0,0,1,0,ایوان
1140000000,60,1393,0,0,0,0,0,0,کوی سیدی
1140000000,60,1395,0,0,0,0,1,0,کوی سیدی
1380000000,80,1404,1,3,0,1,0,1,نوید
880000000,80,1403,1,0,0,0,0,1,توس (بلوار توس)
1250000000,55,1399,1,0,0,0,0,0,فدک
1200000000,121,1404,3,14,14,1,1,1,حرم مطهر رضوی
4650000000,100,1402,2,2,2,1,1,1,جاهد شهر
8200000000,100,1404,2,5,3,1,1,1,رضاشهر
13500000000,100,1404,2,4,2,1,1,1,سجاد شهر
2000000000,100,1404,2,3,1,0,0,0,بهمن
3950000000,100,1397,2,5,4,1,1,1,الهیه
3900000000,100,1404,2,3,3,1,1,1,امیریه
9200000000,103,1401,2,3,3,1,1,1,امام رضا (ع)
5500000000,105,1404,2,3,3,1,1,1,جاهد شهر
1580000000,105,1396,1,0,0,0,1,1,پنجتن
6550000000,110,1401,2,6,5,1,1,1,اقبال
6156000000,108,1404,2,0,0,1,1,1,اقبال
3950000000,110,1395,2,1,1,1,1,1,امیریه
2200000000,110,1403,2,3,1,0,1,1,دوست آباد
4500000000,110,1397,2,5,5,1,1,1,الهیه
5190000000,113,1400,2,4,4,1,1,1,فرهنگیان (شهرک غرب)
7475000000,115,1404,2,5,3,1,1,1,امام رضا (ع)
60000,115,1402,2,1,1,1,1,1,کوشش
3627000000,117,1404,2,5,5,1,1,1,جانباز
5100000000,120,1395,2,5,5,1,1,1,جاهد شهر
12500000000,125,1404,2,3,3,1,1,1,امام رضا (ع)
6100000000,135,1404,3,2,2,1,1,1,دانشجو
6500000000,125,1404,3,6,4,1,1,1,شهرک لشکر (شهرک غرب)
6700000000,126,1380,2,8,8,1,1,1,ارشاد
2990000000,130,1404,2,1,1,1,1,1,پنجتن
4700000000,130,1404,2,6,2,1,1,1,عامل
4000000000,130,1403,3,6,5,1,1,1,امیر
5200000000,130,1403,3,4,4,1,1,1,رستگار
6500000000,130,1390,2,5,1,1,1,0,عامل
3900000000,132,1403,2,5,2,1,1,1,امیر
13200000000,132,1403,3,1,1,1,1,1,دانش
4350000000,135,1404,3,4,3,1,1,1,سرافرازان
7250000000,137,1393,3,4,4,1,1,1,شریف
7700000000,137,1380,2,2,2,1,1,1,ارشاد
8680000000,140,1404,3,5,3,1,1,1,شریف
3550000000,140,1404,3,7,6,1,1,1,شهید مطهری
9000000000,142,1380,2,4,4,1,1,1,ارشاد
8800000000,144,1380,2,3,3,1,1,1,ارشاد
8000000000,144,1380,2,9,9,1,1,1,ارشاد
4195000000,145,1402,3,6,6,1,1,1,امیر
6235000000,145,1403,3,4,4,1,1,1,جاهد شهر
7100000000,150,1404,3,6,4,1,1,1,فرهنگیان (شهرک غرب)
4500000000,150,1404,3,7,2,1,1,1,فدک
5300000000,150,1404,3,5,2,1,1,1,گلبرگ
18700000000,156,1403,3,4,4,1,1,1,کوثر
4800000000,160,1402,3,7,2,1,1,1,فدک
7500000000,160,1403,3,3,3,1,1,1,جاهد شهر
8550000000,160,1394,3,3,3,1,1,1,امام رضا (ع)
8100000000,161,1395,3,5,3,1,1,1,زیبا شهر
7700000000,162,1380,3,5,5,1,1,1,کلاهدوز
10000,166,1397,3,1,1,1,1,1,ارشاد
8500000000,170,1380,3,1,1,1,1,1,ارشاد
5504000000,172,1404,3,8,1,1,1,1,جانباز
5676000000,172,1404,3,1,1,1,1,1,جانباز
9500000000,175,1380,3,2,2,1,1,1,ارشاد
10000000000,180,1404,3,4,4,1,1,1,کوشش
10000000000,181,1380,3,5,5,1,1,1,ارشاد
9000000000,183,1380,3,4,4,1,1,1,کلاهدوز
9000000000,185,1404,3,3,3,1,1,1,الهیه
8750000000,190,1404,3,4,4,1,1,1,کوشش
500000,195,1398,3,1,1,1,1,1,ارشاد
3800000000,215,1404,2,7,7,1,1,1,امیر
7800000000,220,1397,3,5,5,1,1,1,الهیه
9600000000,245,1404,3,6,6,1,1,1,الهیه
7800000000,155,1403,3,6,4,1,1,1,الهیه
1370000000,50,1380,1,2,2,0,0,0,حجاب (شهرک غرب)
9815000000,52,1404,1,3,3,1,1,1,عیدگاه
2550000000,55,1404,1,3,3,0,1,1,عبادی
2630000000,55,1386,1,0,0,1,1,1,هفت تیر (آب و برق)
1560000000,55,1404,1,7,4,1,0,0,جانباز
1050000000,57,1393,1,2,2,0,0,1,نوید
1030000000,60,1400,1,3,3,0,0,0,مشهدقلی
1200000000,60,1404,1,4,2,0,0,1,کوی المهدی
1200000000,60,1403,1,0,0,0,1,0,مشهدقلی
1190000000,60,1404,1,5,4,1,0,0,فاطمیه
970000000,65,1402,1,3,1,0,0,0,توس (بلوار توس)
1750000000,65,1390,1,2,2,0,0,0,عامل
1810000000,65,1404,1,5,0,1,0,0,مشکینی (شهرک غرب)
3880000000,70,1385,2,1,1,0,1,1,هفت تیر (حافظ)
2300000000,70,1395,2,4,0,0,0,1,زمرد
2250000000,70,1386,1,2,2,0,1,0,ولیعصر (شهرک غرب)
2820000000,75,1392,2,3,3,0,1,1,فرهنگیان (شهرک غرب)
3200000000,75,1390,2,2,2,0,1,1,فرهنگیان (شهرک غرب)
2900000000,75,1382,2,3,1,0,1,1,حجاب (شهرک غرب)
2020000000,75,1393,2,3,2,0,0,1,شهرک رازی (شهرک غرب)
3700000000,75,1394,4,3,3,1,1,1,فرهنگیان (شهرک غرب)
4250000000,75,1389,2,1,1,0,1,1,سناباد
1780000000,75,1387,1,3,3,0,0,1,شفا
1700000000,75,1392,2,4,4,1,1,1,شهرک امام هادی (شهرک غرب)
2850000000,75,1398,2,6,5,1,1,0,الهیه
2350000000,75,1383,2,2,2,0,1,1,حجاب (شهرک غرب)
3300000000,77,1390,2,4,1,0,1,1,شهرآرا
1500000000,80,1404,2,1,1,0,1,0,منزل آباد
3520000000,80,1391,2,0,0,1,1,1,صیاد شیرازی
1400000000,80,1399,2,4,3,1,1,1,کشف
3400000000,80,1390,2,4,3,0,1,1,آزادشهر
4500000000,80,1398,1,4,2,1,1,1,سناباد
2100000000,80,1386,1,1,1,0,0,0,وحید
3900000000,80,1395,2,5,5,1,1,1,فرهنگیان (شهرک غرب)
1300000000,80,1398,1,2,2,0,0,1,هفت تیر (نه دره)
3890000000,82,1394,2,2,2,1,1,1,فرهنگیان (شهرک غرب)
3400000000,82,1388,2,4,3,0,1,1,رضاشهر
5550000000,84,1394,2,5,3,1,1,1,کوثر
450000000,85,1404,2,2,2,0,0,1,علی آباد
2750000000,85,1404,2,1,1,1,1,1,شهرک لشکر (شهرک غرب)
2355000000,85,1385,2,2,2,0,1,1,شهرک لشکر (شهرک غرب)
3760000000,85,1404,2,2,2,1,1,1,شهرک لشکر (شهرک غرب)
2460000000,85,1385,2,3,3,0,1,1,شهرک رازی (شهرک غرب)
2750000000,86,1396,2,5,5,1,1,1,الهیه
2950000000,87,1393,2,3,3,0,1,1,جاهد شهر
2870000000,89,1385,2,0,2,0,1,1,جاهد شهر
3650000000,89,1394,2,4,1,1,1,1,جاهد شهر
1395000000,90,1402,2,4,5,0,0,0,انقلاب
4150000000,91,1402,2,1,1,1,1,1,الهیه
500000,92,1404,2,1,1,1,1,1,کلاهدوز
3600000000,95,1402,2,8,8,1,1,1,امیریه
3840000000,95,1393,2,2,2,0,1,1,فرهنگیان (شهرک غرب)
2730000000,97,1400,2,6,3,1,1,1,امیر
7950000000,95,1404,2,5,1,1,1,1,رضاشهر
4400000000,95,1395,2,4,4,1,1,1,شاهد (شهرک غرب)
3700000000,95,1404,2,4,2,1,1,1,امیریه
3680000000,90,1404,2,6,3,1,1,1,شاهد (شهرک غرب)
4850000000,97,1404,2,1,1,1,1,1,فرهنگیان (شهرک غرب)
3120000000,97,1403,2,3,3,1,1,1,امیر
5400000000,98,1404,2,6,2,1,1,1,شهرک لشکر (شهرک غرب)
4200000000,100,1404,2,6,3,1,1,1,شهرک رازی (شهرک غرب)
4500000000,100,1403,2,6,1,1,1,1,نرگس (شهرک غرب)
7400000000,100,1402,2,2,2,1,1,1,خرمشهر
4750000000,100,1400,2,5,5,1,1,1,جاهد شهر
3000000000,105,1404,2,2,2,1,1,0,کوی المهدی
4000000000,105,1404,2,2,2,1,1,1,الهیه
2100000000,110,1403,2,5,5,1,0,1,انقلاب
4480000000,112,1403,2,3,3,1,1,1,الهیه
5700000000,113,1385,2,3,0,0,1,1,رضاشهر
4350000000,114,1397,2,5,5,1,1,1,الهیه
1700000000,125,1402,2,2,2,0,0,1,خواجه ربیع
5800000000,130,1404,3,4,4,1,1,1,پروین اعتصامی
6700000000,134,1403,3,5,4,1,1,1,الهیه
13000000000,155,1404,3,6,2,1,1,1,فلسطین
3760000000,170,1404,2,6,6,1,1,1,پنجتن
6700000000,186,1404,3,4,4,1,1,1,امیریه
8499000000,190,1404,4,5,5,1,1,1,کوشش
8550000000,190,1404,3,5,5,1,1,1,پروین اعتصامی
968000000,55,1394,1,3,1,0,0,1,یوسفیه (شهرک غرب)
3200000000,64,1404,1,2,1,0,0,1,کوشش
2500000000,70,1390,2,1,1,0,1,1,استاد یوسفی (شهرک غرب)
2000000000,70,1401,1,2,2,0,1,1,هفت تیر (نه دره)
3100000000,72,1398,2,4,4,1,1,1,امیریه
1600000000,75,1402,2,3,3,0,0,0,انقلاب
3100000000,80,1388,2,3,3,0,1,1,هفت تیر (نه دره)
1770000000,80,1402,2,4,4,0,0,0,شفا
2150000000,85,1390,2,4,4,1,0,1,شفا
6600000000,88,1404,2,5,1,1,1,1,امام رضا (ع)
3800000000,90,1394,2,4,4,1,1,0,جاهد شهر
2350000000,93,1401,2,13,1,1,1,1,مهدی آباد (بلوار توس)
4900000000,105,1397,2,5,2,1,1,1,کوی پلیس
2600000000,105,1404,3,3,3,1,0,1,وحید
4895000000,110,1404,2,5,3,1,1,1,الهیه
3990000000,133,1404,2,6,6,1,1,1,جانباز
1100000000,50,1402,1,0,0,0,0,0,کوی سیدی
2470000000,60,1389,2,4,3,0,1,0,حسابی جنوبی (شهرک غرب)
1150000000,60,1394,1,3,1,0,0,0,شهرک امام هادی (شهرک غرب)
950000000,60,1398,1,3,3,0,0,0,شهید بصیر
1190000000,70,1402,1,4,4,0,0,0,کوی سیدی
1300000000,75,1393,1,3,0,0,0,0,شهرک امام هادی (شهرک غرب)
1760000000,80,1385,2,3,3,0,1,1,الهیه
1750000000,80,1398,2,2,2,1,1,1,توس (بلوار توس)
4335000000,85,1404,2,6,2,1,1,1,شهرک لشکر (شهرک غرب)
4900000000,85,1394,2,0,0,1,1,1,دانشجو
1950000000,90,1396,2,4,1,0,0,1,یوسفیه (شهرک غرب)
7100000000,140,1404,3,3,3,1,1,1,الهیه
3900000000,89,1403,2,6,6,1,1,1,شهرک رازی (شهرک غرب)
3400000000,105,1404,2,1,1,1,1,1,امیریه
130000000,350,1403,4,5,5,1,1,1,سجاد شهر
9000000000,150,1397,3,2,2,1,1,1,کوثر
12400000000,175,1404,3,5,5,1,1,1,هفت تیر (حافظ)
1840000000,60,1392,1,6,1,0,0,0,سرافرازان
3000000000,80,1400,2,4,2,1,1,1,حسین‌آباد
36000000000,250,1390,4,4,3,1,1,1,وکیل‌آباد
12000000000,245,1404,3,5,5,1,1,1,فرهنگ
40000000000,340,1404,4,5,5,1,1,1,وکیل‌آباد
5000000000,100,1394,2,3,3,1,1,1,هفت تیر (حافظ)
13800000000,160,1404,3,6,4,1,1,1,فرهنگ
12800000000,155,1404,3,6,5,1,1,1,آزادشهر
3050000000,77,1387,2,2,2,0,1,1,پردیس
2800000000,75,1385,2,1,1,1,1,1,پردیس
13500000000,162,1403,3,2,2,1,1,1,آزادشهر
12770000000,155,1404,3,2,2,1,1,1,دانشجو
8750000000,140,1404,3,4,1,1,1,1,شریف
60000000000,180,1395,3,0,0,0,1,1,ملک‌آباد
12500000000,190,1404,3,6,0,1,1,1,چهارچشمه
8800000000,150,1400,1,3,3,0,0,1,حرم مطهر رضوی
3500000000,60,1384,1,3,0,0,1,1,صیاد شیرازی
7000000000,200,1397,3,2,2,1,1,1,آزادشهر
5800000000,100,1387,2,1,1,0,0,0,یاس
2800000000,110,1400,2,2,2,0,0,1,رده
55000000000,680,1399,2,4,4,1,1,1,امام رضا (ع)
1100000000,75,1398,1,0,0,0,0,1,کشف
16700000000,250,1387,3,6,1,1,1,1,آزادشهر
17000000000,240,1404,4,2,2,1,1,1,هفت تیر (آب و برق)
7670000000,93,1404,2,5,5,1,1,1,صیاد شیرازی
3300000000,115,1403,2,5,1,1,0,1,امیر
6066000000,142,1398,3,5,5,1,1,1,فرهنگیان (شهرک غرب)
16600000000,181,1403,3,6,6,1,1,1,فرهنگ
9500000000,151,1402,3,6,4,1,1,1,کوثر
8500000000,155,1404,3,6,2,1,1,1,زیبا شهر
9300000000,155,1404,3,5,5,1,1,1,آزادشهر
17500000000,180,1404,3,6,6,1,1,1,آزادشهر
1600000000,75,1396,2,4,1,0,1,1,یوسفیه (شهرک غرب)
3550000000,75,1386,2,4,2,0,1,1,شهید بهشتی
10500000000,185,1402,3,3,3,1,1,1,شهید بهشتی
1900000000,60,1390,1,1,1,0,1,1,شهید مطهری
4100000000,120,1404,2,5,5,1,1,1,رستگار
4200000000,107,1399,2,5,2,1,1,1,الهیه
2300000000,80,1401,2,2,2,1,1,1,نظام دوست
1800000000,75,1385,1,13,3,1,1,0,کوی المهدی
3800000000,75,1387,2,4,1,1,1,1,نیروی هوایی
7100000000,155,1382,3,3,3,0,1,1,بهشت
15800000000,180,1404,3,5,5,1,1,1,آزادشهر
27700000000,262,1402,4,4,4,1,1,1,سجاد شهر
6900000000,120,1404,2,4,3,1,1,1,نیروی هوایی
14000000000,170,1404,3,6,2,1,1,1,فرهنگ
1060000000,95,1403,2,2,1,0,1,1,شهرک مهرگان
3000000000,55,1404,1,3,3,1,1,1,حرم مطهر رضوی
8700000000,65,1404,1,10,10,1,1,0,بالا خیابان
6150000000,100,1395,2,2,2,1,1,1,نیروی هوایی
1100000000,100,1390,1,2,3,0,0,0,سپاد
700000000,95,1392,0,3,3,0,0,0,کوی سیدی
600000000,100,1401,2,5,5,1,0,1,توس (بلوار توس)
155000000,55,1404,1,3,3,0,0,1,نوده
5500000000,105,1392,2,4,2,1,1,1,هفت تیر (حافظ)
5780000000,135,1385,2,1,1,0,1,1,هفت تیر (آب و برق)
5550000000,95,1389,2,9,9,1,1,1,هفت تیر (حافظ)
7900000000,155,1384,3,3,1,0,1,1,رضاشهر
3600000000,75,1385,2,4,2,0,1,1,رضاشهر
7000000000,140,1385,3,4,4,1,1,1,فرهنگ
2700000000,100,1404,2,3,3,1,1,1,شهرک امام هادی (شهرک غرب)
5350000000,190,1395,3,4,4,1,1,1,هنرور
3150000000,170,1404,2,6,6,1,1,1,نظام دوست
8600000000,230,1404,3,6,6,1,1,1,الهیه
29900000000,325,1403,4,6,6,1,1,1,هفت تیر (حافظ)
10500000000,340,1403,4,6,6,1,1,1,ایثار
3200000000,170,1404,1,7,7,1,1,1,هنرور
3150000000,170,1404,2,6,6,1,1,0,طبرسی شمالی
7000000000,200,1403,3,6,6,1,1,1,کوی سیدی
18100000000,300,1403,4,6,6,1,1,1,فرهنگ
54500000000,420,1404,4,5,5,1,1,1,سجاد شهر
66000000000,430,1404,4,5,5,1,1,1,سجاد شهر
5700000000,190,1404,3,7,7,1,1,1,نظام دوست
30000000000,450,1404,4,7,7,1,1,1,هفت تیر (حافظ)
474000000000,880,1404,4,25,25,1,1,1,هنرستان
4500000000,160,1404,2,5,5,1,1,0,کوی المهدی
3980000000,127,1404,3,5,5,1,1,1,تلگرد
40500000000,300,1404,4,9,9,1,1,1,فردوسی
6500000000,190,1404,3,7,7,1,1,1,طلاب
4980000000,200,1403,3,6,6,1,1,1,شهرک بهارستان
6000000000,230,1404,3,7,7,1,1,1,وحید
56000000000,400,1403,4,6,6,1,1,1,سجاد شهر
185000000000,550,1404,4,17,17,1,1,1,کوثر
8500000000,200,1404,3,30,0,1,1,1,الهیه
13800000000,230,1404,3,6,6,1,1,1,الهیه
1600000000,100,1404,2,1,1,0,1,1,شهید قربانی
1200000000,80,1403,1,1,1,0,0,1,پنجتن
940000000,80,1404,1,3,3,0,0,1,پنجتن
7100000000,155,1382,3,3,3,0,1,1,بهشت
2250000000,180,1403,3,2,2,0,0,1,موعود
3850000000,110,1403,2,4,4,1,1,1,الهیه
950000000,80,1395,1,1,1,0,0,1,توس (بلوار توس)
730000000,65,1396,1,2,1,0,0,0,شهید جنگی
2600000000,155,1403,3,4,2,1,1,1,نوید
6150000000,114,1397,2,3,3,1,1,1,رضاشهر
3500000000,80,1390,2,3,3,0,1,1,رضاشهر
6100000000,117,1393,2,8,4,1,1,1,سرافرازان
4350000000,93,1390,2,7,2,0,1,1,سرافرازان
2900000000,73,1387,2,12,3,0,1,1,شهرآرا
3650000000,100,1387,2,4,1,0,1,1,اقبال
4400000000,91,1392,2,2,2,1,1,1,اقبال
8000000000,185,1404,3,5,5,1,1,1,فرهنگیان (شهرک غرب)
12800000000,160,1404,3,6,5,1,1,1,امام رضا (ع)
6300000000,105,1404,2,6,1,1,1,1,رضاشهر
700000000,125,1404,3,2,2,1,1,1,عبادی
9000000000,110,1404,3,3,3,1,1,1,آزادشهر
4500000000,145,1404,3,1,1,1,1,1,شهید مطهری
14300000000,205,1404,3,6,2,1,1,1,فرهنگ
4900000000,140,1404,3,7,4,1,1,1,فدک
600000000,70,1404,1,3,3,0,0,1,طبرسی شمالی
2700000000,130,1404,2,5,3,1,1,0,نوید
2900000000,120,1404,2,4,4,1,1,1,شهرک امام هادی (شهرک غرب)
4950000000,110,1404,2,6,4,1,1,1,شهرک لشکر (شهرک غرب)
4400000000,110,1404,2,3,3,1,1,1,امیریه
8150000000,163,1404,3,5,2,1,1,1,سید رضی
6930000000,165,1404,3,6,1,1,1,1,میعاد (شهرک غرب)
12750000000,170,1404,3,3,3,1,1,1,شهید فرامرز عباسی
2250000000,65,1404,2,6,3,1,0,1,گلبرگ شمالی
1220000000,81,1404,2,1,1,0,1,1,کشف
2975000000,85,1404,2,6,2,1,1,1,زمرد
5400000000,90,1404,2,8,1,1,1,1,جنت
13550000000,170,1404,3,2,2,1,1,1,فرهنگ
12480000000,160,1404,3,6,1,1,1,1,دانشجو
6800000000,80,1404,2,2,2,1,1,1,امام رضا (ع)
9580000000,160,1404,3,5,1,1,1,1,هفت تیر (حافظ)
2500000000,100,1404,2,1,1,1,1,1,خواجه ربیع
8500000000,90,1404,2,6,6,1,1,1,آیت الله خامنه‌ای
9600000000,155,1404,3,2,2,1,1,1,هفت تیر (حافظ)
6380000000,85,1404,2,6,4,1,1,1,امام رضا (ع)
1700000000,80,1404,2,3,3,0,0,1,هدایت
2650000000,80,1404,2,3,3,1,1,1,هفت تیر (نه دره)
8250000000,110,1404,2,6,3,1,1,1,امام رضا (ع)
5370000000,112,1404,2,18,1,1,1,1,سرافرازان
11380000000,165,1404,3,6,2,1,1,1,سید رضی
13500000000,160,1404,3,2,2,1,1,1,آزادشهر
9500000000,170,1404,3,4,4,1,1,1,دانشجو
6000000000,50,1404,1,8,1,1,1,1,پایین خیابان
8500000000,100,1404,2,6,1,1,1,1,شهید فرامرز عباسی
2380000000,110,1404,2,6,5,1,1,0,انقلاب
8250000000,110,1404,2,6,4,1,1,1,آزادشهر
6600000000,110,1404,3,6,3,1,1,1,امام خمینی
9000000000,150,1404,3,5,1,1,1,1,شهید فرامرز عباسی
4400000000,90,1404,2,5,2,1,1,1,شاهد (شهرک غرب)
3780000000,90,1404,2,1,1,1,1,1,امیریه
5280000000,120,1404,3,3,3,1,1,1,الهیه
9000000000,151,1404,3,3,3,1,1,1,آزادشهر
12000000000,155,1404,3,6,2,1,1,1,فرهنگ
3000000000,90,1404,2,2,2,1,1,1,شهید بهشتی
5000000000,100,1404,2,5,5,1,1,1,الهیه
920000000,50,1396,1,2,1,0,0,0,سپاد
2050000000,125,1404,2,1,1,1,1,1,خواجه ربیع
9200000000,145,1404,3,5,5,1,1,1,هفت تیر (حافظ)
750000000,40,1403,1,3,0,0,0,0,سپاد
1500000000,85,1397,2,5,0,0,0,1,سپاد
17000000000,170,1404,3,6,5,1,1,1,فرهنگ
8400000000,140,1397,2,7,7,1,1,1,رضاشهر
3450000000,88,1392,2,4,3,1,1,1,حسابی جنوبی (شهرک غرب)
4400000000,95,1395,2,4,4,1,1,1,شهرک رازی (شهرک غرب)
4400000000,95,1395,2,4,4,1,1,1,حسابی جنوبی (شهرک غرب)
7350000000,150,1404,3,5,5,1,1,1,فرهنگیان (شهرک غرب)
2780000000,78,1389,2,3,3,0,1,1,فرهنگیان (شهرک غرب)
5300000000,135,1402,3,5,2,1,1,1,شاهد (شهرک غرب)
8400000000,175,1404,3,4,4,1,1,1,حسابی جنوبی (شهرک غرب)
4450000000,80,1385,2,3,0,0,0,0,آزادشهر
5150000000,125,1390,3,3,3,0,1,1,سید رضی
2380000000,65,1388,2,4,3,0,1,1,ولیعصر (شهرک غرب)
8500000000,190,1398,3,4,4,1,1,1,شاهد (شهرک غرب)
4030000000,93,1397,2,4,4,1,1,1,شاهد (شهرک غرب)
6650000000,138,1399,3,5,2,1,1,1,شاهد (شهرک غرب)
3250000000,80,1388,2,2,2,0,1,1,شهرک رازی (شهرک غرب)
750000000,65,1404,2,4,4,0,0,1,نوده
9500000000,163,1404,3,5,3,1,1,1,فرهنگیان (شهرک غرب)
200000000000,2000,1404,4,5,4,1,1,1,احمدآباد
11760000000,173,1404,3,1,1,1,1,1,خرمشهر
18900000000,180,1404,3,5,5,1,1,1,کوثر
2200000000,100,1404,2,5,2,1,1,1,حضرت حجت
1150000000,65,1404,1,4,0,0,0,0,طبرسی شمالی
1200000000,70,1393,1,4,1,0,0,1,طبرسی شمالی
1050000000,70,1401,2,5,4,0,0,1,طبرسی شمالی
1450000000,100,1396,2,1,1,0,0,1,طبرسی شمالی
890000000,85,1402,1,4,4,0,0,1,طبرسی شمالی
770000000,55,1403,1,5,4,0,0,1,طبرسی شمالی
1200000000,85,1403,2,3,3,0,0,1,طبرسی شمالی
4500000000,100,1397,2,16,10,1,1,1,موسوی قوچانی
800000000,50,1404,1,1,1,1,1,1,جاهد شهر
9500000000,165,1403,3,2,2,1,1,1,کوه سنگی
10500000000,170,1404,3,1,1,1,1,1,شهید فرامرز عباسی
5000000000,100,1388,2,2,2,0,1,0,هنرستان
4600000000,110,1391,2,4,2,0,1,1,سمزقند
1875000000,70,1395,1,2,2,0,0,0,عبادی
2940000000,89,1395,2,2,2,0,0,1,شهید مطهری
3050000000,100,1396,2,1,1,1,1,1,شهید مطهری
3520000000,125,1397,2,5,2,1,1,1,شهید مطهری
4100000000,110,1403,2,3,3,1,1,1,شهید مطهری
700000000,100,1404,2,1,1,0,1,1,نوید
17000000000,170,1403,3,6,2,1,1,1,فرهنگ
6400000000,122,1393,2,4,4,1,1,1,کلاهدوز
7300000000,149,1380,2,2,1,0,1,1,گوهرشاد
5250000000000,115,1382,2,2,2,0,1,1,گوهرشاد
11000000000,184,1402,3,7,4,1,1,1,گوهرشاد
9200000000,140,1404,3,0,0,1,1,1,کلاهدوز
14000000000,240,1403,3,3,3,1,1,1,کلاهدوز
9000000000,150,1400,3,5,1,1,1,1,کلاهدوز
8700000000,230,1389,3,4,1,0,1,1,کلاهدوز
10000000000,150,1384,3,2,2,1,1,1,شریف
7000000000,120,1404,2,6,3,1,1,1,جاهد شهر
6740000000,150,1402,3,3,3,1,1,1,جاهد شهر
14400000000,160,1403,3,6,5,1,1,1,فرهنگ
5754000000,137,1404,3,2,2,1,1,1,حسین‌آباد
10350000000,150,1404,3,4,4,1,1,1,خرمشهر
4500000000,88,1399,2,6,5,1,1,1,تربیت (صدف)
4570000000,80,1389,2,4,1,1,1,1,دانشجو
6200000000,80,1404,2,6,1,1,1,1,امام رضا (ع)
2600000000,85,1385,2,3,3,0,1,1,امامیه (شهرک غرب)
4350000000,53,1399,1,10,10,1,1,0,عیدگاه
11200000000,168,1403,3,6,6,1,1,1,آزادشهر
5500000000,84,1395,2,2,2,1,1,1,کوثر
5550000000,84,1394,2,3,3,1,1,1,کوثر
7200000000,140,1385,3,1,1,0,1,1,کوثر
5150000000,115,1385,2,1,1,0,1,1,کوثر
6000000000,108,1392,2,3,3,1,1,1,کوثر
4000000000,82,1385,2,1,1,0,1,1,کوثر
35000000000,270,1404,4,2,2,1,1,1,کوثر
5400000000,85,1394,2,3,3,1,1,1,کوثر
6400000000,85,1385,2,3,3,1,1,1,کوثر
5700000000,125,1388,3,4,3,0,1,1,کوثر
10900000000,150,1404,3,1,1,1,1,1,کوثر
7250000000,145,1380,2,0,0,0,1,1,بهشت
5700000000,62,1380,1,5,4,1,1,1,آیت الله خامنه‌ای
13350000000,170,1404,3,3,3,1,1,1,هنرستان
6500000000,90,1402,0,3,1,0,1,0,کوشش
1549000000,70,1396,1,0,0,0,0,1,شفا
6990000000,93,1404,1,0,0,1,1,1,هفت تیر (حافظ)
9500000000,160,1404,3,5,3,1,1,1,آزادشهر
1100000000,78,1394,2,1,1,0,0,0,سرافرازان
1450000000,80,1398,2,4,3,1,1,1,بهاران
11000000000,150,1404,3,6,6,1,1,1,هنرستان
17850000000,170,1404,3,5,2,1,1,1,هنرستان
17000000000,175,1404,3,2,2,1,1,1,هنرستان
12000000000,175,1396,3,3,3,1,1,1,هنرستان
6300000000,100,1387,2,5,5,1,1,1,هنرستان
16800000000,145,1404,3,4,4,1,1,1,هنرستان
15800000000,180,1404,3,3,3,1,1,1,هنرستان
15600000000,130,1404,2,4,4,1,1,1,هنرستان
5700000000,97,1404,2,4,3,1,1,1,گوهرشاد
39000000000,330,1403,4,3,3,1,1,1,سجاد شهر
7300000000,139,1401,3,6,6,1,1,1,هفده شهریور
40000000000,325,1403,4,3,3,1,1,1,سجاد شهر
38000000000,320,1403,4,5,4,1,1,1,سجاد شهر
2970000000,115,1398,2,2,2,0,1,1,یاس
12700000000,169,1402,3,6,6,1,1,1,هنرستان
1270000000,70,1403,1,1,1,0,0,1,سیس‌آباد
15660000000,145,1404,3,2,2,1,1,1,سجاد شهر
22500000000,208,1404,3,3,3,1,1,1,سجاد شهر
2850000000,77,1385,2,4,4,0,1,1,هفت تیر (حافظ)
1750000,80,1397,2,4,1,0,0,0,ایثارگران
9000000,100,1404,2,0,0,0,1,0,چهاربرج
1050000000,50,1398,1,5,3,0,0,0,یوسفیه (شهرک غرب)
2600000000,126,1399,2,3,1,0,1,1,خواجه ربیع
1420000000,70,1390,1,2,0,0,0,0,هفت تیر (نه دره)
1410000000,50,1385,2,2,1,0,0,1,بهمن
500000000,65,1404,1,2,2,0,0,0,طبرسی شمالی
27500000000,250,1404,3,6,6,1,1,1,هفت تیر (حافظ)
6700000000,125,1393,2,5,1,1,1,1,هنرستان
3000000000,60,1387,1,3,1,0,1,0,حیدرآباد
1250000000,80,1400,1,4,4,0,0,1,کوی ولیعصر
650000000,100,1402,1,4,4,1,1,0,توس (بلوار توس)
1540000000,70,1400,1,0,0,0,0,0,سپاد
1600000000,50,1388,1,0,0,0,1,0,حجاب (شهرک غرب)
2430000000,61,1388,1,3,1,0,0,1,مشکینی (شهرک غرب)
53000000000,900,1377,4,4,4,1,1,0,کوشش
3000000000,100,1399,2,2,1,0,1,0,دوست آباد
1180000000,100,1402,2,2,1,0,1,1,امیرآباد
12000000000,160,1403,3,5,2,1,1,1,شهید فرامرز عباسی
3000000000,75,1395,2,4,4,1,1,1,وکیل‌آباد
3550000000,87,1394,2,7,2,1,0,1,امامیه (شهرک غرب)
7000000000,155,1394,2,4,1,1,1,1,هفت تیر (آب و برق)
950000000,90,1380,1,1,1,0,1,1,شهرک شهید باهنر
2400000000,80,1390,2,2,2,0,0,0,کوی ولیعصر
1690000000,90,1401,1,4,4,0,0,0,چهارچشمه
500000000,55,1402,1,3,1,0,0,1,طبرسی شمالی
2100000000,100,1396,2,5,1,0,0,1,رده
1050000000,90,1403,1,3,3,0,0,1,طبرسی شمالی
1200000000,95,1404,2,2,0,0,1,1,شهرک مهرگان
1200000000,70,1403,1,1,1,0,0,1,همت آباد
1200000000,65,1393,1,4,1,0,0,1,توس (بلوار توس)
10500000000,100,1387,2,3,3,0,1,0,سلام
650000000,64,1403,1,4,4,0,0,1,نظام دوست
2300000000,85,1391,2,0,0,1,0,0,جانباز
995000000,50,1404,1,0,0,0,0,0,رده
2250000000,85,1394,2,4,4,1,1,1,امیر
1750000000,100,1398,1,1,1,0,0,1,توس (بلوار توس)
4150000000,119,1390,2,4,4,0,1,1,هفت تیر (آب و برق)
4500000000,104,1382,2,4,4,0,1,1,کوثر
5175000000,115,1400,2,6,1,1,1,1,صیاد شیرازی
1900000000,130,1404,3,4,4,0,0,0,مشهدقلی
1150000000,50,1385,2,0,0,0,0,0,نظام دوست
1250000000,55,1394,1,3,3,0,0,0,رستگار
2200000000,80,1390,2,4,2,0,0,0,مشکینی (شهرک غرب)
1480000000,75,1393,1,2,2,0,0,0,هنرور
3100000000,95,1403,2,6,2,1,1,1,ایمان
12950000000,169,1396,3,6,6,1,1,1,هنرستان
1450000000,90,1383,2,3,0,0,1,1,کریم آباد
1980000000,70,1394,1,2,2,0,0,1,شهرآرا
1750000000,115,1401,2,2,2,0,0,1,منزل آباد
3600000000,132,1404,2,2,2,0,1,1,موسوی قوچانی
1650000000,110,1404,2,3,3,1,1,1,منزل آباد
3600000000,213,1397,2,2,2,0,1,1,کلاته برفی
1800000000,60,1390,1,7,1,0,0,0,سرافرازان
1250000000,85,1402,1,0,0,0,1,0,رده
1400000000,95,1396,2,1,1,0,0,1,کشف
4300000000,92,1398,2,8,3,1,1,1,جاهد شهر
4680000000,130,1400,2,4,4,1,1,1,جاهد شهر
1490000000,80,1395,2,0,0,1,0,1,یوسفیه (شهرک غرب)
6450000000,149,1404,3,1,1,1,1,1,الهیه
2249000000,100,1395,2,4,5,1,0,1,شفا
4650000000,100,1404,2,2,2,1,1,1,شهرک رازی (شهرک غرب)
1550000000,100,1401,1,2,2,0,0,1,طبرسی شمالی
3850000000,100,1385,2,3,3,0,1,1,نیروی هوایی
5900000000,100,1404,2,3,3,1,1,1,فارغ التحصیلان
2750000000,100,1392,2,2,2,0,1,1,امیریه
2400000000,100,1404,2,5,5,1,1,0,پنجتن
4300000000,100,1404,2,4,1,1,1,1,الهیه
4350000000,100,1399,2,3,3,1,1,1,الهیه
5390000000,100,1391,2,4,2,1,1,1,هفت تیر (حافظ)
5500000000,100,1397,2,0,0,1,1,1,رضاشهر
5400000000,100,1385,2,4,4,1,1,1,تربیت (صدف)
11000000000,100,1404,2,4,4,1,1,1,حرم مطهر رضوی
9000000000,100,1404,2,2,2,1,1,1,امام رضا (ع)
4300000000,100,1395,2,4,4,1,1,1,جاهد شهر
3850000000,100,1393,2,4,4,1,1,1,الهیه
4100000000,100,1393,2,2,2,1,1,0,الهیه
3550000000,100,1400,2,5,5,1,1,1,الهیه
4200000000,100,1399,2,4,3,1,1,1,الهیه
6490000000,100,1392,2,4,4,1,1,1,فرهنگ
2050000000,100,1379,1,1,1,0,0,1,ایثارگران
3300000000,100,1404,2,7,6,1,1,1,جانباز
2000000000,100,1404,2,2,2,1,1,1,گاز
4850000000,100,1404,2,5,1,1,1,1,الهیه
4900000000,100,1403,2,2,2,1,1,1,جاهد شهر
4700000000,100,1400,2,2,2,1,1,1,جاهد شهر
4600000000,100,1400,2,1,1,1,1,1,الهیه
4600000000,100,1403,2,2,2,1,1,1,جاهد شهر
4295000000,100,1400,2,1,1,1,1,1,الهیه
4250000000,100,1400,2,1,1,1,1,1,الهیه
3760000000,100,1397,2,4,4,1,1,1,الهیه
7125000000,95,1402,2,6,6,1,1,1,امام رضا (ع)
5500000000,100,1398,2,2,2,1,1,1,شهید رضوی
4560000000,100,1404,2,2,2,1,1,1,الهیه
4250000000,100,1404,2,4,4,1,1,1,الهیه
4230000000,100,1400,2,4,1,1,1,1,الهیه
4200000000,100,1404,2,5,2,1,1,1,امیریه
3700000000,100,1404,2,4,4,1,1,1,الهیه
4850000000,100,1404,2,3,3,1,1,1,جاهد شهر
4850000000,100,1404,2,5,1,1,1,1,الهیه
5000000000,100,1404,2,1,1,1,1,1,شهرک لشکر (شهرک غرب)
5200000000,100,1390,2,1,1,1,1,1,اقبال
3270000000,100,1404,2,5,3,1,1,1,عبادی
4250000000,100,1397,2,3,3,1,1,1,الهیه
4000000000,100,1397,2,4,4,1,1,1,الهیه
4850000000,100,1404,2,4,1,1,1,1,شهرک رازی (شهرک غرب)
1500000000,100,1402,2,3,0,0,0,0,کشف
4200000000,100,1388,2,0,0,0,1,1,شهید فرامرز عباسی
5950000000,100,1391,2,4,4,1,1,1,هنرستان
4150000000,100,1394,2,5,3,1,1,1,جاهد شهر
4350000000,100,1399,2,5,1,1,1,1,الهیه
3200000000,100,1402,2,7,6,1,1,1,جانباز
1420000000,100,1397,2,4,3,0,0,1,کوی سیدی
3950000000,100,1403,2,3,3,1,1,1,الهیه
4750000000,100,1404,2,10,3,1,1,1,الهیه
4750000000,100,1389,3,4,4,1,1,1,شهرک رازی (شهرک غرب)
3900000000,100,1402,2,4,2,1,1,1,امیریه
4550000000,100,1404,2,4,3,1,1,1,جاهد شهر
3500000000,100,1396,2,3,1,0,1,1,سرافرازان
4000000000,100,1393,2,1,1,1,1,1,شاهد (شهرک غرب)
4900000000,100,1398,2,8,8,1,1,1,آبادگران
4300000000,110,1403,2,5,4,1,1,1,الهیه
5550000000,100,1385,2,4,4,1,1,1,زمانه
4450000000,100,1401,2,5,3,1,1,1,الهیه
5800000000,100,1388,2,0,0,0,1,1,ارشاد
2000000000,100,1404,2,2,2,1,1,1,الهیه
5200000000,100,1391,2,4,4,1,1,1,اقبال
5300000000,100,1400,2,4,4,1,1,1,فارغ التحصیلان
3800000000,100,1400,2,4,1,1,1,1,امیریه
5500000000,100,1391,2,4,1,1,1,1,هفت تیر (آب و برق)
6000000000,100,1395,2,4,4,1,1,1,هنرستان
5000000000,100,1379,2,4,2,0,1,1,هنرستان
4800000000,100,1392,2,4,4,1,1,1,اقبال
3900000000,100,1396,2,1,1,1,1,1,الهیه
5350000000,100,1388,2,4,4,1,1,1,صیاد شیرازی
4300000000,100,1400,2,5,5,1,1,1,الهیه
4200000000,100,1399,2,4,2,1,1,1,جاهد شهر
4300000000,100,1403,2,5,3,1,1,1,جاهد شهر
2500000000,100,1404,2,6,3,1,1,1,الهیه
4050000000,100,1403,2,10,10,1,1,1,آبادگران
4800000000,100,1400,2,2,2,1,1,1,الهیه
3800000000,100,1395,2,4,1,1,1,0,الهیه
4200000000,100,1390,2,1,1,0,1,0,سید رضی
4250000000,100,1396,2,1,1,1,1,1,الهیه
3900000000,100,1398,2,1,1,1,1,1,جاهد شهر
5490000000,100,1391,2,1,1,1,1,1,صیاد شیرازی
1000000000,100,1400,2,4,4,0,0,0,کشف
12500000000,100,1404,2,5,4,1,1,1,بالا خیابان
6600000000,100,1390,2,4,4,1,1,1,آزادشهر
3200000000,100,1404,2,2,2,1,1,1,موسوی قوچانی
4280000000,100,1403,2,5,5,1,1,1,الهیه
2490000000,100,1404,2,1,1,1,1,1,تلگرد
4600000000,100,1390,2,4,0,1,1,1,شریف
3850000000,100,1399,2,4,1,1,1,1,الهیه
4600000000,100,1404,2,3,3,1,1,1,الهیه
4400000000,100,1404,2,2,2,1,1,1,الهیه
39500000000,100,1404,2,6,1,1,1,1,امیریه
5200000000,100,1401,2,5,1,1,1,1,نیروی هوایی
4650000000,100,1400,2,2,2,1,1,1,الهیه
4500000000,100,1399,2,3,2,1,1,1,جاهد شهر
3850000000,100,1397,2,3,3,1,1,1,الهیه
6000000000,100,1401,2,3,1,1,1,1,رضاشهر
3100000000,100,1393,2,3,3,0,1,1,نکاح
3300000000,100,1394,2,4,1,1,1,0,جاهد شهر
4300000000,100,1396,2,3,3,1,1,1,الهیه
4600000000,100,1399,2,2,2,1,1,1,الهیه
4100000000,100,1402,2,4,3,1,1,1,الهیه
4150000000,100,1396,2,5,5,1,1,1,الهیه
4300000000,100,1398,2,2,2,1,1,1,الهیه
2450000000,100,1377,3,3,3,0,1,1,حجاب (شهرک غرب)
4000000000,100,1398,2,4,4,1,1,1,الهیه
4650000000,100,1404,2,1,1,1,1,1,شهرک رازی (شهرک غرب)
6800000000,100,1404,2,4,2,1,1,1,اقبال
4850000000,100,1404,2,1,1,1,1,1,فرهنگیان (شهرک غرب)
2900000000,100,1404,2,13,4,1,1,1,امیر
3297000000,100,1404,2,7,4,1,1,1,امیر
7400000000,100,1404,2,5,2,1,1,1,فارغ التحصیلان
5490000000,100,1393,2,4,4,1,1,1,هفت تیر (حافظ)
5500000000,100,1394,2,1,1,1,1,1,هفت تیر (آب و برق)
5500000000,100,1390,2,4,4,1,1,1,صیاد شیرازی
3150000000,100,1404,2,5,5,1,1,0,تلگرد
1500000000,100,1403,2,3,1,0,0,1,نظام دوست
1000000000,100,1399,1,2,1,0,0,0,کشف
1220000000,100,1400,2,3,1,0,0,1,کشف
4650000000,105,1400,2,4,4,1,1,1,جاهد شهر
5500000000,100,1396,2,1,1,1,1,1,هفت تیر (آب و برق)
1400000000,105,1400,2,4,1,0,0,0,کشف
3270000000,100,1403,2,5,2,1,1,1,گاز
5000000000,100,1384,2,4,4,1,1,1,سناباد
4300000000,100,1403,2,1,1,1,1,1,الهیه
4900000000,100,1404,2,4,1,1,1,1,نرگس (شهرک غرب)
4500000000,100,1401,2,4,3,1,1,1,شهرک رازی (شهرک غرب)
4250000000,100,1398,2,4,3,1,1,1,شاهد (شهرک غرب)
5280000000,100,1393,2,4,4,1,1,1,اقبال
4300000000,100,1399,2,1,1,1,1,1,الهیه
4400000000,100,1400,2,5,4,1,1,1,الهیه
4180000000,100,1399,2,5,4,1,1,1,الهیه
7500000000,100,1404,2,5,2,1,1,1,فارغ التحصیلان
4400000000,101,1404,2,5,4,1,1,1,الهیه
4290000000,100,1401,2,5,1,1,1,1,الهیه
4000000000,100,1401,2,5,3,1,1,1,الهیه
3790000000,100,1404,2,5,2,1,1,1,الهیه
5200000000,100,1387,2,4,2,0,1,1,هنرستان
5600000000,100,1396,2,0,0,1,1,1,رضاشهر
3580000000,100,1387,2,0,0,0,1,1,اقبال
5600000000,100,1380,1,3,0,0,0,0,فارغ التحصیلان
4200000000,100,1402,2,3,3,1,1,1,الهیه
2350000000,100,1403,2,4,2,1,1,1,نظام دوست
4750000000,100,1389,2,5,5,1,1,1,زیبا شهر
6000000000,100,1392,2,9,4,1,1,1,صیاد شیرازی
1200000000,105,1400,2,3,3,0,0,0,نوید
3200000000,100,1403,2,6,6,1,1,1,جانباز
3200000000,100,1403,2,8,7,1,1,1,جانباز
3350000000,100,1403,2,8,5,1,1,1,جانباز
3200000000,100,1403,2,7,6,1,1,1,جانباز
4250000000,100,1400,2,4,1,1,1,1,الهیه
2790000000,100,1392,3,4,4,0,1,1,الهیه
3700000000,100,1404,2,2,2,1,1,1,الهیه
3800000000,100,1396,2,1,1,1,1,1,الهیه
4350000000,103,1398,2,3,3,1,1,1,جاهد شهر
4350000000,100,1404,2,2,2,1,1,1,الهیه
3500000000,100,1397,2,2,2,1,1,1,الهیه
2740000000,100,1397,2,5,2,1,1,1,یاس
5400000000,100,1393,2,4,4,1,1,1,صیاد شیرازی
1940000000,100,1402,2,5,1,1,0,1,ایثارگران
1600000000,100,1391,2,1,1,0,1,1,شهرک امام هادی (شهرک غرب)
4500000000,100,1402,2,3,3,1,1,1,جاهد شهر
4800000000,100,1404,2,2,2,1,1,1,الهیه
4500000000,100,1398,2,6,2,1,1,1,الهیه
4600000000,100,1404,2,4,4,1,1,1,جاهد شهر
8000000000,100,1404,2,2,2,1,1,1,عنصری
3190000000,100,1386,2,3,3,0,1,1,یوسفیه (شهرک غرب)
4400000000,100,1387,2,4,0,1,1,0,شهید فرامرز عباسی
3999000000,100,1396,2,3,3,1,1,1,ولیعصر (شهرک غرب)
4000000000,100,1389,2,3,1,0,1,1,صیاد شیرازی
4850000000,100,1402,2,1,1,1,1,1,فرهنگیان (شهرک غرب)
4850000000,100,1402,2,5,1,1,1,1,فرهنگیان (شهرک غرب)
7000000000,100,1404,2,4,2,1,1,1,امام خمینی
3350000000,100,1404,2,3,3,1,1,1,کوی سیدی
3250000000,100,1398,2,8,4,1,1,0,انقلاب
2100000000,100,1402,2,2,2,1,1,1,حضرت حجت
4300000000,100,1398,2,1,1,1,1,1,الهیه
3700000000,100,1404,2,3,3,1,1,1,جاهد شهر
4200000000,100,1394,2,4,2,1,1,1,نرگس (شهرک غرب)
3950000000,100,1398,2,5,5,1,1,1,جاهد شهر
3700000000,100,1398,2,1,1,1,1,1,الهیه
3900000000,100,1396,2,5,5,1,1,0,الهیه
3780000000,100,1399,2,1,1,1,1,1,الهیه
3850000000,100,1399,2,1,1,1,1,1,الهیه
4550000000,100,1391,2,5,5,1,1,1,آزادشهر
1380000000,100,1403,2,4,4,0,0,1,طبرسی شمالی
4850000000,100,1387,2,2,2,0,1,0,هنرستان
3700000000,100,1404,2,6,1,1,1,1,الهیه
3800000000,100,1404,2,5,4,1,1,1,شهرک لشکر (شهرک غرب)
5100000000,100,1404,2,4,4,1,1,1,شهرک لشکر (شهرک غرب)
3500000000,100,1404,2,2,2,1,1,1,الهیه
4950000000,100,1394,2,4,1,1,1,1,هفت تیر (حافظ)
6000000000,100,1393,2,4,4,1,1,1,زمانه
5100000000,100,1404,2,6,2,1,1,1,فرهنگیان (شهرک غرب)
4000000000,100,1404,2,6,2,1,1,1,مشکینی (شهرک غرب)
2730000000,100,1397,2,5,5,1,1,1,گلبرگ
9000000000,100,1404,2,5,1,1,1,1,امام رضا (ع)
6500000000,100,1404,2,5,1,1,1,1,سناباد
4550000000,100,1400,2,5,3,1,1,1,الهیه
4300000000,96,1388,2,4,4,1,1,1,سعد آباد
8500000000,100,1403,2,3,3,1,1,1,آیت الله خامنه‌ای
8395000000,100,1404,2,6,4,1,1,1,امام رضا (ع)
4000000000,100,1404,2,3,3,1,1,1,امیریه
4000000000,100,1403,2,5,2,1,1,1,الهیه
3970000000,100,1383,2,3,3,0,1,0,چهارچشمه
12000000000,100,1404,2,3,3,1,1,1,آیت الله خامنه‌ای
5000000000,100,1400,2,5,4,1,1,1,سید رضی
4500000000,100,1388,2,4,1,0,1,1,سناباد
4250000000,100,1400,2,4,1,1,1,1,الهیه
3900000000,100,1404,2,2,2,1,1,1,امیریه
2000000000,100,1404,2,4,4,1,0,1,مشکینی (شهرک غرب)
5250000000,100,1404,2,2,2,1,1,1,شهرک لشکر (شهرک غرب)
4350000000,100,1393,2,5,1,1,0,1,صیاد شیرازی
6000000,100,1380,2,3,0,0,1,1,کوثر
4900000000,100,1390,2,1,1,1,1,1,فارغ التحصیلان
4880000000,100,1404,2,15,3,1,1,1,الهیه
3900000000,100,1396,2,5,5,1,1,1,الهیه
4570000000,100,1404,2,5,4,1,1,1,الهیه
4300000000,100,1399,2,5,1,1,1,1,الهیه
3970000000,100,1385,2,3,2,0,1,0,امام خمینی
3450000000,95,1395,2,5,5,1,1,1,حجاب (شهرک غرب)
6900000000,100,1404,2,5,5,1,1,1,اقبال
7000000000,100,1404,2,4,4,1,1,1,اقبال
4200000000,100,1400,2,2,2,1,1,1,جاهد شهر
7200000000,100,1404,2,2,2,1,1,1,فارغ التحصیلان
5500000000,100,1389,2,4,4,1,1,1,شهرآرا
4150000000,100,1404,2,2,2,1,1,1,امیریه
3100000000,100,1383,2,3,3,0,1,1,حسابی جنوبی (شهرک غرب)
4650000000,100,1395,2,4,4,1,1,1,صیاد شیرازی
9000000000,100,1403,2,3,3,1,1,1,حرم مطهر رضوی
3250000000,100,1396,2,4,4,1,0,1,شهرآرا
2000000000,100,1404,2,2,2,1,1,1,جاهد شهر
4350000000,100,1389,2,3,3,1,1,1,شهید رضوی
13000000000,100,1404,2,4,2,1,1,1,آیت الله خامنه‌ای
5000000000,100,1403,2,1,1,1,1,1,فرهنگیان (شهرک غرب)
3900000000,100,1396,2,5,5,1,1,1,الهیه
3550000000,100,1404,2,6,1,1,1,1,الهیه
3700000000,100,1397,2,2,2,1,1,1,جاهد شهر
5000000000,100,1403,2,1,1,1,1,1,جاهد شهر
5300000000,100,1404,2,6,6,1,1,1,جاهد شهر
5750000000,100,1394,2,2,2,1,1,1,کوثر
5490000000,100,1395,2,1,1,1,1,1,هفت تیر (آب و برق)
4380000000,100,1402,2,6,3,1,1,1,الهیه
3080000000,100,1396,2,4,3,1,1,1,امیر
1570000000,105,1404,2,6,5,1,0,1,نوید
4800000000,100,1404,2,6,1,1,1,1,الهیه
2850000000,100,1390,2,1,1,0,1,1,فرهنگیان (شهرک غرب)
2050000000,97,1400,2,4,2,0,0,0,ایثارگران
4380000000,100,1404,2,2,2,1,1,1,جاهد شهر
4180000000,100,1404,2,5,3,1,1,1,الهیه
4000000000,100,1404,2,5,1,1,1,1,الهیه
3650000000,100,1390,2,1,1,0,1,1,صیاد شیرازی
4300000000,100,1404,2,1,1,1,1,1,الهیه
4800000000,100,1394,2,4,4,1,1,1,اقبال
4730000000,100,1401,2,5,5,1,1,1,جاهد شهر
3870000000,100,1397,2,4,4,1,1,1,الهیه
4400000000,100,1399,2,1,1,1,1,1,الهیه
4450000000,100,1400,2,3,3,1,1,1,جاهد شهر
4300000000,100,1399,2,1,1,1,1,1,جاهد شهر
4000000000,100,1395,2,2,2,1,1,1,الهیه
4300000000,100,1399,2,3,3,1,1,1,الهیه
4650000000,100,1400,2,1,1,1,1,0,الهیه
4700000000,100,1397,2,4,2,1,1,1,نرگس (شهرک غرب)
4100000000,100,1390,2,4,3,0,1,1,امام رضا (ع)
4000000000,100,1397,2,4,3,1,1,1,جاهد شهر
4000000,100,1398,2,4,2,1,1,1,الهیه
2500000000,100,1400,2,1,1,1,0,1,عامل
3200000000,100,1390,2,1,1,0,1,1,نیروی هوایی
2600000000,100,1404,2,2,2,1,1,1,شهرک امام هادی (شهرک غرب)
5080000000,100,1404,2,5,3,1,1,1,الهیه
4590000000,100,1404,2,2,2,1,1,1,الهیه
4400000000,100,1404,2,5,2,1,1,1,امیریه
4250000000,100,1400,2,1,1,1,1,1,الهیه
4300000000,100,1404,2,2,2,1,1,1,الهیه
4650000000,100,1404,2,4,4,1,1,1,الهیه
7000000000,100,1404,2,1,1,1,1,1,فارغ التحصیلان
4600000000,100,1404,2,5,4,1,1,1,الهیه
10000000000,98,1403,2,5,5,1,1,1,حرم مطهر رضوی
3800000000,100,1404,2,30,0,1,1,1,الهیه
1450000000,100,1402,2,3,3,0,0,1,نظام دوست
3500000000,100,1391,2,2,2,0,1,1,هفت تیر (آب و برق)
3700000000,100,1399,2,4,3,1,1,1,الهیه
12000000000,100,1404,2,5,2,1,1,1,حرم مطهر رضوی
1500000000,100,1399,2,1,1,0,1,1,سرافرازان
5000000000,100,1395,2,4,2,1,1,1,هفت تیر (آب و برق)
4400000000,100,1394,2,4,4,1,1,1,شهرک رازی (شهرک غرب)
3750000000,100,1395,2,3,3,1,1,1,الهیه
2000000000,100,1404,2,2,2,1,1,1,جاهد شهر
7100000000,100,1404,2,6,3,1,1,1,اقبال
4180000000,100,1401,2,4,1,1,1,1,الهیه
5200000000,100,1401,2,1,1,1,1,1,چهارچشمه
4000000000,100,1385,3,2,0,0,1,1,مشکینی (شهرک غرب)
1700000000,100,1390,1,3,0,0,0,1,رستگار
4350000000,100,1388,2,4,0,1,1,1,بهاران
1300000000,100,1401,2,1,1,0,1,1,منزل آباد
2400000000,100,1404,2,4,4,1,1,1,نظام دوست
9000000000,100,1403,2,5,3,1,1,1,آیت الله خامنه‌ای
13000000000,100,1404,2,5,3,1,1,1,حرم مطهر رضوی
14000000000,100,1404,2,7,7,1,1,0,حرم مطهر رضوی
11500000000,100,1403,2,4,2,1,1,1,دانش
13000000000,100,1404,2,6,3,1,1,1,عنصری
9500000000,100,1403,2,5,5,1,1,1,آیت الله خامنه‌ای
9700000000,100,1404,2,6,2,1,1,1,آیت الله خامنه‌ای
10500000000,100,1404,2,7,5,1,1,1,عیدگاه
5100000000,100,1395,2,5,3,1,1,1,شهید فرامرز عباسی
6000000000,100,1390,2,4,4,1,1,1,امام رضا (ع)
4930000000,100,1386,2,4,2,0,1,1,هنرستان
2500000000,100,1403,2,4,1,1,1,1,وکیل‌آباد
3980000000,100,1396,2,4,4,1,1,1,جاهد شهر
4300000000,100,1403,2,5,2,1,1,1,الهیه
4795000000,100,1400,2,3,3,1,1,1,جاهد شهر
4400000000,100,1404,2,5,2,1,1,1,الهیه
4500000000,104,1404,2,5,1,1,1,1,الهیه
2500000000,110,1404,2,6,3,1,1,1,الهیه
4200000000,100,1393,2,3,2,0,1,0,سرافرازان
4500000000,107,1393,2,4,2,1,1,1,جاهد شهر
4300000000,101,1399,2,4,1,1,1,1,الهیه
4500000000,101,1385,2,3,3,0,1,1,کلاهدوز
3400000000,101,1403,2,4,1,1,1,1,الهیه
5000000000,101,1385,2,4,3,1,1,1,اقبال
3850000000,101,1398,2,4,4,1,1,1,امیریه
3900000000,101,1396,2,5,5,1,1,1,الهیه
4720000000,101,1398,1,4,4,1,1,1,فرهنگیان (شهرک غرب)
6500000000,101,1386,2,4,2,1,1,1,کوثر
4300000000,101,1400,2,4,4,1,1,1,الهیه
3700000000,103,1396,2,5,1,1,1,1,الهیه
7000000000,101,1404,2,3,3,1,1,1,امام خمینی
4600000000,101,1401,2,1,1,1,1,1,الهیه
3900000000,101,1398,2,4,4,1,1,1,امیریه
4370000000,101,1401,2,5,3,1,1,1,الهیه
4350000000,101,1403,2,5,3,1,1,1,الهیه
4100000000,101,1403,2,5,3,1,1,1,الهیه
5740000000,102,1400,2,3,3,1,1,1,حرم مطهر رضوی
4500000000,102,1401,2,4,4,1,1,1,جاهد شهر
5600000000,102,1402,2,4,4,1,1,1,کوشش
3850000000,102,1396,2,3,3,1,1,1,الهیه
7000000000,102,1402,2,3,3,1,1,1,کلاهدوز
4700000000,102,1400,2,4,4,1,1,1,فرهنگیان (شهرک غرب)
3200000000,102,1386,2,2,2,0,0,1,امامیه (شهرک غرب)
3690000000,102,1396,2,6,1,1,1,1,الهیه
4200000000,102,1404,2,6,4,1,1,1,الهیه
4200000000,102,1395,2,4,2,1,1,1,جاهد شهر
4250000000,102,1404,2,4,4,1,1,1,الهیه
4600000000,102,1404,2,2,2,1,1,1,نرگس (شهرک غرب)
4600000000,102,1388,2,1,1,0,1,1,هفت تیر (آب و برق)
3700000000,101,1404,2,2,2,1,1,1,الهیه
8670000000,102,1404,2,1,1,1,1,1,حرم مطهر رضوی
3060000000,102,1386,2,3,2,0,0,1,امامیه (شهرک غرب)
9180000000,102,1404,2,4,1,1,1,1,عنصری
3650000000,102,1397,2,4,3,1,1,1,جاهد شهر
5100000000,102,1392,2,5,5,1,1,0,هفت تیر (آب و برق)
3900000000,102,1398,2,4,4,1,1,1,امیریه
2400000000,102,1396,2,2,2,0,0,1,یاس
4300000000,102,1404,2,4,4,1,1,1,جاهد شهر
4600000000,102,1394,2,4,3,1,1,1,تربیت (صدف)
5750000000,102,1394,2,2,2,1,1,1,شهید بهشتی
4200000000,102,1397,2,4,2,1,1,1,الهیه
3700000000,102,1395,2,4,3,0,1,1,سرافرازان
4200000000,102,1396,2,1,1,1,1,1,شهرک لشکر (شهرک غرب)
4000000000,102,1383,2,4,4,1,1,0,هفت تیر (آب و برق)
3700000000,102,1394,2,4,3,1,1,1,الهیه
9890000000,100,1404,2,6,2,1,1,1,آیت الله خامنه‌ای
4400000000,102,1401,2,5,1,1,1,1,الهیه
5500000000,103,1396,2,4,3,1,1,1,هفت تیر (آب و برق)
4500000000,103,1403,2,3,3,1,1,1,جاهد شهر
4600000000,103,1401,2,4,1,1,1,1,الهیه
3900000000000,103,1398,2,4,4,1,1,1,الهیه
8600000000,103,1404,2,4,4,1,1,1,امام رضا (ع)
4100000000,104,1396,2,5,2,1,1,1,الهیه
3670000000,103,1388,2,4,2,0,1,1,فرهنگیان (شهرک غرب)
3950000000,103,1390,2,4,1,1,1,1,هفت تیر (نه دره)
4330000000,103,1404,2,5,3,1,1,1,الهیه
6200000000,103,1392,2,4,3,1,1,1,فارغ التحصیلان
4550000000,103,1401,2,1,1,1,1,1,الهیه
5290000000,103,1393,2,4,3,1,1,1,نیروی هوایی
4290000000,103,1404,2,2,2,1,1,1,الهیه
4200000000,103,1388,2,1,1,0,1,1,شهرآرا
5250000000,103,1404,2,1,1,1,1,1,صیاد شیرازی
6700000000,103,1404,2,5,4,1,1,1,امام خمینی
5300000000,103,1393,2,5,3,1,1,1,نیروی هوایی
4600000000,103,1400,2,5,2,1,1,1,الهیه
4900000000,103,1395,2,4,4,1,1,1,هفت تیر (آب و برق)
7725000000,103,1402,2,3,3,1,1,1,امام رضا (ع)
5150000000,103,1398,2,5,5,1,1,1,الهیه
4500000000,103,1400,2,4,4,1,1,1,الهیه
5100000000,103,1404,2,6,4,1,1,1,الهیه
6190000000,103,1390,2,4,4,1,1,1,فارغ التحصیلان
5500000000,103,1382,2,4,4,1,1,1,کوثر
6180000000,103,1387,2,5,2,1,1,1,چهارچشمه
3550000000,105,1396,2,2,2,1,1,1,الهیه
3950000000,104,1395,2,4,1,1,1,1,الهیه
6200000000,104,1392,2,3,3,1,1,1,فارغ التحصیلان
5990000000,104,1389,2,3,3,1,1,1,رضاشهر
4190000000,104,1402,2,5,2,1,1,1,الهیه
4650000000,104,1404,2,4,4,1,1,1,الهیه
1450000000,90,1404,2,3,2,0,1,1,نوید
4700000000,104,1403,2,5,2,1,1,1,حجاب (شهرک غرب)
4150000000,104,1391,2,2,2,1,1,1,صیاد شیرازی
5150000000,104,1390,2,3,2,1,1,1,رضاشهر
4400000000,104,1395,2,3,3,1,1,1,فرهنگیان (شهرک غرب)
4450000000,104,1395,2,4,1,1,1,1,فرهنگیان (شهرک غرب)
5200000000,104,1388,2,3,2,1,1,1,رضاشهر
2550000000,104,1404,2,2,2,1,1,1,امیر
4750000000,104,1391,2,4,1,1,1,1,اقبال
3600000000,104,1391,2,1,1,0,1,1,میعاد (شهرک غرب)
4600000000,104,1399,2,6,6,1,1,1,الهیه
5050000000,104,1403,2,10,6,1,1,1,مشکینی (شهرک غرب)
4250000000,104,1402,2,3,3,1,1,1,الهیه
6250000000,104,1404,2,2,2,1,1,1,شریف
4200000000,104,1403,2,4,4,1,1,1,جاهد شهر
3680000000,104,1389,2,4,2,1,1,1,نرگس (شهرک غرب)
2745000000,105,1398,2,5,3,1,1,1,موسوی قوچانی
4500000000,105,1386,3,4,3,0,1,1,شهید رضوی
5800000000,105,1404,2,3,3,1,1,1,سرافرازان
3000000000,105,1390,2,4,4,0,1,1,میعاد (شهرک غرب)
3700000000,100,1404,2,5,2,1,1,1,امیریه
5000000000,105,1403,2,5,3,1,1,1,الهیه
3100000000,105,1403,2,0,0,0,1,1,شهید مطهری
8900000000,105,1403,2,5,5,1,1,1,امام رضا (ع)
8850000000,105,1403,2,4,4,1,1,1,امام رضا (ع)
7300000000,105,1401,2,2,2,1,1,1,سلام
4800000000,105,1402,2,4,4,1,1,1,الهیه
4500000000,108,1402,2,5,5,1,1,1,الهیه
4150000000,105,1396,2,1,1,1,1,1,الهیه
5150000000,105,1402,2,2,2,1,1,1,جاهد شهر
2430000000,105,1404,2,2,2,1,0,0,یاس
4000000000,105,1398,2,4,4,1,1,1,جاهد شهر
4499000000,105,1395,2,4,4,1,1,1,شهرک رازی (شهرک غرب)
4400000000,105,1403,2,5,4,1,1,1,جاهد شهر
4250000000,105,1390,2,2,2,0,1,1,سرافرازان
4250000000,105,1400,2,2,2,1,1,1,الهیه
4200000000,105,1398,2,5,5,1,1,1,الهیه
2600000000,105,1404,3,5,5,1,1,1,سیس‌آباد
4500000000,105,1404,2,5,3,1,1,1,الهیه
4400000000,105,1396,2,4,3,1,1,1,شهرک رازی (شهرک غرب)
4650000000,105,1389,2,4,2,0,1,1,اقبال
3350000000,105,1404,2,6,5,1,1,1,شهید مطهری
6500000000,106,1398,2,6,3,1,1,1,کوثر
5350000000,105,1404,2,6,5,1,1,1,جاهد شهر
5250000000,105,1404,2,5,2,1,1,1,الهیه
4700000000,105,1401,2,2,2,1,1,1,الهیه
4200000000,105,1403,2,3,3,1,1,1,الهیه
5300000000,105,1404,2,2,2,1,1,1,شهرک لشکر (شهرک غرب)
5250000000,105,1404,2,5,2,1,1,1,شهرک لشکر (شهرک غرب)
7800000000,105,1403,2,2,2,1,1,1,دانش
6000000000,105,1395,2,4,4,1,1,1,هنرستان
4100000000,105,1390,3,4,4,1,1,1,فرهنگیان (شهرک غرب)
4650000000,105,1394,2,2,2,0,1,1,رضاشهر
5265000000,105,1395,2,4,4,1,1,1,اقبال
4200000000,105,1400,2,1,1,1,1,1,الهیه
4800000000,105,1387,2,2,2,1,1,1,صیاد شیرازی
3237000000,105,1404,2,7,5,1,1,1,امیر
4000000000,105,1390,2,3,3,0,1,1,هفت تیر (آب و برق)
4000000000,105,1390,3,2,0,0,1,1,حجاب (شهرک غرب)
4800000000,105,1398,2,5,5,1,1,1,الهیه
8900000000,105,1403,2,2,2,1,1,1,حرم مطهر رضوی
3200000000,105,1404,2,6,3,1,1,0,انقلاب
3800000000,105,1404,2,5,4,1,1,1,امیریه
2650000000,105,1397,2,4,4,1,1,1,موسوی قوچانی
3750000000,105,1402,2,3,3,1,1,1,جاهد شهر
2920000000,105,1402,2,4,4,1,1,1,طلاب
6200000000,105,1395,2,3,3,1,1,1,اقبال
3900000000,105,1395,2,5,2,1,1,1,الهیه
4200000000,105,1402,2,2,2,1,1,1,الهیه
3900000000,105,1399,2,3,3,1,1,1,الهیه
4050000000,105,1402,2,3,3,1,1,1,الهیه
4000000000,105,1400,2,4,4,1,1,1,الهیه
4550000000,105,1400,2,2,2,1,1,1,الهیه
5300000000,105,1393,2,4,4,1,1,1,اقبال
4620000000,105,1404,2,5,3,1,1,1,الهیه
3030000000,105,1404,2,7,4,1,1,1,امیر
4090000000,105,1403,2,1,1,1,1,1,شهرک رازی (شهرک غرب)
4300000000,105,1390,2,2,2,1,1,1,صیاد شیرازی
1500000000,105,1400,2,2,1,0,0,1,کشف
2850000000,105,1404,2,6,2,1,1,1,امیر
3600000000,105,1396,2,3,3,1,1,1,جاهد شهر
6200000000,105,1394,2,4,4,1,1,1,فارغ التحصیلان
4800000000,105,1404,2,6,4,1,1,1,الهیه
4400000000,103,1399,2,2,2,1,1,1,جاهد شهر
3800000000,105,1400,2,6,4,1,1,1,حجاب (شهرک غرب)
2620000000,105,1404,2,6,6,1,1,1,امیر
9450000000,135,1404,3,6,5,1,1,1,امام خمینی
6250000000,105,1404,2,5,2,1,1,1,نیروی هوایی
4700000000,130,1402,2,1,1,1,1,1,الهیه
3550000000,105,1396,2,5,3,1,1,1,امیریه
2730000000,105,1402,2,3,3,1,1,1,امیر
2620000000,105,1404,2,6,6,1,1,1,امیر
4600000000,105,1393,2,4,2,1,1,1,حسابی جنوبی (شهرک غرب)
4300000000,105,1400,2,4,3,1,1,1,الهیه
7800000000,105,1404,2,6,2,1,1,1,نیروی هوایی
3290000000,105,1403,2,5,5,1,1,1,حجت
4550000000,105,1403,2,5,2,1,1,1,الهیه
4950000000,105,1388,2,1,1,0,1,1,صیاد شیرازی
5300000000,105,1388,2,1,1,1,1,1,هفت تیر (آب و برق)
4400000000,105,1403,2,13,8,1,1,1,سرافرازان
3450000000,105,1404,2,3,3,1,1,1,الهیه
6500000000,105,1387,2,6,5,1,1,1,هفت تیر (آب و برق)
9000000000,105,1404,2,6,4,1,1,1,امام رضا (ع)
4720000000,105,1398,2,1,1,1,1,1,شهرک رازی (شهرک غرب)
4000000000,105,1397,2,4,4,1,1,1,جاهد شهر
2550000000,105,1390,2,4,3,1,1,0,امیریه
6400000000,105,1394,2,3,3,1,1,1,نیروی هوایی
4100000000,105,1398,2,4,3,1,1,1,الهیه
2350000000,105,1404,3,4,4,1,1,1,سیس‌آباد
15500000000,105,1404,2,2,2,1,1,1,چهارباغ
4300000000,105,1404,2,6,2,1,1,1,حسین‌آباد
4600000000,105,1400,2,1,1,1,1,1,الهیه
4120000000,105,1396,2,4,2,1,1,1,الهیه
4300000000,105,1404,2,4,4,1,1,1,الهیه
4750000000,105,1388,2,2,2,1,1,1,هفت تیر (آب و برق)
5775000000,105,1403,2,3,3,1,1,1,جاهد شهر
4300000000,105,1402,2,5,2,1,1,1,الهیه
4000000000,105,1404,2,6,6,1,1,1,الهیه
4900000000,105,1404,2,4,4,1,1,1,شهرک رازی (شهرک غرب)
4250000000,105,1386,2,2,2,0,1,1,اقبال
4300000000,105,1404,2,3,3,1,1,1,جاهد شهر
4350000000,105,1396,2,4,4,1,1,1,جاهد شهر
8000000000,105,1395,2,3,1,1,1,1,کوثر
4400000000,105,1400,2,4,4,1,1,1,جاهد شهر
4300000000,105,1395,3,5,5,1,1,1,جاهد شهر
4000000000,105,1386,3,4,4,1,1,1,فرهنگیان (شهرک غرب)
4550000000,105,1399,2,4,2,1,1,1,شهرک لشکر (شهرک غرب)
4250000000,105,1386,2,1,1,0,1,1,شهرآرا
4650000000,105,1402,2,5,1,1,1,1,شهرک لشکر (شهرک غرب)
4350000000,105,1404,2,5,4,1,1,1,الهیه
4750000000,105,1403,2,5,4,1,1,1,الهیه
6800000000,105,1404,2,2,2,1,1,1,آزادشهر
5000000000,105,1403,2,6,2,1,1,1,امیریه
5900000000,105,1394,2,4,4,1,1,1,هنرستان
4980000000,105,1400,2,3,3,1,1,1,الهیه
4200000000,105,1404,2,3,3,1,1,1,شهرک لشکر (شهرک غرب)
4250000000,105,1404,2,5,3,1,1,1,الهیه
4300000000,105,1399,2,4,2,1,1,1,الهیه
4600000000,105,1394,2,1,1,1,0,1,نیروی هوایی
5950000000,105,1394,2,5,5,1,1,1,هنرستان
4500000000,105,1389,2,2,1,0,1,1,شهید بهشتی
4400000000,105,1404,2,0,0,1,1,1,جاهد شهر
4725000000,105,1398,2,4,1,1,1,1,فرهنگیان (شهرک غرب)
9000000000,105,1404,2,2,2,1,1,1,امام رضا (ع)
4300000000,105,1403,2,2,2,1,1,1,الهیه
5250000000,105,1404,2,4,4,1,1,1,جاهد شهر
4600000000,105,1403,2,5,2,1,1,1,الهیه
4000000000,105,1399,2,5,4,1,1,1,الهیه
4650000000,105,1402,2,2,2,1,1,1,الهیه
4200000000,105,1402,2,4,4,1,1,1,الهیه
4850000000,105,1403,2,4,4,1,1,1,الهیه
3400000000,105,1389,2,4,4,0,1,1,سید رضی
5700000000,105,1391,2,2,2,1,1,1,صیاد شیرازی
5250000000,105,1404,2,4,4,1,1,1,شهرک لشکر (شهرک غرب)
5775000000,105,1404,2,6,2,1,1,1,زمرد
4190000000,105,1402,2,5,3,1,1,1,الهیه
1850000000,105,1395,2,1,1,0,0,1,بهمن
2450000000,100,1391,2,1,1,1,1,1,امیریه
4200000000,105,1396,2,4,1,1,1,1,شهرک رازی (شهرک غرب)
5500000000,105,1404,2,6,4,1,1,1,شهرک لشکر (شهرک غرب)
3300000000,105,1400,2,1,1,1,1,1,ایثار
4100000000,105,1396,2,5,5,1,1,1,الهیه
3950000000,104,1402,2,5,4,1,1,1,الهیه
4725000000,105,1404,2,5,5,1,1,1,امیریه
2950000000,105,1401,2,3,3,1,1,1,امیریه
7875000000,105,1404,2,6,2,1,1,1,نیروی هوایی
2221000000,105,1394,2,2,2,0,1,1,رستگار
4750000000,105,1404,3,2,2,1,1,1,الهیه
2850000000,105,1402,2,1,1,1,1,1,جانباز
3500000000,105,1388,2,3,2,0,1,1,حسابی جنوبی (شهرک غرب)
5280000000,120,1404,2,6,1,1,1,1,فرهنگیان (شهرک غرب)
3950000000,105,1396,2,1,1,1,1,1,جاهد شهر
5200000000,105,1404,2,5,2,1,1,1,الهیه
6000000000,105,1404,2,3,3,1,1,1,جاهد شهر
2600000000,105,1404,2,2,2,1,1,1,امیر
3400000000,105,1402,2,4,4,1,1,1,حسین‌آباد
2950000000,106,1397,2,4,4,1,1,1,طلاب
5800000000,106,1389,2,4,2,1,1,1,کوثر
6850000000,106,1401,2,3,3,1,1,1,صیاد شیرازی
4400000000,106,1398,2,5,1,1,1,1,جاهد شهر
4600000000,106,1400,2,3,3,1,1,1,الهیه
4500000000,106,1404,2,2,2,1,1,1,الهیه
3750000000,106,1396,2,15,3,1,1,1,الهیه
3850000000,106,1396,2,4,1,1,1,0,الهیه
4346000000,106,1403,2,5,3,1,1,1,الهیه
1900000000,106,1403,2,5,2,0,0,0,ایثارگران
4600000000,107,1399,2,1,1,1,1,1,جاهد شهر
5950000000,110,1404,2,2,2,1,1,1,الهیه
4090000000,107,1404,2,5,2,1,1,1,الهیه
5000000000,107,1404,2,5,3,1,1,1,الهیه
7000000000,107,1403,2,2,2,1,1,1,عنصری
5450000000,107,1404,2,3,3,1,1,1,جاهد شهر
4000000000,107,1397,2,5,4,1,1,1,الهیه
4500000000,107,1401,2,4,1,1,1,1,الهیه
4200000000,107,1393,2,4,2,1,1,1,الهیه
4100000000,107,1396,2,4,4,1,1,1,الهیه
4200000000,107,1399,2,15,1,1,1,1,الهیه
5250000000,107,1404,2,5,2,1,1,1,الهیه
7100000000,107,1401,3,5,5,1,1,1,حرم مطهر رضوی
3650000000,107,1395,2,4,3,1,1,1,شهرک رازی (شهرک غرب)
4950000000,107,1404,2,6,1,1,1,1,فرهنگیان (شهرک غرب)
5700000000,107,1404,3,1,1,1,1,1,شهرک لشکر (شهرک غرب)
4600000000,110,1399,2,4,3,1,1,1,شهرک لشکر (شهرک غرب)
3300000000,107,1399,2,6,2,1,1,1,هنرور
4500000000,107,1402,2,2,2,1,1,1,جاهد شهر
4150000000,110,1397,2,5,4,1,1,1,جاهد شهر
3500000000,107,1390,2,2,1,0,1,1,شهرک لشکر (شهرک غرب)
2600000000,107,1404,2,3,3,1,1,1,امیر
5800000000,107,1395,2,3,3,1,1,1,آزادشهر
4850000000,107,1390,2,4,3,1,1,1,اقبال
6800000000,107,1404,2,6,6,1,1,1,شهرآرا
4100000000,107,1396,2,4,4,1,1,1,جاهد شهر
4650000000,107,1400,2,1,1,1,1,1,الهیه
4700000000,110,1404,2,3,3,1,1,1,الهیه
4925000000,107,1388,2,2,2,1,1,1,صیاد شیرازی
3980000000,107,1397,3,5,5,1,1,1,الهیه
4800000000,107,1404,2,5,3,1,1,1,امیریه
6000000000,107,1396,2,3,3,1,1,1,آزادشهر
5900000000,107,1404,2,1,1,1,1,1,الهیه
6300000000,107,1392,2,4,3,1,1,1,فارغ التحصیلان
3100000000,107,1387,2,4,3,0,1,1,حسابی جنوبی (شهرک غرب)
6800000000,107,1403,2,3,3,1,1,1,حرم مطهر رضوی
10160000000,107,1403,2,5,5,1,1,1,حرم مطهر رضوی
4500000000,108,1402,2,5,1,1,1,1,الهیه
5300000000,108,1387,2,2,2,1,1,1,هفت تیر (آب و برق)
5000000000,108,1397,2,4,2,1,1,1,الهیه
4350000000,108,1395,2,1,1,1,1,1,الهیه
5500000000,108,1404,2,2,2,1,1,1,الهیه
3760000000,108,1404,2,4,4,1,1,1,حسین‌آباد
4550000000,108,1400,2,5,3,1,1,1,الهیه
4100000000,108,1397,2,4,4,1,1,1,الهیه
4600000000,108,1380,2,3,3,0,1,1,کلاهدوز
7400000000,108,1404,2,4,4,1,1,1,نیروی هوایی
3790000000,106,1395,2,3,3,1,1,1,الهیه
4700000000,108,1389,2,3,2,0,1,1,صیاد شیرازی
5100000000,108,1403,2,3,3,1,1,1,الهیه
4100000000,109,1392,2,4,1,1,1,1,میعاد (شهرک غرب)
2400000000,108,1395,2,1,1,0,1,1,کوی سیدی
5050000000,108,1397,2,1,1,1,1,1,اقبال
4950000000,108,1399,2,3,3,1,1,1,الهیه
3200000000,108,1386,2,2,1,0,0,1,شهرک رازی (شهرک غرب)
4100000000,108,1396,2,5,4,1,1,1,الهیه
5900000000,108,1402,2,6,4,1,1,1,الهیه
7000000000,108,1403,2,6,1,1,1,1,رضاشهر
10000,108,1404,2,6,2,1,1,1,شهرک لشکر (شهرک غرب)
4720000000,108,1396,2,4,2,1,1,1,شهرک رازی (شهرک غرب)
5900000000,108,1383,2,2,2,0,1,1,احمدآباد
5200000000,108,1389,2,4,2,1,1,1,آبکوه
3950000000,110,1390,2,3,3,1,1,1,هفت تیر (آب و برق)
5800000000,108,1398,2,4,4,1,1,1,سید رضی
5750000000,108,1404,2,5,3,1,1,1,الهیه
5750000000,108,1404,2,4,3,1,1,1,جاهد شهر
6000000000,108,1392,2,4,3,1,1,1,کوثر
4300000000000,108,1400,2,5,5,1,1,1,الهیه
4800000000,109,1403,2,1,1,1,1,1,الهیه
4850000000,109,1403,2,3,3,1,1,1,الهیه
4050000000,109,1397,2,4,4,1,1,1,الهیه
4500000000,109,1397,2,3,3,1,1,1,الهیه
4320000000,109,1402,2,5,4,1,1,1,الهیه
4750000000,109,1399,2,2,2,1,1,1,فرهنگیان (شهرک غرب)
4550000000,109,1402,2,4,3,1,1,1,الهیه
4260000000,109,1396,2,4,4,1,1,1,شهرک لشکر (شهرک غرب)
4860000000,109,1404,2,0,0,1,1,1,الهیه
4500000000,109,1400,2,3,3,1,1,1,جاهد شهر
4600000000,109,1380,2,3,2,0,1,0,شریف
5230000000,109,1400,2,5,1,1,1,1,جاهد شهر
8000000000,109,1403,2,6,4,1,1,1,الهیه
4750000000,109,1402,2,6,1,1,1,0,الهیه
4750000000,109,1404,2,5,1,1,1,1,الهیه
4650000000,110,1402,2,5,5,1,1,1,الهیه
2450000000,110,1404,2,6,3,1,1,1,ایثارگران
4750000000,110,1395,2,4,1,1,1,1,اقبال
4600000000,110,1404,2,5,4,1,1,1,الهیه
5100000000,110,1394,2,4,4,1,1,1,صیاد شیرازی
8250000000,110,1402,2,5,4,1,1,1,امام رضا (ع)
12000000000,110,1404,2,6,2,1,1,1,امام رضا (ع)
7850000000,110,1402,2,5,2,1,1,1,امام رضا (ع)
8200000000,110,1402,2,5,4,1,1,1,امام رضا (ع)
10000000000,110,1404,2,6,2,1,1,1,امام رضا (ع)
9250000000,110,1403,2,6,3,1,1,1,حرم مطهر رضوی
8800000000,110,1404,2,6,6,1,1,1,امام رضا (ع)
3060000000,110,1396,3,4,3,1,1,1,الهیه
3800000000,110,1404,2,7,7,1,1,1,امیریه
4840000000,110,1402,2,3,3,1,1,1,شهرک لشکر (شهرک غرب)
4000000000,110,1400,2,7,3,1,1,1,الهیه
5610000000,110,1404,2,5,2,1,1,1,شهرک لشکر (شهرک غرب)
4300000000,110,1395,2,4,3,1,1,1,الهیه
4800000000,110,1387,2,1,1,0,1,1,هفت تیر (آب و برق)
5700000000,110,1392,2,4,3,0,1,1,آزادشهر
3000000000,110,1404,2,7,3,1,1,1,فدک
3700000000,110,1401,2,4,1,1,1,1,الهیه
4100000000,110,1398,2,3,3,1,1,1,الهیه
4100000000,110,1404,2,2,2,1,1,1,الهیه
6200000000,110,1391,2,4,4,1,1,1,نیروی هوایی
4400000000,110,1400,2,2,2,1,1,1,الهیه
5190000000,110,1401,2,2,2,1,1,1,الهیه
4290000000,110,1402,2,4,1,1,1,1,جاهد شهر
4290000000,110,1398,2,3,3,1,1,1,الهیه
5090000000,110,1404,2,5,3,1,1,1,الهیه
4300000000,110,1399,2,5,4,1,1,1,الهیه
2000000000,110,1398,2,3,1,0,0,0,بهمن
4570000000,110,1389,2,2,2,0,1,1,هفت تیر (آب و برق)
2700000000,110,1404,2,1,1,1,1,1,رسالت
4700000000,110,1402,2,3,3,1,1,1,شهرک لشکر (شهرک غرب)
11800000000,110,1404,2,6,4,1,1,1,امام رضا (ع)
5200000000,110,1400,2,1,1,1,1,1,جاهد شهر
4950000000,110,1403,2,6,6,1,1,1,جاهد شهر
4950000000,110,1403,2,6,6,1,1,1,جاهد شهر
5800000000,110,1404,2,3,3,1,1,1,الهیه
3750000000,110,1397,2,4,4,1,1,1,الهیه
6250000000,110,1392,2,4,3,1,1,1,نیروی هوایی
5500000000,110,1404,2,5,3,1,1,1,جاهد شهر
5280000000,110,1404,2,4,4,1,1,1,جاهد شهر
3900000000,110,1396,2,4,1,1,1,1,الهیه
3300000000,110,1401,2,1,1,1,1,1,کوی المهدی
6250000000,110,1404,2,4,3,1,1,1,صیاد شیرازی
5350000000,110,1393,2,4,2,1,1,1,هفت تیر (آب و برق)
4850000000,110,1397,2,3,3,1,1,1,الهیه
4950000000,110,1391,2,4,3,1,1,1,اقبال
4800000000,110,1402,2,6,6,1,1,1,الهیه
4600000000,110,1404,2,4,4,1,1,1,الهیه
4840000000,110,1403,2,5,3,1,1,1,الهیه
4600000000,110,1404,2,3,3,1,1,1,الهیه
4500000000,110,1400,2,5,3,1,1,1,الهیه
6600000000,110,1385,2,4,2,1,1,1,هنرستان
4400000000,110,1396,2,5,5,1,1,1,الهیه
6700000000,110,1387,3,4,4,1,1,1,هنرستان
4730000000,112,1404,2,5,5,1,1,1,جاهد شهر
2700000000,110,1404,2,6,2,1,1,1,الهیه
7500000000,110,1404,2,0,0,1,1,1,صیاد شیرازی
5850000000,130,1404,2,6,1,1,1,1,الهیه
5500000000,110,1396,2,4,4,1,1,1,هفت تیر (آب و برق)
3000000000,110,1396,2,4,2,0,0,1,شهرک رازی (شهرک غرب)
5630000000,110,1391,2,2,2,0,1,1,آزادشهر
5500000000,110,1396,2,4,4,1,1,1,هفت تیر (آب و برق)
5000000000,110,1404,2,5,5,1,1,1,جاهد شهر
4600000000,110,1392,2,2,2,0,1,1,هفت تیر (آب و برق)
4200000000,110,1395,2,4,3,1,1,1,الهیه
2450000000,110,1392,2,1,1,0,0,1,نکاح
1600000000,110,1390,2,2,2,0,0,1,ایثارگران
8000000000,110,1404,2,6,2,1,1,1,فارغ التحصیلان
5300000000,110,1404,2,6,4,1,1,1,الهیه
5800000000,110,1404,2,5,2,1,1,1,الهیه
1540000000,110,1401,2,2,2,0,0,1,یوسفیه (شهرک غرب)
5250000000,110,1404,2,6,5,1,1,1,الهیه
1150000000,110,1400,1,3,0,0,1,1,کشف
6900000000,110,1404,2,6,6,1,1,1,الهیه
4300000000,110,1402,2,2,2,1,1,1,الهیه
4500000000,110,1399,2,2,2,1,1,1,الهیه
4500000000,110,1400,2,4,4,1,1,1,الهیه
5500000000,116,1400,2,4,4,1,1,1,جاهد شهر
6500000000,110,1390,2,3,3,0,1,1,کوثر
4200000000,110,1400,2,3,3,1,1,1,الهیه
4150000000,110,1398,2,4,4,1,1,1,الهیه
4150000000,110,1398,2,4,4,1,1,1,جاهد شهر
4000000000,110,1396,2,4,1,1,1,1,الهیه
4550000000,110,1404,2,4,4,1,1,1,الهیه
6000000,110,1397,2,4,3,1,1,1,رضاشهر
4950000000,110,1404,2,2,2,1,1,1,الهیه
6850000000,110,1393,2,3,3,1,1,1,هنرستان
7300000000,110,1404,2,5,5,1,1,1,اقبال
7300000000,110,1404,2,5,5,1,1,1,اقبال
4850000000,110,1404,2,10,2,1,1,1,الهیه
6400000000,110,1404,2,5,2,1,1,1,جاهد شهر
2989000000,110,1404,2,4,4,1,1,0,هنرور
7300000000,111,1404,2,5,5,1,1,1,اقبال
5800000000,110,1385,2,4,4,1,1,1,کوثر
3730000000,110,1394,2,3,2,0,1,1,حسابی جنوبی (شهرک غرب)
5100000000,110,1402,2,5,4,1,1,1,شاهد (شهرک غرب)
4300000000,110,1396,2,4,1,1,1,1,فرهنگیان (شهرک غرب)
4050000000,110,1390,2,4,1,1,1,1,حسابی جنوبی (شهرک غرب)
3900000000,110,1390,2,4,4,1,1,1,حسابی جنوبی (شهرک غرب)
5150000000,110,1404,2,6,1,1,1,1,الهیه
5500000000,110,1404,2,1,1,1,1,1,شهرک لشکر (شهرک غرب)
4200000000,110,1384,2,3,3,0,1,1,کوثر
4477000000,111,1403,2,5,2,1,1,1,الهیه
6250000000,110,1392,2,4,3,1,1,1,نیروی هوایی
4500000000,110,1390,1,3,0,0,0,1,کلاهدوز
6200000000,110,1389,2,4,4,1,1,1,نیروی هوایی
3500000000,110,1383,2,3,2,0,1,1,شهرک رازی (شهرک غرب)
4700000000,110,1404,2,5,3,1,1,1,امیریه
3600000000,110,1401,2,1,1,1,1,1,جانباز
4500000000,110,1402,2,5,4,1,1,1,الهیه
5800000000,110,1395,2,2,2,1,1,1,کوثر
2800000000,110,1388,2,3,3,0,1,1,امامیه (شهرک غرب)
5300000000,110,1404,3,3,3,1,1,1,الهیه
4500000000,110,1404,2,3,3,1,1,1,جاهد شهر
4850000000,110,1402,2,2,2,1,1,1,الهیه
3700000000,110,1404,2,2,2,1,1,1,الهیه
2000000000,110,1404,2,2,2,1,1,1,الهیه
6000000000,110,1403,2,2,2,1,1,1,الهیه
5300000000,110,1404,3,3,3,1,1,1,الهیه
4630000000,110,1400,2,4,4,1,1,1,شاهد (شهرک غرب)
8250000000,110,1404,2,6,1,1,1,1,حرم مطهر رضوی
5800000000,110,1404,2,5,2,1,1,1,جاهد شهر
5200000000,110,1403,2,2,2,1,1,1,جاهد شهر
3750000000,110,1395,2,4,4,1,1,1,الهیه
4500000000,110,1387,2,4,2,0,1,1,آزادشهر
1890000000,110,1394,2,5,4,0,1,0,مشکینی (شهرک غرب)
8800000000,110,1403,2,3,3,1,1,1,امام رضا (ع)
6250000000,110,1401,2,5,4,1,1,1,زیبا شهر
6000000000,110,1396,2,3,3,1,1,1,آزادشهر
4250000000,110,1399,3,5,5,1,1,1,الهیه
3400000000,110,1404,2,5,5,1,1,1,نکاح
4700000000,110,1390,3,4,4,1,1,1,شهرآرا
3795000000,110,1395,2,4,4,1,1,1,جاهد شهر
4500000000,110,1396,2,5,2,1,1,1,الهیه
3450000000,110,1386,2,4,4,0,1,1,شهرآرا
5800000000,118,1403,2,2,2,1,1,1,الهیه
4890000,110,1400,2,1,1,1,1,1,الهیه
4050000000,110,1404,2,2,2,1,1,1,الهیه
4300000000,110,1395,2,4,3,1,1,1,الهیه
4800000000,110,1399,2,1,1,1,1,1,الهیه
5200000000,110,1398,2,5,4,1,1,1,جاهد شهر
4900000000,110,1392,2,4,3,1,1,1,شهرآرا
4950000000,110,1404,2,4,1,1,1,1,الهیه
5100000000,110,1404,2,5,3,1,1,1,هفت تیر (حافظ)
5000000000,110,1404,2,1,1,1,1,1,شهرک لشکر (شهرک غرب)
5100000000,110,1404,2,3,3,1,1,1,شهرک لشکر (شهرک غرب)
6100000000,110,1404,2,4,2,1,1,1,هفت تیر (آب و برق)
7700000000,110,1404,2,0,0,1,1,1,صیاد شیرازی
4530000000,110,1400,2,1,1,1,1,1,شهرک لشکر (شهرک غرب)
1930000000,110,1402,2,6,3,1,0,0,شهرک بهارستان
4550000000,110,1396,2,1,1,1,1,1,شهرک لشکر (شهرک غرب)
6100000000,110,1394,2,5,3,1,1,1,شهید فرامرز عباسی
3300000000,110,1402,2,7,1,1,1,1,جانباز
5000000000,110,1395,2,5,5,1,1,1,شهرآرا
4830000000,110,1404,2,5,5,1,1,1,الهیه
4850000000,110,1399,2,5,5,1,1,1,جاهد شهر
6050000000,110,1404,2,2,2,1,1,1,شاهد (شهرک غرب)
2600000000,110,1398,2,5,5,1,1,1,هنرور
5750000000,110,1404,2,3,3,1,1,1,الهیه
6500000000,110,1388,2,4,2,1,1,1,هنرستان
3500000000,90,1404,2,6,2,1,1,1,شهرک رازی (شهرک غرب)
6300000000,110,1404,2,4,3,1,1,1,آزادشهر
4600000000,112,1400,2,5,2,1,1,1,الهیه
4800000000,110,1404,2,6,3,1,1,1,امیریه
9900000000,110,1404,2,4,4,1,1,1,بالا خیابان
4950000000,110,1404,2,5,2,1,1,1,الهیه
4700000000,110,1404,3,2,2,1,1,1,الهیه
5350000000,110,1404,3,3,3,1,1,1,الهیه
6200000000,110,1393,2,12,1,1,1,1,رضاشهر
2090000000,110,1404,2,5,5,1,1,1,چاهشک
4690000000,110,1399,2,1,1,1,1,1,جاهد شهر
6500000000,110,1390,2,0,0,1,1,1,هنرستان
5500000000,110,1391,2,4,3,1,1,0,آزادشهر
6200000000,110,1404,2,2,2,1,1,1,اقبال
8200000000,110,1404,2,6,6,1,1,1,اقبال
5600000000,110,1394,2,4,1,1,1,1,امام خمینی
4700000000,110,1404,2,6,4,1,1,1,امیریه
7450000000,110,1399,2,4,0,1,1,1,هنرستان
5500000000,110,1404,2,3,3,1,1,1,الهیه
8000000000,110,1403,2,4,4,1,1,1,فارغ التحصیلان
850000000000,110,1404,2,2,2,1,1,1,نیروی هوایی
6370000000,110,1395,2,0,0,1,1,1,هفت تیر (حافظ)
6990000000,110,1403,2,4,4,1,1,1,الهیه
5300000000,110,1402,2,5,5,1,1,1,الهیه
7300000000,110,1404,2,5,5,1,1,1,اقبال
6000000000,110,1390,2,4,3,1,1,1,هنرستان
1450000000,110,1398,2,2,1,0,0,0,خین عرب
5800000000,110,1404,2,5,4,1,1,1,الهیه
5450000000,110,1403,2,5,5,1,1,1,جاهد شهر
4500000000,110,1403,2,5,3,1,1,1,الهیه
2980000000,110,1404,2,3,3,1,1,1,امیر
5500000000,110,1404,2,5,2,1,1,1,الهیه
6050000000,110,1404,2,6,6,1,1,1,الهیه
5950000000,110,1404,2,5,7,1,1,1,الهیه
4620000000,110,1403,2,1,1,1,1,1,جاهد شهر
4750000000,110,1404,2,5,5,1,1,1,الهیه
6160000000,110,1404,2,6,5,1,1,1,فرهنگ
2900000000,110,1404,2,6,0,1,0,1,گلبرگ
6000000000,110,1403,2,2,2,1,1,1,الهیه
2750000000,110,1404,2,6,6,1,1,0,شهرک امام هادی (شهرک غرب)
4200000000,110,1398,2,4,4,1,1,1,الهیه
4950000000,110,1389,2,3,3,1,1,1,اقبال
4600000000,110,1400,2,2,3,1,1,1,جاهد شهر
5300000000,110,1400,2,5,5,1,1,1,الهیه
3850000000,110,1404,2,6,3,1,1,1,جاهد شهر
5368000000,110,1404,2,1,1,1,1,1,شهرک لشکر (شهرک غرب)
5000000000,110,1397,2,4,4,1,1,1,جاهد شهر
13200000000,115,1404,2,3,3,1,1,1,سجاد شهر
5500000000,110,1403,2,1,1,1,1,1,فرهنگیان (شهرک غرب)
3600000000,110,1395,2,1,1,1,1,1,موسوی قوچانی
4440000000,110,1403,2,5,5,1,1,1,امیریه
4800000000,110,1399,2,5,1,1,1,1,الهیه
4050000000,110,1396,2,4,4,1,1,1,الهیه
3900000000,110,1395,2,4,3,1,1,1,امیریه
3900000000,110,1393,2,1,1,1,1,1,امیریه
3600000000,110,1397,2,1,1,1,1,1,موسوی قوچانی
5400000000,110,1404,3,6,3,1,1,1,الهیه
5000000000,110,1404,3,1,1,1,1,1,الهیه
4410000000,110,1399,2,5,2,1,1,1,الهیه
8350000000,110,1404,2,6,5,1,1,1,ده دی
5650000000,110,1384,2,1,1,0,1,1,گوهرشاد
4730000000,110,1404,2,5,5,1,1,1,الهیه
4200000000,110,1404,2,1,1,1,1,1,حسین‌آباد
6900000000,110,1404,2,5,3,1,1,1,الهیه
4500000000,110,1404,2,6,6,1,1,1,الهیه
4580000000,110,1404,2,5,5,1,1,1,جاهد شهر
5250000000,110,1404,2,6,2,1,1,1,الهیه
7350000000,110,1404,2,4,4,1,1,1,هنرستان
4950000000,110,1404,2,3,3,1,1,1,الهیه
2850000000,110,1404,2,4,4,1,1,1,ایثارگران
7500000000,110,1404,2,5,5,1,1,1,اقبال
3200000000,117,1404,2,6,6,1,0,1,جانباز
4500000000,110,1396,2,1,1,1,1,1,شهرک لشکر (شهرک غرب)
4550000000,110,1396,2,1,1,1,1,1,شهرک لشکر (شهرک غرب)
6190000000,110,1393,2,4,2,1,1,1,فارغ التحصیلان
5700000000,110,1389,3,2,2,1,1,1,دانشجو
6200000000,110,1390,2,4,4,1,1,1,نیروی هوایی
5700000000,110,1404,2,5,5,1,1,1,الهیه
5280000000,110,1403,2,5,5,1,1,1,فرهنگیان (شهرک غرب)
3550000000,110,1398,2,8,3,1,1,0,جانباز
4900000000,110,1404,2,5,2,1,1,1,الهیه
5100000000,110,1398,2,1,1,1,1,1,جاهد شهر
4200000000,110,1396,2,4,4,1,1,1,جاهد شهر
6850000000,110,1395,2,4,1,1,1,1,رضاشهر
6380000000,110,1404,2,5,1,1,1,1,الهیه
6500000000,110,1404,2,5,5,1,1,1,فارغ التحصیلان
2430000000,110,1404,2,4,1,0,0,1,ایثارگران
1600000000,110,1402,2,4,3,0,0,1,کوی ولیعصر
2600000000,110,1403,2,6,5,1,0,0,انقلاب
2700000000,110,1383,2,3,3,0,0,1,ادیب نیشابوری (شهرک غرب)
5385000000,110,1404,2,1,1,1,1,1,فرهنگیان (شهرک غرب)
4600000000,150,1390,3,3,0,0,1,1,حسابی جنوبی (شهرک غرب)
3400000000,110,1404,2,4,4,1,1,0,ابوذر
5000000000,110,1404,2,2,2,1,1,1,الهیه
12100000000,110,1404,2,1,1,1,1,1,حرم مطهر رضوی
6100000000,110,1393,2,4,1,1,1,1,هنرستان
4270000000,110,1390,2,4,1,1,1,1,حسابی جنوبی (شهرک غرب)
8300000000,110,1402,3,6,5,1,1,1,امام رضا (ع)
4350000000,110,1397,2,3,3,1,1,1,الهیه
4500000000,110,1380,2,3,3,0,1,1,ارشاد
4300000000,111,1397,2,1,1,1,1,1,مشکینی (شهرک غرب)
4650000000,111,1401,2,5,1,1,1,1,الهیه
3750000000,111,1396,2,4,4,1,1,1,الهیه
4780000000,111,1401,2,5,1,1,1,1,الهیه
4850000000,111,1404,2,5,4,1,1,1,الهیه
5150000000,111,1394,2,4,1,1,1,1,امام خمینی
4350000000,111,1400,2,4,3,1,1,1,الهیه
4750000000,112,1401,2,5,2,1,1,1,الهیه
4890000000,111,1397,3,3,3,1,1,1,الهیه
3900000000,111,1399,2,5,2,1,1,1,الهیه
4200000000,111,1395,2,4,2,1,1,1,الهیه
4800000000,111,1403,2,1,1,1,1,1,جاهد شهر
3600000000,111,1404,2,7,6,1,1,1,جانباز
7300000000,111,1404,2,5,5,1,1,1,وکیل‌آباد
4500000000,111,1399,2,2,2,1,1,1,الهیه
7420000000,111,1380,2,1,1,1,1,1,احمدآباد
3950000000,112,1392,2,2,1,0,0,1,ادیب نیشابوری (شهرک غرب)
4600000000,112,1399,2,2,2,1,1,1,الهیه
4700000000,11247,1388,3,2,2,0,1,1,هفت تیر (آب و برق)
4500000000,112,1404,2,5,4,1,1,1,الهیه
4950000000,112,1404,2,5,4,1,1,1,الهیه
5200000000,112,1401,2,6,6,1,1,1,الهیه
5600000000,112,1403,2,5,5,1,1,1,جاهد شهر
4420000000,112,1401,2,3,3,1,1,1,جاهد شهر
3900000000,112,1400,2,5,5,1,1,1,طلاب
4800000000,112,1401,3,5,1,1,1,1,الهیه
5935000000,112,1404,2,5,1,1,1,1,جاهد شهر
5300000000,112,1403,2,2,2,1,1,1,شهرک لشکر (شهرک غرب)
6720000000,112,1404,2,5,4,1,1,1,بهارستان
3900000000,112,1386,2,1,1,0,1,0,شهرک رازی (شهرک غرب)
7250000000,112,1404,2,3,3,1,1,1,جاهد شهر
6100000000,112,1393,2,1,1,1,1,0,رضاشهر
6500000000,112,1391,2,4,4,1,1,1,دانشجو
5500000000,112,1404,2,3,3,1,1,1,جاهد شهر
4700000000,112,1400,2,1,1,1,1,1,الهیه
6280000000,112,1388,2,4,2,1,1,1,نیروی هوایی
5200000000,112,1402,2,3,3,1,1,1,الهیه
4750000000000,112,1402,2,3,3,1,1,1,الهیه
6645000000,112,1390,3,4,4,1,1,1,هنرستان
1050000000,112,1404,3,3,3,0,0,1,رستگار
4600000000,112,1401,2,5,1,1,1,1,خاتم الانبیا
5100000000,112,1400,2,3,3,1,1,1,الهیه
6700000000,112,1387,3,4,4,1,1,1,هنرستان
4800000000,112,1404,2,3,3,1,1,1,الهیه
3850000000,112,1404,2,6,5,1,1,1,نکاح
7500000000,112,1385,2,1,1,0,1,1,کوثر
7250000000,112,1404,2,6,5,1,1,1,اقبال
4000000000,112,1398,2,1,1,1,1,1,الهیه
3950000000,112,1398,2,2,2,1,1,1,الهیه
4980000000,113,1400,2,4,4,1,1,1,الهیه
12650000000,113,1404,2,2,2,1,1,1,امام رضا (ع)
8360000000,113,1396,2,4,2,1,1,1,حرم مطهر رضوی
4130000000,113,1394,2,4,4,1,1,1,امیریه
4400000000,113,1398,2,5,2,1,1,1,الهیه
3550000000,113,1401,1,7,4,1,1,1,جانباز
6000000000,113,1404,2,5,1,1,1,1,الهیه
3000000000,113,1386,2,4,4,0,1,1,حسابی جنوبی (شهرک غرب)
4994000000,113,1394,2,4,4,1,1,1,شهید رضوی
3850000000,113,1402,2,3,3,1,1,1,الهیه
4900000000,113,1400,2,4,1,1,1,1,شهرک لشکر (شهرک غرب)
3800000000,113,1390,2,4,3,0,1,1,شهرآرا
4880000000,114,1400,2,5,3,1,1,1,الهیه
4480000000,113,1400,2,2,2,1,1,1,الهیه
4859000000,113,1397,2,2,2,1,1,1,الهیه
4850000000,113,1398,2,5,5,1,1,1,الهیه
5150000000,113,1404,2,5,5,1,1,1,شهرک رازی (شهرک غرب)
4400000000,113,1403,2,4,4,1,1,1,امیریه
4633000000,113,1403,2,5,1,1,1,1,الهیه
6500000000,113,1386,2,4,2,1,1,1,امام رضا (ع)
8500000000,113,1398,2,4,2,1,1,0,امام رضا (ع)
4300000000,113,1394,2,4,1,1,1,1,الهیه
4250000000,115,1396,2,5,5,1,1,1,جاهد شهر
3500000000,113,1401,2,4,4,1,1,1,جانباز
5250000000,113,1403,2,5,5,1,1,1,الهیه
4300000000,114,1395,2,5,5,1,1,1,الهیه
5500000000,114,1393,2,5,5,1,1,1,سعد آباد
2350000000,114,1391,2,3,3,0,0,1,رستگار
9700000000,114,1404,2,5,1,1,1,1,هنرستان
3750000000,114,1385,3,2,2,0,1,1,حجاب (شهرک غرب)
5100000000,115,1395,2,3,3,1,1,1,فارغ التحصیلان
4930000000,114,1401,2,2,2,1,1,1,الهیه
5100000000,114,1399,2,5,5,1,1,1,الهیه
10500000000,114,1404,2,5,0,1,1,1,احمدآباد
4298000000,114,1396,2,4,3,1,1,1,شهرک لشکر (شهرک غرب)
4350000000,114,1397,2,5,1,1,1,1,جاهد شهر
5600000000000,115,1404,2,1,1,1,1,1,شهرک لشکر (شهرک غرب)
4950000000000,115,1402,2,5,5,1,1,1,جاهد شهر
3100000000,115,1400,2,7,7,1,1,1,جانباز
3400000000,115,1397,2,5,5,1,1,1,جانباز
4200000000,115,1396,2,5,5,1,1,1,الهیه
5000000000,115,1401,2,2,2,1,1,1,الهیه
6450000000,115,1393,2,1,1,1,1,1,هنرستان
7100000000,115,1404,2,4,3,1,1,1,چهارچشمه
7100000000,115,1404,2,4,2,1,1,1,چهارچشمه
7800000000,115,1402,2,6,2,1,1,1,امام رضا (ع)
5500000000,115,1388,2,4,4,1,1,1,صیاد شیرازی
5405000000,115,1404,2,6,3,1,1,1,الهیه
2520000000,115,1404,2,6,4,1,1,1,شهرک امام هادی (شهرک غرب)
5500000000,115,1404,2,3,3,1,1,1,الهیه
4800000000,115,1386,2,5,2,1,1,1,شریف
5350000000,115,1394,2,3,3,1,1,1,شهرآرا
4850000000,115,1404,3,2,2,1,1,1,مشکینی (شهرک غرب)
6000000000,115,1389,2,4,2,1,1,1,نیروی هوایی
2320000000,115,1397,2,4,3,0,0,1,هنرور
4500000000,115,1404,2,3,3,1,1,1,جاهد شهر
4100000000,115,1398,2,4,1,1,1,1,امیریه
5300000000,115,1404,3,6,3,1,1,1,الهیه
3400000000,115,1397,2,7,5,1,1,1,جانباز
5500000000,115,1390,3,5,5,1,1,1,حسابی جنوبی (شهرک غرب)
5750000000,115,1403,3,4,4,1,1,1,شهرک لشکر (شهرک غرب)
5050000000,115,1404,2,4,4,1,1,1,الهیه
12650000000,115,1404,2,4,4,1,1,1,امام رضا (ع)
6000000000,115,1404,2,5,5,1,1,1,الهیه
5900000000,136,1402,2,6,1,1,1,1,الهیه
5500000000,115,1404,2,4,2,1,1,1,الهیه
5500000000,115,1404,2,5,2,1,1,1,شهید مطهری
3250000000,115,1404,2,7,5,1,0,1,جانباز
5250000000,115,1404,3,5,3,1,1,1,امیریه
5590000000,115,1401,2,5,1,1,1,1,شهرک رازی (شهرک غرب)
6900000000,115,1404,2,6,2,1,1,1,الهیه
3950000000,115,1386,2,4,4,1,1,1,نرگس (شهرک غرب)
3450000000,115,1404,2,5,5,1,1,1,شهید مطهری
3700000000,115,1400,2,5,5,1,1,1,حسین‌آباد
4800000000,115,1403,2,5,4,1,1,1,الهیه
5050000000,115,1398,2,5,5,1,1,1,فرهنگیان (شهرک غرب)
6200000000,115,1390,2,4,4,1,1,1,نیروی هوایی
3900000000,115,1404,2,5,5,1,1,1,شهید مطهری
4850000000,115,1403,2,2,2,1,1,1,الهیه
4650000000,115,1401,2,5,4,1,1,1,الهیه
4000000000,115,1404,2,3,3,1,1,1,حسین‌آباد
4790000000,115,1395,2,5,2,1,1,1,شهید مطهری
3000000000,115,1394,3,3,3,1,1,1,الهیه
3190000000,115,1391,3,1,1,1,1,1,ایثارگران
5635000000,115,1404,2,6,2,1,1,1,جاهد شهر
6790000000,115,1403,2,2,2,1,1,1,هفت تیر (آب و برق)
4600000000,115,1404,2,3,3,1,1,1,الهیه
4000000000,115,1391,2,3,1,0,1,1,ولیعصر (شهرک غرب)
6000000000,115,1385,2,8,4,1,1,1,کوثر
5600000000,115,1401,2,5,4,1,1,1,جاهد شهر
5500000000,115,1402,2,5,4,1,1,1,الهیه
6440000000,115,1404,2,1,1,1,1,1,الهیه
5400000000,115,1404,2,4,4,1,1,1,جاهد شهر
4800000000,115,1400,2,1,1,1,1,1,الهیه
8050000000,115,1404,2,6,2,1,1,1,الهیه
6900000000,115,1402,2,4,3,1,1,1,هفت تیر (حافظ)
5500000000,115,1393,2,4,4,1,1,1,نیروی هوایی
7200000000,115,1404,2,6,1,1,1,1,نیروی هوایی
3400000000,115,1397,2,5,5,1,1,1,جانباز
6400000000,115,1392,3,3,3,1,1,1,رضاشهر
4600000000,115,1404,2,4,4,1,1,1,الهیه
4700000000,115,1399,3,6,3,1,1,1,الهیه
4800000000,115,1394,3,3,2,1,1,1,شهرک لشکر (شهرک غرب)
2760000000,115,1403,2,3,3,1,1,1,امیر
3300000000,115,1395,2,1,1,1,1,1,شفا
7590000000,115,1394,2,5,2,1,1,1,کوثر
6150000000,115,1390,2,0,0,1,1,1,صیاد شیرازی
4950000000,115,1404,2,5,3,1,1,1,الهیه
8390000000,115,1404,2,5,4,1,1,1,امام رضا (ع)
6650000000,115,1404,2,5,1,1,1,1,امام رضا (ع)
2180000000,115,1404,2,6,4,1,0,0,شهرک بهارستان
4100000000,115,1403,2,3,3,1,1,1,الهیه
4830000000,115,1404,2,6,2,1,1,1,میعاد (شهرک غرب)
5290000000,115,1388,2,6,6,1,1,0,فرهنگ
4400000000,115,1400,2,4,2,1,1,1,الهیه
4500000000,115,1404,2,4,3,1,1,1,جاهد شهر
3400000000,115,1401,2,7,5,1,1,1,جانباز
4900000000,115,1398,2,5,1,1,1,1,الهیه
5750000000,115,1404,2,4,4,1,1,1,الهیه
4750000000,115,1401,2,3,3,1,1,1,جاهد شهر
5100000000,115,1400,2,5,5,1,1,1,الهیه
5700000,115,1402,3,6,4,1,1,1,دانشجو
3800000000,115,1400,2,3,3,1,1,1,الهیه
5500000000,114,1404,2,6,6,1,1,1,الهیه
4370000000,115,1404,2,2,2,1,1,1,الهیه
3650000000,115,1404,2,6,3,1,1,1,نکاح
3950000000,115,1402,2,7,3,1,1,1,جانباز
3480000000,115,1404,2,6,6,1,1,1,امیر
6300000000,115,1404,2,3,3,1,1,1,آزادشهر
4600000000,115,1400,2,5,4,1,1,1,الهیه
1650000000000,115,1390,2,2,2,0,0,1,توس فردوسی
6900000000,115,1404,2,4,2,1,1,1,چهارچشمه
4980000000,115,1402,2,5,1,1,1,1,الهیه
6250000000,115,1402,2,5,5,1,1,1,جاهد شهر
5100000000,115,1400,2,5,5,1,1,1,الهیه
7100000000,115,1395,2,4,1,1,1,1,هنرستان
5400000000,115,1400,2,5,3,1,1,1,الهیه
11850000000,115,1404,2,1,1,1,1,1,ملک‌آباد
5800000000,115,1395,2,8,8,1,1,1,آبادگران
5300000000,115,1403,2,6,4,1,1,1,الهیه
5770000000,115,1403,2,2,2,1,1,1,الهیه
5300000000,115,1402,2,3,3,1,1,1,الهیه
4650000000,115,1404,2,6,5,1,1,1,الهیه
6100000000,115,1389,2,6,6,1,1,1,فرهنگ
4650000000,115,1386,2,2,2,0,0,1,کلاهدوز
4700000000,115,1402,2,5,3,1,1,1,الهیه
6990000000,115,1399,2,5,3,1,1,1,کوثر
8100000000,115,1404,2,6,3,1,1,1,الهیه
4350000000,115,1398,2,1,1,1,1,1,الهیه
4520000000,115,1391,3,2,2,0,1,1,صیاد شیرازی
5520000000,115,1404,2,4,4,1,1,1,جاهد شهر
5380000000,115,1404,2,4,4,1,1,1,الهیه
4850000000,115,1403,2,5,2,1,1,1,الهیه
3300000000,115,1392,2,3,3,0,1,0,نکاح
5300000000,115,1404,3,2,2,1,1,1,الهیه
4680000000,115,1394,3,4,2,1,1,1,موسوی قوچانی
5750000000,115,1403,3,6,4,1,1,1,شهرک لشکر (شهرک غرب)
5000000000,115,1403,2,3,3,1,1,1,الهیه
4800000000,115,1404,2,3,3,1,1,1,الهیه
4950000000,115,1404,2,5,3,1,1,1,الهیه
5800000000,115,1404,2,4,4,1,1,1,جاهد شهر
4830000000,115,1404,2,5,2,1,1,1,نرگس (شهرک غرب)
4480000000,115,1404,2,4,4,1,1,1,امیریه
51000000000,115,1397,2,5,2,1,1,1,جاهد شهر
4700000000,115,1403,2,5,5,1,1,1,جاهد شهر
5200000000,115,1400,2,5,3,1,1,1,الهیه
5750000000,115,1402,2,4,4,1,1,1,جاهد شهر
5250000000,115,1403,2,4,4,1,1,1,الهیه
5650000000,115,1382,2,3,1,0,1,1,دانشجو
5000000000,115,1400,2,5,5,1,1,1,الهیه
8700000000,115,1403,2,5,5,1,1,1,عنصری
13200000000,115,1404,2,6,2,1,1,1,حرم مطهر رضوی
10350000000,115,1403,2,3,1,1,1,1,آیت الله خامنه‌ای
4750000000,115,1398,2,4,4,1,1,1,الهیه
4950000000,115,1403,2,2,2,1,1,1,الهیه
9250000000,115,1389,2,2,2,1,1,1,ملک‌آباد
6150000000,115,1392,2,4,3,1,1,1,نیروی هوایی
5400000000,115,1403,2,3,3,1,1,1,الهیه
11500000000,115,1404,3,4,4,1,1,1,حرم مطهر رضوی
13900000000,115,1403,3,7,7,1,1,1,آیت الله خامنه‌ای
4540000000,115,1388,3,3,2,0,1,1,شهرآرا
5400000000,115,1403,3,6,2,1,1,1,شهرک رازی (شهرک غرب)
5300000000,115,1404,3,5,2,1,1,1,الهیه
5500000000,115,1403,3,6,2,1,1,1,شهرک لشکر (شهرک غرب)
5300000000,115,1403,3,3,3,1,1,1,الهیه
4950000000,115,1404,3,0,0,1,1,1,الهیه
5300000000,116,1401,2,4,4,1,1,1,الهیه
3710000000,116,1404,2,6,2,1,1,1,طلاب
6250000000,116,1404,2,6,3,1,1,1,جاهد شهر
6250000000,116,1404,2,6,3,1,1,1,جاهد شهر
3800000000,116,1400,2,8,6,1,1,1,جانباز
5150000000,116,1396,3,4,1,1,1,1,جانباز
5750000000,116,1401,2,6,4,1,1,1,الهیه
4850000000,116,1400,2,3,3,1,1,1,الهیه
6000000000,116,1385,3,4,4,1,1,0,ارشاد
11600000000,116,1404,3,4,4,1,1,1,حرم مطهر رضوی
4200000000,116,1404,3,5,5,1,1,1,الهیه
6300000000,117,1404,2,3,3,1,1,1,امامیه (شهرک غرب)
6200000000,117,1404,2,6,6,1,1,1,الهیه
5150000000,117,1404,2,4,4,1,1,1,الهیه
6500000000,120,1387,2,3,1,0,1,1,صیاد شیرازی
4950000000,117,1404,2,5,5,1,1,1,جاهد شهر
5750000000,117,1404,2,6,4,1,1,1,الهیه
4980000000,117,1392,3,5,5,1,1,1,حسابی جنوبی (شهرک غرب)
5300000000,117,1403,2,3,3,1,1,1,جاهد شهر
5480000000,117,1400,3,4,4,1,1,1,شاهد (شهرک غرب)
2690000000,117,1397,2,5,3,1,1,1,شفا
7200000000,117,1398,2,5,5,1,1,1,شهید فرامرز عباسی
3850000000,117,1387,2,4,2,0,1,1,شهرک رازی (شهرک غرب)
4500000000,117,1400,2,4,1,1,1,1,الهیه
3510000000,117,1404,2,3,3,1,1,1,جانباز
5850000000,117,1404,2,6,6,1,1,1,جاهد شهر
4550000000,117,1394,3,4,4,1,1,1,شهرک لشکر (شهرک غرب)
4250000000,117,1388,2,4,4,1,1,1,حسابی جنوبی (شهرک غرب)
4520000000,117,1390,3,3,2,0,1,1,صیاد شیرازی
4800000000,117,1395,3,3,1,1,1,1,شهرک لشکر (شهرک غرب)
5850000000,117,1404,2,2,2,1,1,1,ارمغان
4500000000,117,1402,2,1,1,1,1,1,الهیه
4400000000,117,1400,2,4,2,1,1,1,الهیه
5000000000,117,1385,2,4,4,1,1,1,نیروی هوایی
7000000000,115,1402,2,1,1,1,1,1,اقبال
12700000000,117,1402,3,5,5,1,1,0,بالا خیابان
12700000000,117,1402,3,5,5,1,1,0,حرم مطهر رضوی
7600000000,118,1403,2,6,6,1,1,1,امام رضا (ع)
13200000000,118,1404,2,6,2,1,1,1,امام رضا (ع)
6321000000,120,1404,2,6,4,1,1,1,جاهد شهر
4350000000,118,1402,2,4,4,1,1,1,جاهد شهر
4700000000,118,1398,2,5,1,1,1,1,الهیه
6750000000,118,1404,2,4,4,1,1,1,شهرآرا
5500000000,118,1396,2,2,2,1,1,1,جاهد شهر
4550000000,118,1403,2,1,1,1,1,1,الهیه
4750000000,118,1400,2,5,3,1,1,1,الهیه
4650000000,118,1394,3,4,4,1,1,1,امیر
5300000000,118,1404,2,5,4,1,1,1,الهیه
4990000000,118,1398,2,6,3,1,1,1,شهرک لشکر (شهرک غرب)
3000000000,118,1404,2,7,5,1,1,1,امیر
11800000000,118,1404,3,4,4,1,1,1,آیت الله خامنه‌ای
4280000000,118,1396,2,2,2,1,1,1,الهیه
4450000000,118,1403,2,1,1,1,1,1,الهیه
4600000000,118,1401,3,5,4,1,1,1,انقلاب
5400000000,118,1404,2,5,5,1,1,1,الهیه
5155000000,118,1401,2,3,3,1,1,1,الهیه
5350000000,118,1404,2,2,2,1,1,1,الهیه
4600000000,118,1403,2,7,2,1,1,1,الهیه
5500000000,118,1386,2,3,3,1,1,1,نیروی هوایی
5070000000,118,1404,2,5,3,1,1,1,الهیه
5900000000,118,1404,2,6,6,1,1,1,جاهد شهر
4950000000,118,1402,2,5,2,1,1,1,الهیه
5150000000,118,1392,3,5,2,1,1,0,حسابی جنوبی (شهرک غرب)
6500000000,118,1404,2,4,4,1,1,1,شهرآرا
4715000000,118,1403,2,6,3,1,1,1,الهیه
5250000000,118,1395,3,4,2,1,1,1,نرگس (شهرک غرب)
11800000000,118,1404,3,4,4,1,1,1,آیت الله خامنه‌ای
8900000000,120,1401,2,6,6,1,1,1,کوشش
5000000000,119,1403,2,5,2,1,1,1,الهیه
5550000000,119,1404,2,6,4,1,1,1,الهیه
4998000000,119,1400,2,3,3,1,1,1,الهیه
4900000000,119,1404,2,5,5,1,1,1,الهیه
4500000000,119,1403,2,1,1,1,1,1,الهیه
2700000000,120,1400,2,5,2,1,1,1,هدایت
3550000000,120,1404,2,6,2,1,1,1,شهید مطهری
5400000000,120,1404,2,6,4,1,1,1,الهیه
3600000000,120,1400,2,7,5,1,1,1,جانباز
4300000000000,120,1404,2,5,4,1,1,1,موسوی قوچانی
5340000000,120,1404,2,6,4,1,1,1,الهیه
5000000000,120,1400,2,5,5,1,1,1,شاهد (شهرک غرب)
6000000000,120,1387,2,4,0,1,1,1,فارغ التحصیلان
5780000000,120,1395,2,5,5,1,1,1,رضاشهر
8250000000,120,1402,2,6,2,1,1,1,امام رضا (ع)
6100000000,120,1404,2,6,3,1,1,1,جاهد شهر
5100000000,120,1402,2,1,1,1,1,1,الهیه
5100000000,120,1388,2,5,5,1,1,1,شهرآرا
5200000000,120,1403,2,4,4,1,1,1,الهیه
4600000000,120,1404,2,3,3,1,1,1,الهیه
5100000000,120,1390,3,4,3,0,1,1,سید رضی
4950000000,120,1400,2,2,2,1,1,1,الهیه
3050000000,120,1402,2,7,6,1,1,1,جانباز
4440000000,120,1397,2,2,2,1,1,1,الهیه
5520000000,120,1404,2,6,4,1,1,1,الهیه
7200000000,120,1404,3,2,2,1,1,1,الهیه
5690000000,120,1390,2,4,4,1,1,1,هفت تیر (آب و برق)
5280000000,120,1402,2,5,5,1,1,1,الهیه
5850000000,120,1394,2,4,4,1,1,1,نیروی هوایی
3090000000,120,1402,2,2,2,1,1,0,زمرد
6950000000,120,1395,2,5,5,1,1,1,شهید فرامرز عباسی
5500000000,120,1403,3,6,3,1,1,1,جاهد شهر
3600000000,120,1398,2,7,5,1,1,1,جانباز
2980000000,120,1390,3,4,3,0,1,1,صیاد شیرازی
6500000000,120,1404,3,5,5,1,1,1,هفت تیر (نه دره)
3840000000,120,1401,3,4,4,1,1,1,فتح المبین
5400000000,120,1397,3,6,5,1,1,1,الهیه
3600000000,120,1403,2,3,3,1,1,1,حسین‌آباد
1500000000,115,1399,2,4,4,0,0,0,شهرک امام هادی (شهرک غرب)
6600000000,120,1404,2,6,4,1,1,1,الهیه
5640000000,120,1404,3,4,4,1,1,1,فرهنگیان (شهرک غرب)
3670000000,120,1390,2,5,4,1,1,1,موسوی قوچانی
3720000000,120,1390,2,2,2,0,1,1,حجاب (شهرک غرب)
3250000000,120,1404,2,6,6,1,1,1,سمزقند
3600000000,120,1404,2,6,1,1,1,1,فاطمیه
3300000000,120,1403,2,2,2,1,1,0,طلاب
5200000000,125,1404,3,2,2,1,1,1,الهیه
5500000000,120,1404,2,5,3,1,1,1,جاهد شهر
5750000000,120,1402,2,4,4,1,1,1,الهیه
5080000000,120,1396,2,5,5,1,1,1,جاهد شهر
6410000000,120,1404,3,6,3,1,1,1,شاهد (شهرک غرب)
4920000000,120,1403,2,5,5,1,1,1,الهیه
6000000000,120,1404,3,4,4,1,1,1,الهیه
4900000000,120,1403,2,3,3,1,1,1,الهیه
4900000000,120,1400,2,5,4,1,1,1,الهیه
65000,120,1404,2,18,1,1,1,1,الهیه
4800000000,120,1395,2,5,4,1,1,1,جانباز
4850000000,120,1398,3,3,3,1,1,1,سرافرازان
6200000000,120,1387,3,3,1,0,1,0,شهید فرامرز عباسی
4660000000,120,1394,3,1,1,1,1,1,الهیه
7100000000,120,1404,3,3,3,1,1,1,نیروی هوایی
6600000000,118,1404,2,4,4,1,1,1,اقبال
6200000000,120,1404,2,5,4,1,1,1,کوثر
6550000000,120,1388,2,8,3,1,1,1,هفت تیر (حافظ)
6500000000,120,1398,2,5,1,1,1,1,هنرستان
5000000000,120,1388,2,4,4,1,1,1,نیروی هوایی
7440000000,120,1404,3,5,1,1,1,1,الهیه
8400000000,120,1404,2,1,1,1,1,1,امام رضا (ع)
6180000000,120,1390,2,8,0,1,1,1,صیاد شیرازی
8750000000,120,1401,2,10,5,1,1,1,کوثر
3150000000,120,1402,2,5,5,1,1,1,موسوی قوچانی
5000000000,120,1401,2,5,3,1,1,1,الهیه
13900000000,120,1403,2,6,6,1,1,1,هنرستان
5300000000000,120,1395,2,4,4,1,1,1,نیروی هوایی
6800000000,120,1388,2,5,0,1,1,1,هفت تیر (آب و برق)
6450000000,120,1396,2,0,0,1,1,1,هفت تیر (حافظ)
12100000000,240,1404,3,0,0,1,1,1,نیروی هوایی
2699000000,120,1394,2,0,0,1,0,1,شفا
3600000000,120,1403,2,7,6,1,1,1,جانباز
100000,120,1398,2,5,4,1,1,1,الهیه
3750000000,120,1399,2,7,7,1,1,1,جانباز
6000000000,120,1393,2,5,4,1,1,0,آبکوه
5200000000,120,1401,2,5,5,1,1,1,الهیه
5400000000,120,1399,3,5,3,1,1,1,نرگس (شهرک غرب)
4230000000,120,1390,3,4,4,1,1,1,ادیب نیشابوری (شهرک غرب)
5250000000,120,1398,3,4,2,1,1,1,حسابی جنوبی (شهرک غرب)
2100000000,120,1403,3,2,2,0,0,1,نظام دوست
5600000000,120,1404,2,6,1,1,1,1,شهرک رازی (شهرک غرب)
6850000000,120,1404,3,10,2,1,1,1,الهیه
700000000,120,1403,1,5,5,0,0,1,خواجه ربیع
8000000000,132,1403,2,6,6,1,1,1,صیاد شیرازی
5100000000,112,1402,2,5,1,1,1,1,جاهد شهر
5200000000,120,1403,2,2,2,1,1,1,الهیه
54500000000,117,1385,2,4,2,1,1,1,نیروی هوایی
8450000000,120,1402,2,6,5,1,1,1,کوثر
5500000000,120,1403,2,3,3,1,1,1,الهیه
5155000000,120,1404,2,1,1,1,1,1,امامیه (شهرک غرب)
660000,120,1404,2,3,3,1,1,1,الهیه
6100000000,120,1404,2,1,1,1,1,1,فرهنگیان (شهرک غرب)
3200000000,120,1401,2,6,6,1,1,1,موسوی قوچانی
4100000000,120,1402,2,6,5,1,1,1,کوی سیدی
6500000000,122,1404,2,4,3,1,1,1,مقدم
5520000000,120,1404,2,6,5,1,1,1,الهیه
3200000000,120,1404,2,6,6,1,1,1,فدک
6720000000,120,1404,2,6,2,1,1,1,الهیه
3800000000,120,1401,2,6,6,1,1,1,حسین‌آباد
4740000000,120,1402,2,5,5,1,1,1,الهیه
5100000000,125,1401,2,4,4,1,1,1,الهیه
3800000000,120,1398,2,4,3,0,1,1,سرافرازان
4180000000,120,1385,3,3,3,0,1,1,کوثر
5200000000,120,1403,2,2,2,1,1,1,شهرک لشکر (شهرک غرب)
7000000000,120,1380,2,0,0,0,0,0,احمدآباد
12000000000,120,1404,2,2,2,1,1,1,فلسطین
6100000000,120,1394,2,4,4,1,1,1,نیروی هوایی
5250000000,120,1400,2,5,5,1,1,1,الهیه
6950000000,120,1404,2,6,3,1,1,1,الهیه
5400000000,120,1402,2,5,5,1,1,1,الهیه
6520000000,120,1389,2,4,3,0,1,1,کوثر
5400000000,120,1404,2,1,1,1,1,1,الهیه
5600000000000,120,1404,2,3,3,1,1,1,الهیه
8400000000,125,1404,3,1,1,1,1,1,فرهنگ
7100000000,120,1397,2,2,2,1,1,1,هفت تیر (آب و برق)
6850000000,120,1391,2,4,2,1,1,1,موسوی قوچانی
3190000000,120,1400,2,6,6,1,1,1,موسوی قوچانی
4500000000,120,1402,2,4,3,1,1,1,الهیه
1500000000,120,1391,3,3,1,0,0,1,طبرسی شمالی
4850000000,120,1397,3,4,2,1,1,0,الهیه
7200000000,120,1404,3,2,2,1,1,1,الهیه
5700000000,120,1401,2,6,4,1,1,1,الهیه
4800000000,120,1393,2,5,4,1,1,1,جانباز
4200000000,120,1404,3,1,1,1,1,1,کلاهدوز
5400000000,120,1396,2,3,3,1,1,1,الهیه
6750000000,120,1393,2,2,2,1,1,1,هنرستان
5500000000,120,1403,2,3,3,1,1,1,الهیه
5300000000,120,1403,2,3,3,1,1,1,الهیه
5200000000,120,1404,2,4,3,1,1,1,جاهد شهر
6840000000,120,1403,2,5,1,1,1,1,سرافرازان
5200000000,120,1403,2,4,3,1,1,1,جاهد شهر
6800000000,120,1385,2,3,3,0,1,0,کوثر
14400000000,120,1403,2,5,1,1,1,1,حرم مطهر رضوی
9000000000,120,1404,3,5,1,1,1,1,کوثر
3200000000,120,1395,2,3,2,0,1,1,حجت
7500000000,120,1404,3,5,2,1,1,1,رضاشهر
13200000000,120,1403,2,4,4,1,1,1,آیت الله خامنه‌ای
5260000000,120,1404,2,5,4,1,1,1,الهیه
9600000000,120,1404,2,5,1,1,1,1,حرم مطهر رضوی
3050000000,120,1401,2,6,6,1,1,1,جانباز
5400000000000,120,1401,2,5,5,1,1,1,جاهد شهر
4150000000,120,1387,2,4,3,0,1,1,آزادشهر
5200000000,120,1400,2,5,5,1,1,1,الهیه
6435000000,120,1404,3,5,5,1,1,1,جاهد شهر
5400000000,120,1403,3,6,6,1,1,1,الهیه
5150000000,120,1397,3,4,2,1,1,1,نرگس (شهرک غرب)
5600000000,120,1397,3,5,5,1,1,0,نرگس (شهرک غرب)
5400000000,120,1399,3,5,3,1,1,1,نرگس (شهرک غرب)
4550000000,120,1389,3,6,2,0,1,1,هفت تیر (آب و برق)
4650000000,120,1389,2,3,3,0,1,1,نیروی هوایی
7800000000,120,1404,2,5,1,1,1,1,فارغ التحصیلان
17400000000,120,1404,3,7,5,1,1,1,سجاد شهر
3580000000,120,1403,2,6,6,1,1,1,گلبرگ
5200000000,120,1401,2,1,1,1,1,1,الهیه
2600000000,120,1403,2,2,2,1,1,1,حضرت حجت
6000000000,120,1384,2,4,3,0,1,1,وکیل‌آباد
7290000000,120,1394,2,5,2,1,1,1,دانشجو
5650000000,120,1403,3,6,3,1,1,1,فرهنگیان (شهرک غرب)
5600000000,119,1401,2,5,2,1,1,1,شهرک رازی (شهرک غرب)
5000000000,120,1401,2,2,2,1,1,1,جاهد شهر
5490000000,120,1400,2,5,2,1,1,1,شهرک لشکر (شهرک غرب)
9200000000,120,1385,2,4,2,1,1,1,فلسطین
7200000000,120,1404,2,2,2,1,1,1,جاهد شهر
2890000000,120,1403,2,4,4,1,0,0,فتح المبین
6240000000,120,1404,2,6,1,1,1,1,فرهنگیان (شهرک غرب)
5500000000,120,1388,2,4,2,1,1,1,نیروی هوایی
6200000000,120,1393,3,4,4,1,1,1,هنرستان
8800000000,120,1403,2,5,5,1,1,1,کوثر
4800000000,120,1400,2,4,4,1,1,1,الهیه
5400000000,120,1388,2,2,2,0,1,1,هنرستان
3100000000,120,1395,2,3,0,0,0,1,حجت
5280000000,120,1403,2,3,3,1,1,1,الهیه
3300000000,120,1397,2,6,3,1,1,1,هنرور
5300000000,120,1395,3,0,1,1,1,1,جاهد شهر
5500000000,120,1398,3,6,5,1,1,1,الهیه
6160000000,120,1404,3,5,1,1,1,1,الهیه
5620000000,120,1404,2,2,2,1,1,1,شهرک لشکر (شهرک غرب)
6000000000,120,1404,2,5,2,1,1,1,الهیه
5760000000,120,1404,2,6,3,1,1,1,الهیه
5250000000,120,1404,2,4,2,1,1,1,شهرک لشکر (شهرک غرب)
6600000000,121,1394,3,0,0,1,1,1,رضاشهر
5100000000,121,1402,2,5,5,1,1,1,الهیه
3600000000,121,1396,2,4,4,1,1,1,الهیه
5400000000,121,1402,2,5,5,1,1,1,الهیه
16850000000,121,1404,2,7,7,1,1,1,سجاد شهر
4200000000,121,1403,2,6,3,1,1,1,حسین‌آباد
6850000000,121,1404,2,4,4,1,1,1,اقبال
3500000000,121,1386,2,3,3,0,1,1,حجاب (شهرک غرب)
6400000000,121,1401,2,3,3,1,1,1,چهارچشمه
2910000000,121,1392,2,4,1,0,1,1,یاس
6500000000,121,1397,3,1,1,1,1,1,کوثر
6440000000,122,1401,3,9,2,1,1,1,اقبال
4120000000,122,1402,2,1,1,1,1,1,شهید مطهری
5100000000,122,1403,2,5,4,1,1,1,الهیه
5100000000,122,1401,2,5,2,1,1,1,الهیه
4400000000,122,1399,2,2,2,1,1,1,امیریه
5150000000,122,1396,3,4,4,1,1,1,فرهنگیان (شهرک غرب)
6150000000,123,1394,3,5,5,1,1,1,صیاد شیرازی
4670000000,122,1398,2,3,3,1,1,1,الهیه
9160000000,122,1404,2,6,4,1,1,1,هنرستان
5124000000,122,1401,2,1,1,1,1,1,جاهد شهر
7500000000,122,1382,3,0,0,1,1,1,کوثر
2300000000000,123,1402,2,5,5,1,0,1,حضرت حجت
5000000000,123,1383,3,3,3,0,1,1,شریف
6130000000,123,1403,2,1,1,1,1,1,جاهد شهر
5500000000,123,1387,2,3,1,0,1,1,فردوسی
4830000000,123,1400,2,5,2,1,1,1,الهیه
6800000000,123,1404,3,1,1,1,1,1,شهرک لشکر (شهرک غرب)
5300000000,123,1396,3,1,1,1,1,1,الهیه
3350000000,123,1404,2,7,1,1,1,1,امیر
5050000000,123,1404,3,4,4,1,1,1,الهیه
6500000000,123,1371,3,4,4,1,1,1,دانشجو
10600000000,124,1404,2,5,3,1,1,1,امام رضا (ع)
5190000000,124,1404,2,3,3,1,1,1,الهیه
6700000000,124,1390,2,1,1,1,1,1,هنرستان
3500000000,125,1403,2,1,1,1,1,1,هنرور
3600000000,125,1396,2,6,6,1,1,1,جانباز
5000000000,125,1404,2,3,3,1,1,1,سرافرازان
8800000000,125,1404,2,6,1,1,1,1,فرهنگ
6270000000,125,1396,3,4,1,1,1,1,شریف
4250000000,125,1403,2,5,5,1,1,1,حسین‌آباد
5100000000,125,1388,3,3,3,0,1,1,هفت تیر (حافظ)
2860000000,125,1404,2,5,4,1,1,0,ایثارگران
5000000000,125,1390,3,2,1,0,1,1,جاهد شهر
6250000000,125,1404,2,6,6,1,1,1,الهیه
9000000000,125,1404,2,6,3,1,1,1,فرهنگ
11250000000,125,1403,3,1,1,1,1,1,عنصری
5100000000,125,1404,2,5,5,1,1,1,شهرک رازی (شهرک غرب)
7400000000,125,1397,2,4,3,1,1,1,رضاشهر
8750000000,125,1404,3,5,5,1,1,1,هفده شهریور
12500000000,125,1380,2,2,1,0,1,1,آزادشهر
8500000000,125,1385,2,3,1,0,1,1,سجاد شهر
3950000000,120,1404,2,7,7,1,1,1,جانباز
8950000000,125,1404,2,6,6,1,1,1,اقبال
8625000000,125,1404,2,6,2,1,1,1,اقبال
9375000000,125,1404,2,6,0,1,1,1,دانشجو
6170000000,125,1395,2,3,3,1,1,1,اقبال
4370000000,125,1404,3,3,3,1,1,1,حسین‌آباد
5000000000,125,1403,3,3,3,1,1,1,مشکینی (شهرک غرب)
5100000000,125,1404,3,5,1,1,1,1,الهیه
4000000000,125,1402,2,7,2,1,1,1,جانباز
5700000000,125,1398,3,4,3,1,1,1,شهرک رازی (شهرک غرب)
6350000000,125,1404,3,1,1,1,1,1,فرهنگیان (شهرک غرب)
6500000000,125,1404,2,5,5,1,1,1,فرهنگیان (شهرک غرب)
1350000000,125,1402,2,3,0,0,1,0,کشف
3790000000,125,1390,2,4,4,1,1,1,مشکینی (شهرک غرب)
2020000000,125,1402,1,5,5,1,0,1,توس (بلوار توس)
7350000000,125,1390,3,1,1,1,1,1,نیروی هوایی
5100000000,125,1401,2,6,4,1,1,1,الهیه
6000000000,125,1403,3,6,6,1,1,1,شهرک لشکر (شهرک غرب)
6850000000,125,1394,3,3,3,1,1,1,نیروی هوایی
5380000000,125,1404,2,2,2,1,1,1,الهیه
2480000000,125,1404,2,5,3,1,1,1,نوید
8750000000,125,1404,2,1,1,1,1,1,کلاهدوز
6000000000,125,1402,3,5,5,1,1,1,شهرک لشکر (شهرک غرب)
9500000000,125,1402,2,6,3,1,1,1,هنرستان
5750000000,128,1404,2,6,3,1,1,1,الهیه
2550000000,125,1404,2,5,4,1,1,1,نوید
6550000000,125,1392,2,0,0,1,1,1,هفت تیر (حافظ)
4850000000,125,1399,3,5,1,1,1,1,الهیه
3300000000,125,1404,2,2,2,1,1,0,شهرک امام هادی (شهرک غرب)
6900000000,125,1400,3,5,4,1,1,1,سرافرازان
7400000000,125,1395,2,9,4,1,1,1,هفت تیر (حافظ)
3500000000,125,1395,2,6,6,1,1,1,جانباز
7500000000,125,1381,2,4,1,0,1,1,احمدآباد
5900000000,125,1401,3,4,2,1,1,1,الهیه
4900000000,125,1398,3,1,1,1,1,1,الهیه
3500000000,125,1391,3,3,2,0,1,1,شهرک لشکر (شهرک غرب)
5800000000,125,1393,3,5,5,1,1,1,شهرآرا
5450000000,125,1401,3,5,1,1,1,1,جاهد شهر
4800000000,125,1399,3,5,5,1,1,1,الهیه
4300000000,125,1404,2,6,4,1,1,1,حسین‌آباد
3600000000,125,1398,2,6,6,1,1,1,جانباز
8900000000,125,1402,3,3,3,1,1,1,فارغ التحصیلان
5120000000,125,1404,3,6,3,1,1,1,امیریه
5625000000,125,1404,2,2,2,1,1,1,شهرک رازی (شهرک غرب)
5780000000,125,1404,2,6,2,1,1,1,الهیه
5870000000,125,1380,2,3,3,1,1,1,هفت تیر (حافظ)
10000000000,125,1396,2,2,2,1,1,1,کوثر
4500000000,125,1399,2,4,4,1,1,1,جاهد شهر
5950000000,125,1393,2,5,4,1,1,1,صیاد شیرازی
8750000000,125,1404,2,3,3,1,1,1,فرهنگ
5250000000,125,1404,3,2,2,1,1,1,الهیه
6000000000,125,1389,2,1,1,1,1,1,نیروی هوایی
5300000000,125,1400,2,5,5,1,1,1,الهیه
6350000000,125,1396,3,5,5,1,1,1,شهرآرا
5500000000,125,1403,3,1,1,1,1,1,الهیه
4900000000,125,1402,2,1,1,1,1,1,الهیه
6750000000,125,1404,2,3,2,1,1,1,رضاشهر
7500000000,125,1403,2,6,5,1,1,1,هفت تیر (حافظ)
8600000000,125,1404,2,3,3,1,1,1,اقبال
5600000000,125,1391,3,4,4,1,1,1,اقبال
7000000000,125,1395,3,4,2,1,1,1,هفت تیر (حافظ)
6550000000,125,1392,2,5,5,1,1,1,آزادشهر
4900000000,125,1388,2,5,5,1,1,1,صیاد شیرازی
7200000000,125,1404,2,4,3,1,1,1,نیروی هوایی
5350000000,125,1398,2,3,3,1,1,1,کوثر
7500000000,125,1395,2,2,2,1,1,1,رضاشهر
7380000000,125,1395,3,8,2,1,1,1,هفت تیر (حافظ)
4750000000,125,1402,2,6,5,1,1,1,جاهد شهر
11000000000,125,1404,2,6,6,1,1,1,فرهنگ
2250000000,125,1398,2,4,2,1,1,1,نوید
6100000000,125,1390,2,5,5,1,1,1,اقبال
5500000000,125,1403,2,3,3,1,1,1,جاهد شهر
5600000000,125,1393,3,1,1,1,1,1,اقبال
5500000000,125,1403,3,3,3,1,1,1,الهیه
6800000000,125,1395,3,4,4,1,1,1,نیروی هوایی
5000000000,120,1402,3,2,2,1,1,1,الهیه
1850000000,125,1404,2,4,1,1,1,1,توس (بلوار توس)
8850000000,125,1404,3,1,1,1,1,1,کوثر
2720000000,125,1404,2,6,1,1,1,1,ایثارگران
8700000000,125,1404,2,4,2,1,1,1,ارشاد
6800000000,125,1404,2,8,1,1,1,1,هفت تیر (آب و برق)
4800000000,125,1387,2,3,2,0,1,1,هفت تیر (حافظ)
5500000000,125,1387,2,4,3,1,1,1,وکیل‌آباد
3000000000,125,1402,2,1,1,1,1,1,شهرک امام هادی (شهرک غرب)
5250000000,125,1402,2,5,3,1,1,1,الهیه
3520000000,125,1400,2,5,4,1,1,1,هنرور
5450000000,125,1401,3,5,3,1,1,1,الهیه
5250000000,125,1399,3,1,1,1,1,1,الهیه
5940000000,125,1401,3,2,2,1,1,1,جاهد شهر
4250000000,125,1404,2,7,6,1,1,1,فتح المبین
6200000000,125,1395,2,2,2,1,1,1,هفت تیر (آب و برق)
8650000000,125,1404,2,0,0,1,1,1,اقبال
8800000000,125,1404,2,2,2,1,1,1,نیروی هوایی
9500000000,125,1404,2,3,3,1,1,1,نیروی هوایی
3700000000,125,1402,2,6,2,1,1,0,حجت
4500000000,125,1404,2,3,3,1,1,1,جاهد شهر
5375000000,125,1404,3,1,1,1,1,1,الهیه
3500000000,125,1395,2,6,6,1,1,1,جانباز
3330000000,125,1395,2,6,2,1,1,0,عبادی
4850000000,125,1375,2,4,3,0,1,1,گوهرشاد
5930000000,125,1404,2,4,2,1,1,1,حسابی جنوبی (شهرک غرب)
4750000000,125,1394,2,5,5,1,1,1,جاهد شهر
4880000000,125,1403,3,3,3,1,1,1,جاهد شهر
11250000000,125,1404,3,4,2,1,1,1,حرم مطهر رضوی
11250000000,125,1404,3,4,4,1,1,1,سراب
6500000000,125,1400,3,2,2,1,1,1,اقبال
5500000000,125,1404,3,6,1,1,1,1,الهیه
5750000000,125,1404,3,6,1,1,1,1,الهیه
5600000000,125,1393,3,3,3,1,1,1,اقبال
3800000000,125,1401,3,7,7,1,1,1,جانباز
6500000000,125,1393,3,5,2,1,1,1,دانشجو
5400000000,125,1401,3,5,1,1,1,1,الهیه
3740000000,125,1397,3,4,2,1,1,1,هنرور
6500000000,125,1382,3,3,2,0,1,1,صیاد شیرازی
5620000000,126,1402,3,6,1,1,1,1,الهیه
5150000000,126,1404,2,6,3,1,1,1,الهیه
5350000000,126,1400,3,1,1,1,1,1,الهیه
5750000000,126,1401,3,1,1,1,1,1,جاهد شهر
5600000000,126,1391,3,5,4,1,1,1,اقبال
8300000000,126,1403,2,4,4,1,1,1,گوهرشاد
5418000000,126,1401,2,4,4,1,1,1,الهیه
5100000000,126,1396,2,5,5,1,1,0,جاهد شهر
8600000000,126,1386,2,1,1,1,1,1,سجاد شهر
1550000000,126,1389,1,0,0,0,0,1,بهمن
6950000000,126,1375,2,8,8,1,1,1,گوهرشاد
5900000000,126,1401,3,4,2,1,1,1,جاهد شهر
6000000000,127,1384,2,4,1,1,1,1,شریف
5900000000,127,1395,2,4,4,1,1,1,هفت تیر (آب و برق)
8600000000,127,1384,2,1,1,1,1,0,سجاد شهر
100000,127,1404,3,3,3,1,1,1,شهرک لشکر (شهرک غرب)
5950000000,130,1385,3,2,2,0,1,1,بهاران
6150000000,127,1404,3,4,1,1,1,1,الهیه
7500000000,127,1396,3,4,4,1,1,1,دانشجو
5000000000,127,1403,2,6,2,1,1,1,الهیه
5350000000,127,1402,3,2,2,1,1,1,الهیه
4800000000,127,1402,3,3,3,1,1,1,شهرک رازی (شهرک غرب)
5970000000,127,1404,3,6,3,1,1,1,شهرک لشکر (شهرک غرب)
5550000000,127,1402,3,1,1,1,1,1,الهیه
3750000000,127,1400,2,7,7,1,1,1,جانباز
5344000000,127,1400,2,2,2,1,1,1,جاهد شهر
7960000000,127,1403,2,1,1,1,1,1,فارغ التحصیلان
3556000000,127,1401,2,8,6,1,0,1,جانباز
5200000000,127,1403,2,6,1,1,1,1,جاهد شهر
5900000000,127,1400,3,3,3,1,1,1,الهیه
14500000000,127,1404,3,6,6,1,1,1,سجاد شهر
14000000000,127,1404,3,6,6,1,1,1,سجاد شهر
9800000000,127,1404,3,6,5,1,1,1,شهید فرامرز عباسی
5200000000,127,1403,3,5,5,1,1,1,الهیه
6480000000,127,1396,3,2,2,1,1,1,نیروی هوایی
6223000000,127,1404,3,5,3,1,1,1,جاهد شهر
6350000000,127,1404,3,6,3,1,1,1,شهرک رازی (شهرک غرب)
5000000000,128,1403,3,5,4,1,1,1,الهیه
5750000000,128,1388,2,5,1,1,1,1,هنرستان
4650000000,128,1398,3,5,4,1,1,1,الهیه
5450000000,127,1401,3,4,1,1,1,1,الهیه
5900000000,128,1402,3,5,5,1,1,1,الهیه
5400000000,128,1400,3,1,1,1,1,1,الهیه
4600000000,128,1398,2,2,2,1,1,1,الهیه
8100000000,128,1403,3,6,2,1,1,1,هفت تیر (حافظ)
4600000000,128,1403,3,4,4,1,1,1,الهیه
6100000000,128,1404,2,3,3,1,1,1,الهیه
12160000000,128,1403,3,4,3,1,1,1,حرم مطهر رضوی
12160000000,128,1403,3,4,3,1,1,0,حرم مطهر رضوی
6200000000,129,1392,3,4,3,1,1,1,نیروی هوایی
5950000000,129,1393,3,5,5,1,1,1,هفت تیر (آب و برق)
5035000000,129,1401,3,4,4,1,1,1,الهیه
7500000000,129,1391,3,5,2,1,1,0,آزادشهر
125000000000,125,1404,3,6,6,1,1,1,حرم مطهر رضوی
7150000000,130,1404,2,3,3,1,1,1,شریف
4500000000,130,1393,2,4,0,1,1,1,صیاد شیرازی
3700000000,130,1398,2,7,5,1,1,1,جانباز
4310000000,130,1400,3,5,1,1,1,1,رستگار
3650000000,130,1404,2,6,1,1,1,1,سرافرازان
15000000000,173,1403,3,0,0,1,1,1,سلام
7000000000,130,1404,3,5,5,1,1,1,کلاهدوز
3200000000,130,1402,2,5,5,1,0,1,جانباز
5460000000,130,1404,3,5,2,1,1,1,الهیه
6350000000,130,1404,3,5,1,1,1,1,شهرک رازی (شهرک غرب)
8100000000,130,1404,3,5,5,1,1,1,خرمشهر
9100000000,130,1404,2,5,2,1,1,1,هفت تیر (حافظ)
6000000000,130,1395,3,4,4,1,1,1,شهرآرا
7600000000,130,1402,3,5,5,1,1,1,صیاد شیرازی
9000000000,130,1390,3,4,4,1,1,1,احمدآباد
5850000000,140,1393,3,5,3,1,1,1,صیاد شیرازی
4980000000,130,1390,3,3,2,0,1,1,هفت تیر (حافظ)
5950000000,130,1404,3,3,3,1,1,1,صیاد شیرازی
7450000000,130,1392,3,5,3,1,1,1,آزادشهر
5600000000,130,1404,3,5,4,1,1,1,الهیه
5600000000,130,1402,3,5,2,1,1,1,الهیه
7930000000,130,1387,2,3,2,0,1,0,کوثر
5880000000,130,1404,3,1,1,1,1,1,الهیه
4900000000,130,1392,3,3,2,0,1,1,رضاشهر
6740000000,130,1390,3,4,1,1,1,1,نیروی هوایی
8090000000,133,1404,3,5,5,1,1,1,سید رضی
6300000000,130,1380,3,3,2,0,1,1,سید رضی
6200000000,130,1403,2,5,5,1,1,1,الهیه
7500000000,130,1393,3,2,2,1,1,0,آزادشهر
4600000000,130,1403,2,5,1,1,1,1,الهیه
4990000000,130,1404,2,3,3,1,1,1,الهیه
6250000000,130,1403,3,5,5,1,1,1,جاهد شهر
8450000000,130,1402,2,6,5,1,1,1,آزادشهر
4700000000,130,1402,2,5,5,1,1,1,حسین‌آباد
5500000000,130,1393,3,5,1,1,1,1,صیاد شیرازی
6900000000,130,1404,3,5,2,1,1,1,الهیه
3000000000,140,1404,3,1,1,1,1,1,امیریه
5330000000,130,1404,3,2,2,1,1,1,الهیه
6820000000,130,1404,3,3,3,1,1,1,فرهنگیان (شهرک غرب)
5750000000,130,1404,3,3,3,1,1,1,جاهد شهر
5650000000,130,1404,3,6,6,1,1,1,الهیه
6350000000,130,1404,3,1,1,1,1,1,فرهنگیان (شهرک غرب)
5630000000,130,1402,3,2,2,1,1,1,الهیه
4200000000,130,1404,2,6,5,1,1,1,شهید مطهری
6150000000,130,1403,3,4,4,1,1,1,شهرک رازی (شهرک غرب)
3100000000,130,1404,2,5,4,1,0,1,یاس
4150000000,130,1403,2,7,1,1,1,1,جانباز
5200000000,130,1394,2,5,5,1,1,1,جاهد شهر
5700000000,130,1403,2,3,3,1,1,1,الهیه
6900000000,130,1395,3,4,4,1,1,1,نیروی هوایی
9800000000,125,1394,2,1,1,1,1,1,کوثر
9550000000,159,1404,2,4,4,1,1,1,چهارچشمه
3700000000,130,1402,2,8,1,1,1,1,جانباز
6200000000,130,1404,3,5,5,1,1,1,جاهد شهر
11190000000,130,1404,3,5,2,1,1,1,حرم مطهر رضوی
5750000000,130,1404,3,6,4,1,1,1,الهیه
7850000000,130,1404,3,5,4,1,1,1,صیاد شیرازی
4650000000,130,1403,2,6,1,1,1,1,الهیه
7000000000,130,1391,3,4,2,1,1,1,فردوسی
3400000000,130,1390,2,4,1,0,0,1,ادیب نیشابوری (شهرک غرب)
5590000000,130,1403,3,1,1,1,1,1,شهرک رازی (شهرک غرب)
4650000000,130,1404,3,1,1,1,1,1,جاهد شهر
6600000000,130,1393,2,4,4,1,1,1,هفت تیر (آب و برق)
4320000000,130,1398,2,5,1,1,1,1,امیر
6100000000,130,1375,2,2,1,0,0,1,احمدآباد
4600000000,131,1392,2,2,2,0,1,1,جاهد شهر
5450000000,130,1402,3,4,1,1,1,1,الهیه
4500000000,130,1397,2,5,1,1,1,1,امیر
5850000000,130,1404,3,5,5,1,1,1,شهرک لشکر (شهرک غرب)
5980000000,130,1403,3,5,5,1,1,1,الهیه
15000000000,120,1403,2,4,4,1,1,0,آیت الله خامنه‌ای
5400000000,130,1401,3,4,1,1,1,1,الهیه
7400000000,130,1395,3,5,3,1,1,1,اقبال
10500000000,130,1404,3,4,4,1,1,1,کوه سنگی
7800000000,130,1404,3,6,4,1,1,1,اقبال
7000000000,130,1403,3,5,5,1,1,1,زیبا شهر
4810000000,130,1404,3,3,3,1,1,1,جاهد شهر
6200000000,130,1403,3,5,2,1,1,1,الهیه
6100000000,130,1395,3,5,5,1,1,1,شهرآرا
5350000000,130,1403,3,6,5,1,1,1,الهیه
5500000000,130,1404,3,6,6,1,1,1,الهیه
3480000000,130,1400,3,4,1,0,1,1,موسوی قوچانی
6200000000,130,1404,3,5,1,1,1,1,حسابی جنوبی (شهرک غرب)
6000000000,130,1404,3,4,2,1,1,1,استاد یوسفی (شهرک غرب)
6200000000,130,1395,2,3,3,1,1,1,شهید هاشمی نژاد
5400000000,130,1402,3,5,2,1,1,1,الهیه
7200000000,130,1391,2,2,2,1,1,1,فارغ التحصیلان
8000000000,130,1400,3,3,3,1,1,1,فارغ التحصیلان
4450000000,130,1404,2,0,0,1,1,1,الهیه
5300000000,130,1395,3,4,4,1,1,1,شهرک لشکر (شهرک غرب)
5900000000,130,1404,3,2,2,1,1,1,ولیعصر (شهرک غرب)
8450000000,130,1404,2,6,6,1,1,1,امام رضا (ع)
2800000,130,1397,2,2,1,0,0,1,توس (بلوار توس)
9150000000,130,1402,3,5,5,1,1,1,هفت تیر (حافظ)
4150000000,130,1385,2,3,2,0,1,1,حجاب (شهرک غرب)
980000000,130,1395,2,1,1,0,1,1,نوده
5700000000,130,1404,2,3,3,1,1,1,الهیه
4100000000,130,1404,2,8,6,1,1,1,جانباز
4000000000,130,1393,2,3,6,0,1,1,موسوی قوچانی
7050000000,130,1404,2,5,2,1,1,1,سمزقند
5500000000,130,1388,3,3,3,0,1,1,فردوسی
5950000000,130,1403,3,6,5,1,1,1,الهیه
5070000000,130,1403,2,1,1,1,1,1,الهیه
3650000000,130,1398,2,5,3,1,0,1,هفت تیر (نه دره)
8000000000,130,1400,2,5,1,1,1,1,امام رضا (ع)
4953000000,130,1404,2,6,6,1,1,1,حسین‌آباد
8550000000,130,1404,2,4,2,1,1,1,رضاشهر
6050000000000,130,1403,3,6,4,1,1,1,حسابی جنوبی (شهرک غرب)
5600000000,130,1404,3,5,3,1,1,1,الهیه
3900000000,130,1403,2,7,7,1,1,1,جانباز
8700000000,130,1400,3,6,2,1,1,1,حرم مطهر رضوی
6250000000,130,1393,2,4,4,1,1,1,هفت تیر (آب و برق)
8050000000,130,1403,3,5,3,1,1,1,حرم مطهر رضوی
8850000000,130,1402,3,1,1,1,1,1,حرم مطهر رضوی
10800000000,130,1404,3,5,1,1,1,1,حرم مطهر رضوی
9600000000,130,1404,3,2,2,1,1,1,هفت تیر (آب و برق)
7000000000,130,1403,3,5,5,1,1,1,آزادشهر
7100000000,130,1404,3,3,3,1,1,1,الهیه
5700000000,130,1404,3,6,3,1,1,1,الهیه
8970000000,130,1404,3,4,3,1,1,1,فارغ التحصیلان
7540000000,130,1404,3,5,1,1,1,1,الهیه
6170000000,130,1404,3,5,1,1,1,1,شهرک رازی (شهرک غرب)
6100000000,130,1404,3,3,3,1,1,1,الهیه
5799000000,129,1402,3,5,4,1,1,1,پروین اعتصامی
6150000000,131,1401,3,5,4,1,1,1,الهیه
5300000000,132,1401,3,1,1,1,1,1,الهیه
5940000000,132,1402,3,5,4,1,1,1,الهیه
6900000000,132,1404,3,5,1,1,1,1,حسابی جنوبی (شهرک غرب)
5700000000,132,1402,2,6,4,1,1,1,الهیه
5082000000,132,1403,3,4,4,1,1,1,جاهد شهر
6250000000,132,1404,3,2,2,1,1,1,الهیه
7900000000,132,1404,3,1,1,1,1,1,امام خمینی
9150000000,133,1404,3,5,2,1,1,1,امام رضا (ع)
8200000000,134,1394,3,5,3,1,1,1,هنرستان
5890000000,134,1402,3,2,2,1,1,1,الهیه
6299000000,134,1403,3,4,4,1,1,1,فرهنگیان (شهرک غرب)
17500000000,134,1404,3,5,5,1,1,1,حرم مطهر رضوی
5750000000,134,1402,3,2,2,1,1,1,الهیه
5780000000,134,1385,2,4,1,0,1,1,هفت تیر (آب و برق)
6650000000,134,1404,3,5,2,1,1,1,الهیه
3999000000,135,1403,3,6,4,1,1,1,شهید مطهری
6900000000,135,1404,3,3,3,1,1,1,الهیه
12000000000,135,1403,3,6,4,1,1,1,امام رضا (ع)
5100000000,135,1399,3,2,2,1,1,1,جاهد شهر
3600000000,135,1396,2,7,7,1,1,1,جانباز
6900000000,135,1403,3,5,5,1,1,1,فرهنگیان (شهرک غرب)
4100000000,135,1404,2,7,6,1,1,1,جانباز
6000000000,135,1399,3,5,5,1,1,1,جاهد شهر
6000000000,135,1404,3,5,3,1,1,1,الهیه
5380000000,135,1404,3,5,4,1,1,1,الهیه
5500000000,135,1404,3,5,2,1,1,1,الهیه
6100000000,135,1402,3,3,3,1,1,1,الهیه
13500000000,135,1404,3,4,1,1,1,1,امام رضا (ع)
5800000000,135,1403,3,2,2,1,1,1,جاهد شهر
8650000000,135,1391,3,2,2,1,1,1,کوثر
5850000000,135,1404,3,3,3,1,1,1,الهیه
6550000000,135,1404,3,4,4,1,1,1,الهیه
4300000000,135,1404,3,7,5,1,1,1,جانباز
5400000000,135,1401,3,4,2,1,1,1,الهیه
6900000000,135,1390,3,4,1,0,1,1,هفت تیر (حافظ)
8350000000,135,1404,2,1,1,1,1,1,شهید بهشتی
6350000000,135,1388,3,4,4,1,1,1,آزادشهر
6350000000,135,1392,3,0,0,1,1,1,هنرستان
10000000000,135,1404,3,30,0,1,1,1,فارغ التحصیلان
10800000000,135,1404,3,1,1,1,1,1,نیروی هوایی
5500000000,135,1404,3,5,5,1,1,1,الهیه
10500000000,135,1403,3,6,6,1,1,1,هفت تیر (حافظ)
3300000000,135,1404,2,6,6,1,1,1,هنرور
4400000000,135,1402,2,7,2,1,1,1,جانباز
7190000000,135,1404,3,5,5,1,1,1,شاهد (شهرک غرب)
7000000000,135,1394,3,4,1,1,1,1,آزادشهر
8200000000,135,1404,3,5,5,1,1,1,آزادشهر
585000,135,1400,3,5,5,1,1,1,الهیه
6400000000,135,1403,3,2,2,1,1,1,جاهد شهر
5250000000,135,1401,3,5,5,1,1,1,الهیه
8750000000,135,1402,3,6,6,1,1,1,صیاد شیرازی
7770000000,135,1398,3,2,2,1,1,1,دانشجو
2850000000,135,1403,2,5,2,1,1,1,پنجتن
5500000000,135,1404,2,5,2,1,1,1,الهیه
5300000000,135,1400,3,5,3,1,1,1,شهرک رازی (شهرک غرب)
5670000000,135,1396,3,4,3,1,1,1,فرهنگیان (شهرک غرب)
5500000000,135,1388,2,4,1,0,1,1,صیاد شیرازی
7000000000,135,1398,3,2,2,1,1,1,هنرستان
4700000000,135,1404,2,4,4,1,1,1,حسین‌آباد
5300000000,135,1404,3,2,2,1,1,1,الهیه
3300000000,135,1401,3,6,6,1,1,1,امیر
4520000000,135,1404,3,6,6,1,1,0,ایثار
5800000000,135,1400,3,5,5,1,1,1,جاهد شهر
6000000000,135,1404,3,2,2,1,1,1,شهرک لشکر (شهرک غرب)
6200000000,135,1404,2,3,3,1,1,1,الهیه
7550000000,135,1404,3,1,1,1,1,1,آزادشهر
8100000000,135,1404,3,5,4,1,1,1,رضاشهر
2600000000,135,1404,3,5,1,1,1,1,کشف
5500000000,135,1383,3,1,1,0,1,1,هفت تیر (آب و برق)
8500000000,135,1402,3,5,2,1,1,1,صیاد شیرازی
4650000000,135,1394,2,3,3,1,1,0,شهید فرامرز عباسی
10800000000,135,1388,2,3,2,1,1,1,سجاد شهر
6300000000,135,1404,3,5,1,1,1,1,الهیه
6800000000,135,1404,3,2,2,1,1,1,الهیه
9000000000,135,1401,3,5,5,1,1,1,نیروی هوایی
3600000000,135,1403,2,2,2,1,1,1,امیر
3050000000,135,1396,3,4,0,1,0,1,شفا
5130000000,135,1404,3,6,3,1,1,1,امیریه
3750000000,135,1404,2,3,3,1,1,1,امیر
7000000000,135,1404,2,6,6,1,1,1,جاهد شهر
8000000000,135,1403,3,5,4,1,1,1,کوثر
5535000000,135,1404,3,5,2,1,1,1,الهیه
3150000000,135,1403,3,4,4,1,1,1,امیر
3200000000,135,1403,3,3,3,1,1,1,امیر
5300000000,135,1384,3,3,3,0,1,1,شریف
7000000000,135,1384,3,4,2,1,1,1,فارغ التحصیلان
7000000000,135,1393,3,4,1,1,1,1,شریف
6100000000,135,1403,3,4,4,1,1,1,جاهد شهر
6030000000,135,1403,3,6,6,1,1,1,نرگس (شهرک غرب)
5500000000,135,1401,3,4,4,1,1,1,حسابی جنوبی (شهرک غرب)
6000000000,135,1404,3,6,4,1,1,1,الهیه
8500000000,135,1386,3,4,2,0,1,1,هنرستان
9900000000,135,1403,3,2,2,1,1,1,امام رضا (ع)
4000000000,135130,1404,3,6,3,1,1,1,الهیه
3790000000,135,1400,2,5,1,1,1,1,هدایت
7700000000,135,1404,3,6,5,1,1,1,شهرآرا
5450000000,135,1387,3,3,2,0,1,1,سرافرازان
5500000000,135,1389,3,4,1,0,1,1,هفت تیر (آب و برق)
6400000000,135,1390,2,3,2,0,1,1,شهید فرامرز عباسی
5450000000,135,1404,2,3,3,1,1,1,شهرک رازی (شهرک غرب)
3800000000,135,1401,2,8,7,1,1,1,جانباز
9650000000,135,1404,3,5,1,1,1,1,شریف
55000000000,130,1400,3,3,3,1,1,1,جاهد شهر
5860000000,135,1404,3,6,6,1,1,1,الهیه
6100000000,135,1394,3,2,2,1,1,1,صیاد شیرازی
6500000000,135,1393,3,4,1,1,1,1,هفت تیر (آب و برق)
5700000000,135,1404,2,3,3,1,1,1,نرگس (شهرک غرب)
4590000000,135,1404,2,3,3,1,1,1,حسین‌آباد
6700000000,135,1385,2,2,2,1,1,1,شهید فرامرز عباسی
6350000000,135,1401,3,5,5,1,1,1,حسابی جنوبی (شهرک غرب)
5500000000,135,1402,2,4,4,1,1,1,الهیه
6165000,137,1404,3,6,3,1,1,1,الهیه
6220000000,135,1404,3,5,5,1,1,1,شهرک رازی (شهرک غرب)
3650000000,135,1395,2,5,4,1,1,1,هنرور
6350000000,135,1404,2,4,1,1,1,1,استاد یوسفی (شهرک غرب)
4990000000,135,1400,3,5,4,1,1,1,جاهد شهر
5600000000,135,1401,2,3,3,1,1,1,جاهد شهر
5900000000,140,1400,3,5,3,1,1,1,الهیه
5700000000,135,1380,2,3,1,0,1,1,هفت تیر (آب و برق)
5700000000,135,1404,3,4,4,1,1,1,الهیه
6900000000,135,1392,3,1,1,1,1,1,آزادشهر
5800000000,135,1403,3,5,5,1,1,1,الهیه
5500000000,135,1404,3,5,3,1,1,1,الهیه
8000000000,135,1403,3,5,5,1,1,1,کوثر
7000000000,135,1392,3,4,1,1,1,1,آزادشهر
6900000000,135,1402,3,5,5,1,1,1,شهرک رازی (شهرک غرب)
9200000000,135,1402,2,1,1,1,1,1,رضاشهر
6950000000,135,1404,3,2,2,1,1,1,نکاح
8500000000,135,1382,3,2,2,0,1,1,هنرستان
8000000000,135,1404,2,3,3,1,1,1,شریف
9500000000,135,1404,3,6,2,1,1,1,هفت تیر (حافظ)
4700000000,135,1404,2,5,2,1,1,1,حجت
6500000000,135,1404,3,4,4,1,1,1,استاد یوسفی (شهرک غرب)
7700000000,135,1404,3,6,1,1,1,1,سید رضی
7400000000,135,1403,3,6,2,1,1,1,الهیه
9400000000,135,1404,3,3,3,1,1,1,هنرستان
6800000000,135,1403,3,5,2,1,1,1,ولیعصر (شهرک غرب)
11000000000,131,1399,2,5,4,1,1,1,هفت تیر (حافظ)
10200000000,135,1404,3,6,3,1,1,1,هفت تیر (حافظ)
4700000000,135,1400,2,5,5,1,1,1,جانباز
6500000000,135,1392,3,1,1,1,1,1,صیاد شیرازی
7300000000,135,1388,3,5,1,1,1,1,هنرستان
3600000000,135,1393,3,5,2,1,1,1,شفا
13500000000,130,1404,2,6,2,1,1,1,هنرستان
10950000000,135,1404,3,6,6,1,1,1,هفت تیر (حافظ)
7560000000,135,1382,2,3,3,0,1,1,هنرستان
4700000000,135,1398,2,6,1,1,1,0,جانباز
3600000000,135,1396,2,7,7,1,1,1,جانباز
5600000000,135,1400,3,4,3,1,1,1,حسابی جنوبی (شهرک غرب)
6250000000,135,1392,3,5,0,1,1,1,هنرستان
17500000000,135,1404,3,5,5,1,1,1,آیت الله خامنه‌ای
4400000000,135,1404,3,2,2,1,1,1,طلاب
8900000000,135,1401,3,5,5,1,1,1,چهارچشمه
9200000000,135,1390,3,3,3,1,1,1,احمدآباد
11000000000,135,1404,3,6,6,1,1,1,هنرستان
7500000000,135,1395,3,3,3,1,1,1,خاتم الانبیا
6100000000,135,1403,3,2,2,1,1,1,الهیه
5700000000,135,1396,3,4,4,1,1,1,شهرک لشکر (شهرک غرب)
4455000000,135,1404,2,2,2,1,1,1,حسین‌آباد
6290000000,136,1390,3,3,3,1,1,1,صیاد شیرازی
8500000000,136,1386,3,4,4,1,1,1,احمدآباد
5550000000,136,1398,3,2,2,1,1,1,شهرک لشکر (شهرک غرب)
7750000000,136,1393,2,3,3,1,1,1,رضاشهر
5848000000,136,1399,2,3,3,1,1,1,جاهد شهر
3600000000,137,1398,2,7,7,1,1,1,جانباز
6250000000,140,1404,3,5,4,1,1,1,الهیه
5400000000,137,1400,3,5,5,1,1,1,الهیه
5000000000,137,1402,3,1,1,1,1,1,الهیه
5500000,137,1404,3,5,5,1,1,1,شهرک رازی (شهرک غرب)
2700000000,137,1391,2,4,2,0,0,0,کوی المهدی
8000000000,137,1396,3,3,3,1,1,1,فارغ التحصیلان
7000000000,137,1389,3,3,1,0,1,1,نیروی هوایی
7150000000,137,1381,3,1,1,0,1,1,کوثر
9300000000,138,1403,3,1,1,1,1,1,امام رضا (ع)
11700000000,138,1404,3,5,2,1,1,1,امام رضا (ع)
14500000000,138,1400,2,3,3,1,1,1,سجاد شهر
6000000000,138,1402,3,4,4,1,1,1,الهیه
6000000000,138,1388,3,4,3,0,1,1,فرهنگ
7600000000,138,1394,2,3,3,1,1,1,رضاشهر
3100000000,138,1404,3,2,1,0,1,1,رضاشهر
5450000000,138,1401,3,3,3,1,1,1,الهیه
6200000000,138,1387,3,3,2,0,1,1,شهید فرامرز عباسی
5600000000,140,1403,3,5,3,1,1,1,الهیه
10200000000,138,1404,3,1,1,1,1,1,وکیل‌آباد
4900000000,138,1394,3,4,4,1,1,1,امیریه
5800000000,138,1402,3,2,2,1,1,1,الهیه
3050000000,138,1404,2,5,4,1,1,1,گلبرگ
9000000000,138,1393,3,3,3,1,1,1,احمدآباد
8800000000,138,1403,3,6,6,1,1,1,صیاد شیرازی
6500000000,138,1385,3,2,2,0,1,1,نیروی هوایی
11040000000,138,1404,2,5,5,1,1,1,دانشجو
8800000000,139,1397,3,5,2,1,1,1,ارشاد
9730000000,139,1404,3,6,2,1,1,1,صیاد شیرازی
5670000000,139,1404,3,4,4,1,1,1,الهیه
4150000000,139,1401,2,7,7,1,0,1,جانباز
10080000000,140,1404,3,5,5,1,1,1,فارغ التحصیلان
7100000000,140,1391,3,4,4,1,1,1,فرهنگ
12000000000,140,1404,3,5,5,1,1,1,هنرستان
11800000000,140,1404,3,4,2,1,1,1,هفت تیر (حافظ)
5900000000,140,1404,3,6,6,1,1,1,الهیه
5850000000,140,1402,3,2,2,1,1,1,الهیه
12600000000,140,1404,2,7,5,1,1,1,حرم مطهر رضوی
7800000000,140,1395,3,4,4,1,1,1,احمدآباد
6000000000,140,1404,3,6,1,1,1,1,الهیه
9100000000,140,1404,3,4,4,1,1,1,رضاشهر
6100000000,140,1400,3,5,2,1,1,1,جاهد شهر
5800000000,140,1401,2,6,1,1,1,1,الهیه
7000000000,140,1386,3,4,4,1,1,1,فرهنگ
5750000000,140,1400,3,3,3,1,1,1,الهیه
9850000000,140,1403,3,6,2,1,1,1,نیروی هوایی
5900000000,140,1404,2,1,1,1,1,1,کلاهدوز
6440000000,140,1404,3,6,4,1,1,1,الهیه
5500000000,140,1404,2,2,2,1,1,1,الهیه
4480000000,140,1403,3,6,1,1,1,1,حسین‌آباد
5200000000,140,1403,3,3,3,1,1,1,الهیه
5700000000,140,1402,3,1,1,1,1,1,الهیه
4350000000,140,1403,3,6,4,1,1,1,سمزقند
3190000000,140,1396,3,6,6,1,1,1,فدک
5950000000,140,1400,2,5,1,1,1,1,الهیه
4150000000,140,1401,3,7,2,1,1,0,جانباز
7500000000,140,1397,3,5,3,1,1,1,هنرستان
6980000000,140,1396,3,5,2,1,1,1,اقبال
6750000000,140,1395,3,1,1,1,1,1,شریف
6900000000,140,1396,2,5,3,1,1,1,فارغ التحصیلان
5550000000,140,1402,3,5,3,1,1,1,الهیه
9300000000,140,1393,3,5,3,1,1,1,فلسطین
5600000000,140,1404,3,6,6,1,1,1,الهیه
7000000000,140,1403,3,1,1,1,1,1,الهیه
7250000000,140,1403,3,6,3,1,1,1,الهیه
6300000000,140,1390,3,3,2,0,1,1,آزادشهر
6300000000,140,1404,3,5,5,1,1,1,شهرک رازی (شهرک غرب)
7800000000,140,1397,3,1,1,1,1,1,شهید فرامرز عباسی
10800000000,147,1400,2,10,1,1,1,1,هفت تیر (آب و برق)
6550000000,140,1404,2,2,2,1,1,1,الهیه
6100000000,140,1398,3,4,4,1,1,1,الهیه
5500000000,140,1404,3,5,2,1,1,1,امیریه
3560000000,140,1394,3,4,2,1,1,1,شفا
3700000000,140,1403,3,1,1,1,1,1,امیر
9800000000,140,1390,3,4,3,1,1,1,احمدآباد
6800000000,140,1404,3,6,5,1,1,1,الهیه
7200000000,140,1404,3,6,6,1,1,1,الهیه
5300000000,140,1399,3,4,4,1,1,1,جاهد شهر
4900000000,140,1404,3,5,5,1,1,1,حسین‌آباد
7800000000,140,1396,3,3,3,1,1,1,اقبال
8000000000,140,1394,3,4,4,1,1,1,شریف
5100000000,140,1404,3,2,2,1,1,1,الهیه
5700000000,141,1401,3,3,3,1,1,1,الهیه
5740000000,140,1404,3,6,3,1,1,1,الهیه
7700000000,140,1397,3,1,1,1,1,1,شهید فرامرز عباسی
5800000000,140,1404,3,4,4,1,1,1,الهیه
3990000000,140,1397,2,7,6,1,1,0,جانباز
5750000000,140,1400,3,5,5,1,1,1,الهیه
4500000000,140,1403,3,6,3,1,1,1,الهیه
5100000000,140,1388,3,3,3,0,1,1,سعد آباد
5600000000,140,1404,3,6,6,1,1,1,جاهد شهر
8000000000,140,1404,3,4,4,1,1,1,نیروی هوایی
9000000000,140,1401,3,5,5,1,1,1,هفت تیر (آب و برق)
7500000000,140,1393,2,0,0,0,1,0,رضاشهر
7000000000,155,1403,3,6,2,1,1,1,الهیه
7250000000,140,1392,3,3,3,1,1,1,آزادشهر
8400000000,140,1398,2,2,2,1,1,1,ارشاد
7500000000,140,1394,3,3,3,1,1,1,کوثر
10000000000,140,1404,3,3,3,1,1,1,شریف
6450000000,140,1388,3,1,1,0,1,1,کوثر
5600000000,140,1403,3,1,1,1,1,1,الهیه
5700000000,140,1402,3,4,4,1,1,1,الهیه
5945000000,140,1403,3,7,7,1,1,1,شاهد (شهرک غرب)
6200000000,140,0,3,0,0,0,1,1,ارشاد
6790000000,140,1404,3,6,4,1,1,1,ولیعصر (شهرک غرب)
5950000000,140,1404,3,7,7,1,1,1,شاهد (شهرک غرب)
6350000000,140,1387,3,2,2,0,1,1,کوثر
7000000000,140,1404,3,4,4,1,1,1,الهیه
19900000000,140,1404,3,5,5,1,1,1,سجاد شهر
5800000000,140,1404,2,6,3,1,1,1,جاهد شهر
7100000000,140,1399,3,4,4,1,1,1,چهارچشمه
5300000000,140,1404,3,4,2,1,1,1,الهیه
3300000000,140,1404,2,6,6,1,0,1,هنرور
4200000000,140,1404,2,1,1,1,1,1,هنرور
8100000000,140,1394,3,4,4,1,1,1,شریف
6100000000,140,1404,3,0,0,1,1,1,جاهد شهر
6440000000,140,1404,3,6,5,1,1,1,الهیه
8680000000,140,1401,3,3,3,1,1,1,امام رضا (ع)
9870000000,141,1404,3,2,2,1,1,1,هفت تیر (حافظ)
5300000000,140,1404,3,5,4,1,1,1,الهیه
7400000000,140,1393,3,5,4,1,1,1,گوهرشاد
4700000000,140,1388,3,3,3,0,1,1,چهارچشمه
12100000000,140,1404,3,5,3,1,1,1,فرهنگ
4660000000,140,1403,3,5,3,1,1,1,الهیه
3500000000,140,1404,2,5,5,1,1,0,شهرک امام هادی (شهرک غرب)
5600000000,140,1401,3,3,3,1,1,1,جاهد شهر
4850000000,140,1390,3,1,1,0,1,0,ولیعصر (شهرک غرب)
5470000000,140,1402,3,3,3,1,1,1,الهیه
8000000000,140,1392,2,4,2,1,1,1,ارشاد
15500000000,140,1404,2,2,2,1,1,1,احمدآباد
6500000000,140,1403,3,5,5,1,1,1,جاهد شهر
11190000000,140,1404,3,2,2,1,1,1,رضاشهر
9300000000,140,1401,2,2,2,1,1,1,هفت تیر (حافظ)
9800000000,140,1404,3,2,2,1,1,1,اقبال
8600000000,140,1390,3,4,2,1,1,1,کوثر
7800000000,140,1393,3,1,1,1,1,1,صیاد شیرازی
6050000000,140,1404,3,6,1,1,1,1,الهیه
10000,140,1398,2,7,4,1,1,1,جانباز
4900000000,140,1385,3,3,1,0,0,1,تربیت (صدف)
4100000000,140,1404,2,5,5,1,1,1,جانباز
4700000000,140,1386,2,3,3,0,1,1,بهاران
8250000000,140,1390,3,3,3,1,1,1,هنرستان
5700000000,140,1380,2,0,0,1,1,1,گوهرشاد
6500000000,140,1404,3,2,2,1,1,1,جاهد شهر
9300000000,140,1396,3,4,4,1,1,1,هنرستان
5850000000,140,1400,3,3,3,1,1,1,الهیه
5150000000,140,1403,3,7,2,1,1,1,شهید مطهری
4750000000,140,1404,3,7,5,1,1,1,سمزقند
8500000000,140,1393,3,4,2,1,1,1,هفت تیر (حافظ)
6500000000,140,1386,3,3,3,0,1,1,هنرستان
11400000000,140,1404,2,5,3,1,1,1,احمدآباد
5700000000,135,1404,3,4,4,1,1,1,الهیه
2690000000,140,1404,3,4,4,1,1,1,نوید
6800000000,140,1404,3,3,3,1,1,1,الهیه
4100000000,140,1404,2,4,4,1,1,1,جانباز
7000000000,140,1403,2,3,3,1,1,1,هنرستان
4900000000,140,1403,3,2,2,1,1,1,هدایت
9000000000,136,1395,3,1,1,1,1,1,کوثر
8500000000,140,1404,3,4,3,1,1,1,هنرستان
9500000000,140,1392,3,4,4,1,1,1,کوثر
12500000000,140,1393,3,2,2,1,1,1,سجاد شهر
4900000000,140,1403,2,6,6,1,1,1,شهید مطهری
4480000000,140,1404,3,4,4,1,1,1,امیر
6100000000,140,1403,3,3,3,1,1,1,الهیه
11200000000,140,1402,3,5,2,1,1,1,آیت الله خامنه‌ای
10000000000,140,1385,3,4,2,1,1,1,سجاد شهر
8800000000,140,1403,3,4,4,1,1,1,هفت تیر (حافظ)
8500000000,140,1400,3,6,2,1,1,1,آزادشهر
5300000000,140,1404,3,5,3,1,1,1,الهیه
8500000000,140,1404,3,4,4,1,1,1,خرمشهر
8000000000,140,1398,3,5,4,1,1,1,شهید فرامرز عباسی
7080000000,141,1402,3,5,5,1,1,1,حسابی جنوبی (شهرک غرب)
5607000000,141,1400,3,5,3,1,1,1,الهیه
9160000000,141,1404,3,5,4,1,1,1,شریف
7526000000,142,1404,3,2,2,1,1,1,الهیه
5800000000,142,1384,3,3,2,0,1,1,دانشجو
5680000000,142,1402,3,5,4,1,1,1,الهیه
6600000000,142,1377,3,3,1,0,1,1,هنرستان
8300000000,142,1404,3,6,3,1,1,1,الهیه
5350000000,142,1400,3,4,4,1,1,1,حجاب (شهرک غرب)
5850000000,142,1402,3,2,2,1,1,1,الهیه
5538000000,142,1401,3,5,5,1,1,1,جاهد شهر
7668000000,142,1404,3,1,1,1,1,1,الهیه
8100000000,142,1404,3,4,4,1,1,1,صیاد شیرازی
10300000000,142,1403,3,5,1,1,1,1,هفت تیر (حافظ)
5600000000,142,1402,3,5,4,1,1,1,الهیه
7790000000,143,1400,3,5,3,1,1,1,نیروی هوایی
8950000000,143,1404,3,5,5,1,1,1,صیاد شیرازی
6450000000,143,1403,3,5,5,1,1,1,الهیه
7300000000,146,1403,3,6,3,1,1,1,الهیه
9500000000,143,1392,3,5,3,1,1,1,هنرستان
8900000000,143,1395,3,3,3,1,1,1,هفت تیر (آب و برق)
10200000000,143,1390,3,3,3,1,1,1,کوثر
7600000000,143,1387,3,2,2,1,1,1,فرهنگ
6600000000,144,1393,3,4,3,1,1,1,دانشجو
5450000000,144,1386,3,3,3,0,1,1,فردوسی
9950000000,144,1403,3,6,4,1,1,1,هفت تیر (حافظ)
5900000000,144,1404,3,6,3,1,1,1,الهیه
9300000000,144,1404,3,7,7,1,1,1,هفت تیر (حافظ)
7300000000,144,1380,2,2,2,1,1,1,ارشاد
8800000000,145,1402,3,6,4,1,1,1,اقبال
4550000000,145,1399,3,2,2,1,1,1,جاهد شهر
8800000000,145,1404,3,2,2,1,1,1,رضاشهر
5300000000,145,1403,3,3,3,1,1,1,الهیه
6450000000,145,1403,3,3,3,1,1,1,الهیه
8900000000,145,1404,3,3,3,1,1,1,هفت تیر (حافظ)
5650000000,145,1404,3,6,2,1,1,1,الهیه
8400000000,145,1404,3,6,1,1,1,1,الهیه
13580000000,143,1384,3,4,3,1,1,1,سجاد شهر
6000000000,145,1400,3,5,4,1,1,1,الهیه
6670000000,145,1404,3,6,4,1,1,1,الهیه
13800000000,145,1404,3,5,2,1,1,1,هنرستان
9100000000,145,1390,3,5,2,1,1,1,هفت تیر (آب و برق)
7100000000,145,1404,3,5,5,1,1,1,الهیه
6700000000,145,1404,3,3,3,1,1,1,جاهد شهر
7300000000,145,1404,2,0,0,1,1,1,الهیه
7600000000,145,1404,3,5,5,1,1,1,الهیه
7250000000,145,1404,3,6,5,1,1,1,الهیه
4500000000,145,1404,3,7,2,1,1,1,جانباز
5650000000,145,1404,3,3,3,1,1,1,الهیه
4250000000,145,1404,3,6,2,1,1,1,امیر
4200000000,145,1404,3,7,4,1,1,1,جانباز
5950000000,145,1403,3,4,4,1,1,1,الهیه
5700000000,145,1403,3,5,5,1,1,1,جاهد شهر
6500000000,145,1404,3,1,1,1,1,1,الهیه
8800000000,145,1402,3,3,3,1,1,1,اقبال
6950000000,145,1402,3,5,1,1,1,1,الهیه
5370000000,145,1402,2,2,2,1,1,1,الهیه
6250000000,145,1399,3,1,1,1,1,1,الهیه
4199000000,145,1402,3,7,6,1,1,1,امیر
8100000000,145,1403,3,5,5,1,1,1,الهیه
8200000000,145,1404,3,5,5,1,1,1,الهیه
9200000000,145,1393,3,3,3,1,1,1,هنرستان
6700000000,145,1393,3,4,2,1,1,1,آزادشهر
6200000000,145,1404,3,4,4,1,1,1,الهیه
6200000000,145,1404,3,5,4,1,1,1,الهیه
7540000000,145,1404,3,5,2,1,1,1,فرهنگیان (شهرک غرب)
8100000000,145,1392,3,2,2,1,1,1,رضاشهر
11900000000,145,1403,3,4,1,1,1,1,وکیل‌آباد
4100000000,145,1398,2,6,3,1,1,1,امیر
7880000000,145,1394,3,0,0,1,1,1,شریف
5800000000,145,1401,3,4,4,1,1,1,الهیه
6400000000,145,1396,2,0,0,1,1,1,هفت تیر (حافظ)
5200000000,145,1403,3,4,4,1,1,1,جاهد شهر
5790000000,145,1404,3,6,6,1,1,1,الهیه
7950000000,145,1394,3,6,4,1,1,1,نیروی هوایی
17800000000,145,1404,3,6,3,1,1,1,سجاد شهر
5750000000,145,1404,3,5,3,1,1,1,الهیه
8000000000,145,1380,2,9,9,1,1,1,گوهرشاد
8500000000,145,1396,2,5,5,1,1,1,فلسطین
9200000000,145,1393,3,5,3,1,1,1,کوثر
20500000000,145,1403,3,2,2,1,1,1,سجاد شهر
12700000000,145,1404,2,2,2,1,1,1,هنرستان
10900000000,145,1404,3,4,4,1,1,1,هنرستان
5700000000,145,1404,3,4,4,1,1,1,موسوی قوچانی
7975000000,145,1404,3,5,2,1,1,1,شاهد (شهرک غرب)
5100000000,145,1404,3,4,4,1,1,1,شهید مطهری
5750000000,145,1397,3,4,4,1,1,1,الهیه
2850000000,145,1401,3,2,0,0,1,1,نوده
5990000000,146,1400,3,3,3,1,1,1,الهیه
6150000000,145,1404,3,6,2,1,1,1,الهیه
6550000000,145,1404,3,5,5,1,1,1,جاهد شهر
6410000000,145,1397,3,4,2,1,1,1,الهیه
7200000000,145,1403,3,2,2,1,1,1,کوی راد
6020000000,145,1404,3,4,4,1,1,1,الهیه
10700000000,145,1395,3,5,5,1,1,0,احمدآباد
7950000000,145,1394,3,10,3,1,1,1,نیروی هوایی
7300000000,145,1404,3,6,2,1,1,1,جاهد شهر
13700000000,145,1404,3,6,4,1,1,1,کوشش
9500000000,145,1404,3,6,6,1,1,1,هفت تیر (حافظ)
16000000000,145,1404,3,5,5,1,1,1,احمدآباد
5700000000,145,1403,3,3,3,1,1,1,الهیه
6200000000,145,1388,3,3,3,1,1,1,زیبا شهر
12900000000,145,1403,3,5,5,1,1,1,رضاشهر
6700000000,176,1404,3,1,1,1,1,1,الهیه
6000000000,145,1401,3,5,5,1,1,1,حسابی جنوبی (شهرک غرب)
12720000000,145,1403,2,2,2,1,1,1,هنرستان
8500000000,145,1393,3,5,5,1,1,1,اقبال
8350000000,14583,1404,3,5,1,1,1,1,رضاشهر
6220000000,145,1404,3,5,5,1,1,1,الهیه
6100000000,145,1392,3,5,3,1,1,1,تربیت (صدف)
6000000000,148,1400,3,4,4,1,1,1,الهیه
8100000000,145,1391,3,5,2,1,1,1,رضاشهر
7000000000,175,1404,3,1,1,1,1,1,الهیه
6090000000,145,1404,3,5,4,1,1,1,الهیه
6000000000,142,1404,3,5,5,1,1,1,الهیه
4520000000,145,1404,3,6,4,1,1,1,امیر
9500000000,145,1404,3,2,2,1,1,1,هفت تیر (حافظ)
5500000000,145,1404,3,5,2,1,1,1,الهیه
10500000000,145,1404,3,3,3,1,1,1,کوثر
17000000000,140,1404,2,5,5,1,1,1,هنرستان
6200000000,145,1396,3,5,2,1,1,1,الهیه
17500000000,145,1404,3,4,4,1,1,1,کوثر
11300000000,150,1404,3,5,4,1,1,1,نیروی هوایی
6150000000,145,1404,3,3,3,1,1,1,جاهد شهر
10000000000,143,1390,3,4,4,1,1,1,هنرستان
6200000000,144,1386,3,2,2,0,1,1,فرهنگ
9600000000,145,1404,3,7,7,1,1,1,هنرستان
5700000000,145,1384,3,3,2,0,1,1,هنرستان
4000000000,145,1404,3,7,2,1,1,1,امیر
10000000000,145,1397,3,4,4,1,1,1,هنرستان
8100000000,145,1392,3,3,3,1,1,1,نیروی هوایی
7550000000,145,1404,3,5,5,1,1,1,الهیه
5900000000,105,1380,2,4,0,1,1,1,کوثر
5000000000,146,1393,2,4,3,1,1,1,امیر
7400000000,145,1404,3,3,3,1,1,1,الهیه
5000000000,146,1404,3,6,6,1,1,1,فتح المبین
3360000000,146,1404,3,5,2,1,1,1,خواجه ربیع
7890000000,146,1400,3,4,3,1,1,1,ویلاشهر
7000000000,146,1388,3,4,2,1,1,1,آزادشهر
5500000000,146,1385,3,4,3,0,1,1,هنرستان
6660000000,180,1403,3,5,1,1,1,1,الهیه
6500000000,147,1400,3,4,3,1,1,1,فرهنگیان (شهرک غرب)
6650000000,146,1402,3,4,4,1,1,1,الهیه
14500000000,147,1403,3,6,5,1,1,1,احمدآباد
6400000000,147,1402,3,6,4,1,1,1,الهیه
8200000000,147,1395,3,5,4,1,1,1,فرهنگ
5700000000,147,1401,3,3,3,1,1,1,الهیه
7800000000,147,1393,3,2,2,1,1,1,نیروی هوایی
7000000000,147,1403,3,6,6,1,1,1,ولیعصر (شهرک غرب)
5220000000,147,1404,3,6,3,1,1,1,نکاح
6500000000,147,1400,3,4,3,1,1,1,فرهنگیان (شهرک غرب)
7890000000,147,1400,3,5,3,1,1,1,الهیه
6100000000,147,1403,3,6,4,1,1,1,الهیه
6600000000,147,1403,3,4,4,1,1,1,الهیه
6250000000,147,1402,3,3,3,1,1,1,جاهد شهر
5740000000,147,1402,3,6,4,1,1,1,الهیه
13800000000,147,1404,3,6,5,1,1,1,احمدآباد
5350000000,147,1404,3,2,2,1,1,1,حسین‌آباد
10500000000,147,1404,3,1,1,1,1,1,هفت تیر (آب و برق)
6370000000,148,1403,3,6,2,1,1,1,الهیه
6400000000,148,1404,3,6,5,1,1,1,الهیه
6400000000,148,1404,3,3,3,1,1,1,جاهد شهر
10360000000,148,1403,3,5,2,1,1,1,حرم مطهر رضوی
5964000000,148,1400,3,2,2,1,1,1,الهیه
9650000000,148,1404,3,4,4,1,1,1,هنرستان
12600000000,148,1404,3,0,0,1,1,1,احمدآباد
7700000000,148,1393,3,4,3,1,1,1,اقبال
7500000000,148,1383,3,4,2,0,1,1,احمدآباد
7900000000,148,1391,3,3,3,1,1,1,آزادشهر
6500000000,148,1404,3,4,4,1,1,1,جاهد شهر
7992000000,148,1404,3,1,1,1,1,1,جاهد شهر
7000000000,148,1396,2,4,3,1,1,1,فارغ التحصیلان
7000000000,148,1403,3,2,2,1,1,1,الهیه
12600000000,150,1404,3,4,4,1,1,1,فرهنگ
7850000000,149,1394,3,4,4,1,1,0,هنرستان
7450000000,149,1404,3,4,4,1,1,1,جاهد شهر
9387000000,149,1404,3,3,3,1,1,1,خرمشهر
7800000000,149,1385,3,5,5,1,1,1,کوثر
10980000000,150,1403,3,2,2,1,1,1,رضاشهر
8900000000,150,1404,3,3,3,1,1,1,سعد آباد
4230000000,150,1400,2,7,4,1,1,1,جانباز
7200000000,150,1404,3,6,2,1,1,1,نرگس (شهرک غرب)
9150000000,150,1404,3,6,6,1,1,1,دانشجو
14000000000,150,1404,3,6,4,1,1,1,احمدآباد
4500000000,150,1390,2,3,0,0,1,1,الهیه
7850000000,150,1398,3,5,3,1,1,1,اقبال
7800000000,150,1403,3,5,3,1,1,1,الهیه
8000000000,150,1388,3,3,3,1,1,0,شهید فرامرز عباسی
6500000000,150,1388,3,4,3,1,1,1,شریف
10500000000,150,1404,3,2,2,1,1,1,سناباد
6900000000,150,1402,3,5,5,1,1,1,الهیه
6525000000,150,1404,3,5,1,1,1,1,الهیه
6990000000,150,1403,3,6,4,1,1,1,شهید مطهری
11500000000,150,1404,3,5,3,1,1,1,صیاد شیرازی
6300000000,150,1404,3,6,4,1,1,1,مشکینی (شهرک غرب)
5200000000,150,1376,3,4,4,0,1,1,هنرستان
6100000000,150,1404,3,6,3,1,1,1,الهیه
6850000000,150,1390,3,4,2,1,1,1,هفت تیر (آب و برق)
6000000000,150,1404,3,2,2,1,1,1,جاهد شهر
8900000000,150,1401,3,5,3,1,1,1,اقبال
4800000000,150,1404,2,7,7,1,1,1,جانباز
4800000000,150,1404,3,7,1,1,1,1,جانباز
9000000000,150,1404,3,5,2,1,1,1,کلاهدوز
6350000000,150,1399,3,5,2,1,1,1,شاهد (شهرک غرب)
6300000000,151,1404,3,5,3,1,1,1,الهیه
8750000000,150,1404,3,1,1,1,1,1,زیبا شهر
9900000000,150,1404,3,3,3,1,1,1,کلاهدوز
6100000000,150,1390,3,4,4,1,1,1,آزادشهر
11900000000,145,1403,3,2,2,1,1,1,آزادشهر
7800000000,142,1402,3,5,3,1,1,1,نیروی هوایی
12980000000,150,1404,3,6,5,1,1,1,نیروی هوایی
15900000000,150,1404,3,2,2,1,1,1,کوثر
14500000000,150,1404,3,3,3,1,1,1,کوثر
8500000000,150,1392,3,5,3,1,1,1,فرهنگ
6900000000,150,1404,3,4,4,1,1,1,امیریه
19800000000,150,1402,2,4,4,1,1,1,سجاد شهر
4500000000,150,1404,3,7,4,1,1,1,جانباز
6000000000,150,1404,3,3,3,1,1,1,امیریه
10250000000,150,1402,3,6,3,1,1,1,رضاشهر
10500000000,150,1404,3,6,3,1,1,1,فارغ التحصیلان
6100000000,150,1404,3,6,4,1,1,1,الهیه
13500000000,150,1404,3,6,1,1,1,1,کوه سنگی
9750000000,150,1404,3,6,6,1,1,1,هفت تیر (آب و برق)
5800000000,150,1402,3,5,2,1,1,1,الهیه
9000000000,150,1404,3,6,6,1,1,1,سید رضی
6400000000,150,1399,3,2,2,1,1,1,الهیه
6500000000,150,1404,3,10,3,1,1,1,الهیه
8700000000,150,1395,3,5,2,1,1,1,دانشجو
10700000000,148,1404,3,1,1,1,1,1,شریف
8000000000,150,1404,3,3,3,1,1,1,دانشجو
9500000000,150,1404,3,5,1,1,1,1,رضاشهر
14250000000,150,1403,3,6,2,1,1,1,احمدآباد
6100000000,150,1404,3,5,1,1,1,1,الهیه
6300000000,150,1404,3,6,6,1,1,1,الهیه
7250000000,150,1404,3,5,3,1,1,1,جاهد شهر
13990000000,150,1392,3,3,3,1,1,1,احمدآباد
8800000000,150,1404,3,5,5,1,1,1,آزادشهر
6150000000,150,1393,3,6,6,1,1,1,جانباز
8999000000,150,1404,3,4,4,1,1,1,سید رضی
7500000000,147,1396,3,4,4,1,1,1,کوثر
6000000000,150,1397,3,4,2,1,1,1,فرهنگیان (شهرک غرب)
8100000000,150,1392,3,4,3,1,1,1,آزادشهر
5700000000,150,1401,3,5,5,1,1,1,جاهد شهر
7390000000,150,1403,3,5,3,1,1,1,الهیه
12500000000,150,1404,3,6,3,1,1,1,صیاد شیرازی
12750000000,148,1385,3,6,6,1,1,1,احمدآباد
9700000000,150,1400,3,6,4,1,1,1,امام رضا (ع)
7250000000,150,1397,3,2,2,1,1,1,نیروی هوایی
12700000000,144,1403,2,2,2,1,1,1,هنرستان
13000000000,150,1403,3,5,5,1,1,1,کوثر
7600000000,147,1394,2,3,3,1,1,1,نیروی هوایی
5300000000,150,1382,3,2,2,0,1,1,نیروی هوایی
5880000000,150,1394,3,6,2,1,1,1,ولیعصر (شهرک غرب)
9500000000,150,1404,3,2,2,1,1,1,چهارچشمه
6675000000,150,1402,3,6,6,1,1,1,نرگس (شهرک غرب)
4980000000,150,1404,3,3,3,1,1,1,الهیه
9000000000,150,1404,3,6,1,1,1,1,سرافرازان
6000000000,150,1404,3,6,5,1,1,1,میعاد (شهرک غرب)
8800000000,150,1403,3,6,2,1,1,1,امام رضا (ع)
7700000000,150,1404,3,2,2,1,1,1,میعاد (شهرک غرب)
6150000000,150,1403,3,5,5,1,1,1,الهیه
8200000000,150,1404,3,4,4,1,1,1,الهیه
6300000000,160,1403,3,4,2,1,1,1,الهیه
7500000000,150,1404,3,6,6,1,1,1,الهیه
9750000000,150,1404,3,1,1,1,1,1,کوه سنگی
8500000000,150,1403,3,1,1,1,1,1,کوه سنگی
6750000000,150,1400,3,6,6,1,1,1,نرگس (شهرک غرب)
6350000000,150,1404,3,5,1,1,1,1,الهیه
7650000000,150,1403,3,3,3,1,1,1,حسابی جنوبی (شهرک غرب)
4000000000,150,1404,3,2,2,1,1,1,الهیه
6600000000,150,1404,3,5,1,1,1,1,الهیه
6250000000,150,1389,3,3,3,0,1,1,دانشجو
7300000000,150,1402,3,6,5,1,1,1,جاهد شهر
4250000000,150,1402,2,7,4,1,1,1,جانباز
9199000000,150,1401,3,4,4,1,1,1,امام رضا (ع)
5950000000,150,1398,3,5,5,1,1,1,جانباز
8550000000,150,1404,3,5,5,1,1,1,امام خمینی
7200000000,150,1404,3,5,5,1,1,1,کوی راد
6000000000,150,1404,3,6,4,1,1,1,الهیه
6500000000,150,1404,3,4,4,1,1,1,الهیه
6300000000,150,1404,3,4,1,1,1,1,امیریه
8800000000,150,1404,3,3,3,1,1,1,سید رضی
6750000000,150,1400,3,1,1,1,1,1,حسابی جنوبی (شهرک غرب)
6500000000,150,1387,3,4,3,0,1,1,فرهنگ
6200000000,150,1403,3,2,2,1,1,1,الهیه
20000,150,1404,3,2,2,1,1,1,الهیه
9500000000,150,1400,3,1,1,1,1,1,آبکوه
4250000000,150,1404,3,8,2,1,1,1,جانباز
5700000000,150,1404,3,2,2,1,1,1,الهیه
6600000000,150,1403,3,6,3,1,1,1,الهیه
4200000000,150,1403,2,7,7,1,1,1,جانباز
4230000000,150,1402,2,7,4,1,1,1,جانباز
3600000000,150,1403,3,5,1,1,1,1,نظام دوست
6700000000,150,1385,3,4,2,0,1,1,دانشجو
13900000000,150,1400,3,4,1,1,1,1,سجاد شهر
12990000000,153,1389,3,5,5,1,1,1,احمدآباد
6900000000,150,1401,3,4,4,1,1,1,الهیه
11400000000,150,1404,3,6,5,1,1,1,شهید فرامرز عباسی
11000000000,150,1382,3,2,2,1,1,1,سجاد شهر
7600000000,150,1392,3,5,1,1,1,1,هفت تیر (آب و برق)
11200000000,150,1404,3,6,3,1,1,1,آزادشهر
8000000000,150,1395,3,4,2,1,1,1,هفت تیر (حافظ)
8500000000,150,1404,3,5,4,1,1,1,صیاد شیرازی
8000000000,150,1387,3,4,3,1,1,0,شهید فرامرز عباسی
7050000000,150,1404,3,6,6,1,1,1,میعاد (شهرک غرب)
10250000000,150,1394,3,3,3,1,1,1,کوثر
5320000000,150,1404,3,6,3,1,1,1,هنرور
10500000000,150,1404,3,6,2,1,1,1,کوثر
7500000000,150,1397,3,1,1,1,1,1,فارغ التحصیلان
53500000000,150,1380,3,3,2,0,1,1,هفت تیر (حافظ)
12000000000,150,1404,3,5,5,1,1,1,رضاشهر
9200000000,150,1404,3,6,6,1,1,1,فرهنگ
6600000000,150,1404,3,6,5,1,1,1,الهیه
8700000000,150,1397,3,3,3,1,1,1,زمانه
7950000000,150,1395,3,4,4,1,1,1,هنرستان
4550000000,150,1404,3,4,4,1,1,1,کوی المهدی
6300000000,150,1399,3,2,2,1,1,1,شهرک رازی (شهرک غرب)
6300000000,150,1404,3,5,1,1,1,1,الهیه
4350000000,150,1404,3,5,1,1,1,1,جاهد شهر
13200000000,150,1404,3,5,5,1,1,1,کوثر
8700000000,150,1404,3,5,5,1,1,1,آزادشهر
6100000000,150,1403,3,6,4,1,1,1,الهیه
16000000000,150,1404,3,6,6,1,1,1,احمدآباد
18000000000,150,1403,3,5,5,1,1,1,سجاد شهر
7000000000,150,1396,3,5,5,1,1,1,اقبال
8850000000,150,1404,3,3,3,1,1,1,شهید رضوی
12590000000,153,1389,3,5,5,1,1,1,احمدآباد
12000000000,150,1404,3,5,5,1,1,1,احمدآباد
16500000000,150,1399,3,6,6,1,1,1,احمدآباد
9650000000,150,1404,3,6,6,1,1,1,هنرستان
10800000000,150,1404,3,5,4,1,1,1,هنرستان
5600000000,150,1385,3,2,2,0,1,1,هنرستان
11250000000,150,1404,3,1,1,1,1,1,کوثر
9750000000,150,1404,3,5,1,1,1,1,رضاشهر
4330000000,150,1400,2,7,4,1,1,1,جانباز
8350000000,150,1385,3,4,2,1,1,1,راهنمایی
9800000000,150,1404,3,6,6,1,1,1,حرم مطهر رضوی
7190000000,150,1404,3,5,3,1,1,1,الهیه
4750000000,150,1404,3,6,6,1,1,1,موسوی قوچانی
7500000000,150,1404,3,0,0,1,1,1,شهرآرا
6900000000,150,1397,3,5,5,1,1,1,فرهنگیان (شهرک غرب)
8500000000,150,1392,3,5,1,1,1,1,هنرستان
10200000000,150,1404,3,6,1,1,1,1,آزادشهر
5800000000,151,1403,3,5,5,1,1,1,جانباز
10700000000,151,1404,3,3,3,1,1,1,آزادشهر
5800000000,151,1404,3,1,1,1,1,1,نرگس (شهرک غرب)
7000000000,151,1393,3,4,4,1,1,1,هفت تیر (آب و برق)
9100000000,151,1400,3,4,4,1,1,1,امام رضا (ع)
12990000000,151,1390,4,5,5,1,1,1,احمدآباد
9000000000,151,1399,3,6,4,1,1,1,امام رضا (ع)
12000000000,151,1395,3,6,4,1,1,1,احمدآباد
5200000000,151,1404,3,6,5,1,1,1,گلبرگ شمالی
10500000000,151,1387,3,2,2,1,1,1,هنرستان
7550000000,152,1394,3,5,1,1,1,1,زیبا شهر
6200000000,152,1397,3,5,5,1,1,1,جانباز
6200000000,152,1402,3,6,1,1,1,1,سعد آباد
10500000000,152,1404,3,6,5,1,1,1,آزادشهر
5750000000,152,1403,3,6,3,1,1,1,الهیه
6800000000,152,1404,3,3,3,1,1,1,الهیه
7569000000,152,1404,3,5,3,1,1,1,فرهنگیان (شهرک غرب)
10500000000,153,1390,3,4,2,1,1,1,هنرستان
9100000000,152,1404,3,1,1,1,1,1,سید رضی
9700000000,160,1404,3,6,4,1,1,1,فرهنگ
6500000000,153,1401,3,5,4,1,1,1,الهیه
10000000000,153,1400,3,5,5,1,1,1,رضاشهر
7000000000,153,1403,3,5,5,1,1,1,ولیعصر (شهرک غرب)
4500000000,153,1404,3,7,6,1,1,1,شهید مطهری
10450000000,153,1404,3,5,4,1,1,1,شریف
5900000000,153,1401,3,3,3,1,1,1,الهیه
6450000,157,1384,3,4,4,0,1,1,راهنمایی
10500000000,154,1404,3,6,1,1,1,1,دانشجو
9100000000,153,1404,3,6,5,1,1,1,آزادشهر
10500000000,153,1404,3,6,3,1,1,1,سید رضی
10850000000,153,1402,3,6,1,1,1,1,هنرستان
11000000000,136,1385,2,0,0,1,1,1,سجاد شهر
10500000000,153,1403,3,5,5,1,1,1,حرم مطهر رضوی
7320000000,153,1403,3,12,12,1,1,1,حسابی جنوبی (شهرک غرب)
6050000000,154,1386,2,3,2,0,1,1,صیاد شیرازی
11480000000,154,1400,3,5,5,1,1,1,کوثر
7250000000,154,1403,3,5,5,1,1,1,شهرک رازی (شهرک غرب)
7000000000,154,1385,3,1,1,0,1,0,فردوسی
9200000000,155,1401,3,6,5,1,1,1,فرهنگ
8100000000,155,1403,3,6,6,1,1,1,چهارچشمه
13000000000,155,1404,3,5,5,1,1,1,شهید فرامرز عباسی
6500000000,155,1403,3,6,2,1,1,1,الهیه
15280000000,155,1404,3,6,3,1,1,1,فرهنگ
7400000000,155,1385,3,3,2,0,1,1,هنرستان
8900000000,155,1403,3,5,5,1,1,1,امام رضا (ع)
6400000000,155,1390,3,4,3,0,1,1,آزادشهر
7440000000,155,1404,3,1,1,1,1,1,ولیعصر (شهرک غرب)
10000000000,155,1402,3,2,2,1,1,1,رضاشهر
9200000000,155,1402,3,5,5,1,1,1,شهید فرامرز عباسی
10850000000,155,1404,3,6,5,1,1,1,آزادشهر
6150000000,155,1404,3,5,1,1,1,1,الهیه
7100000000,155,1402,3,5,5,1,1,1,ولیعصر (شهرک غرب)
7400000000,155,1400,3,3,3,1,1,1,الهیه
5850000000,155,1393,3,4,2,1,1,1,ولیعصر (شهرک غرب)
7900000000,155,1390,3,4,2,1,1,1,رضاشهر
11690000000,155,1404,3,3,3,1,1,1,آزادشهر
7250000000,155,1403,3,4,4,1,1,1,میعاد (شهرک غرب)
5000000000,155,1404,3,7,7,1,1,1,حجت
12500000000,155,1404,3,3,3,1,1,1,رضاشهر
5750000000,155,1403,3,5,5,1,1,1,الهیه
6100000000,155,1403,3,6,2,1,1,1,الهیه
8500000000,155,1404,3,6,6,1,1,1,زیبا شهر
10600000000,155,1404,3,6,3,1,1,1,آزادشهر
10350000000,155,1404,3,4,4,1,1,1,فارغ التحصیلان
13950000000,155,1404,3,6,6,1,1,1,کوثر
11600000000,155,1404,3,4,4,1,1,1,شهید فرامرز عباسی
11500000000,155,1404,3,4,6,1,1,1,آزادشهر
6200000000,155,1404,3,6,4,1,1,1,الهیه
6550000000,155,1404,3,6,4,1,1,1,شهرک رازی (شهرک غرب)
4930000000,155,1403,3,7,5,1,1,1,عبادی
8600000000,155,1398,3,1,1,1,1,1,سید رضی
8700000000,155,1386,3,3,1,0,1,1,دانشجو
6500000000,155,1404,3,5,3,1,1,1,امیریه
5800000000,155,1404,3,5,5,1,1,1,الهیه
12400000000,155,1404,3,1,1,1,1,1,امام رضا (ع)
6350000000,155,1404,3,6,3,1,1,1,امیریه
9300000000,155,1404,3,4,3,1,1,1,شریف
10500000000,155,1403,3,6,4,1,1,1,شریف
6000000000,155,1404,3,6,4,1,1,1,الهیه
9300000000,155,1404,3,6,4,1,1,1,دانشجو
6100000000,155,1401,3,5,4,1,1,1,الهیه
6650000000,155,1404,3,6,6,1,1,1,حسابی جنوبی (شهرک غرب)
7900000000,155,1404,3,5,2,1,1,1,الهیه
8800000000,155,1404,3,6,2,1,1,1,شهید رضوی
10500000000,155,1403,3,6,5,1,1,1,احمدآباد
10150000000,155,1404,3,6,3,1,1,1,فارغ التحصیلان
9900000000,155,1398,3,6,4,1,1,1,آزادشهر
5799000000,155,1394,3,1,1,1,1,1,فرهنگیان (شهرک غرب)
13400000000,155,1404,3,2,2,1,1,1,دانشجو
17900000000,155,1404,3,3,3,1,1,1,احمدآباد
7800000000,155,1400,3,6,6,1,1,1,شهید رضوی
12890000000,155,1404,3,6,5,1,1,1,فرهنگ
12100000000,155,1396,3,5,5,1,1,1,کوثر
8650000000,155,1404,3,2,2,1,1,1,دانشجو
12900000000,155,1404,3,5,5,1,1,1,فرهنگ
7700000000,155,1404,3,6,6,1,1,1,الهیه
8850000000,155,1404,3,5,2,1,1,1,صیاد شیرازی
8200000000,155,1404,3,6,6,1,1,1,زیبا شهر
12860000000,155,1404,3,5,5,1,1,1,فرهنگ
8835000000,155,1404,3,6,2,1,1,1,آزادشهر
12400000000000,155,1404,3,5,5,1,1,1,فرهنگ
10100000000,155,1404,3,6,5,1,1,1,دانشجو
7700000000,155,1404,3,6,1,1,1,1,شهرک لشکر (شهرک غرب)
8850000000,155,1404,3,6,2,1,1,1,زیبا شهر
10700000000,155,1404,3,6,6,1,1,1,سناباد
8000000000,151,1404,3,6,5,1,1,1,پروین اعتصامی
6900000000,155,1403,3,3,3,1,1,1,الهیه
7900000000,155,1400,3,3,3,1,1,1,سید رضی
8870000000,155,1403,3,6,5,1,1,1,آزادشهر
8150000000,155,1400,3,6,6,1,1,1,سید رضی
5750000000,155,1387,3,6,3,0,1,1,سرافرازان
13490000000,155,1404,3,4,4,1,1,1,شهید فرامرز عباسی
8600000000,155,1404,3,5,5,1,1,1,الهیه
10500000000,155,1403,3,6,1,1,1,1,فرهنگ
10800000000,155,1404,3,6,1,1,1,1,شریف
11700000000,155,1404,3,6,4,1,1,1,فردوسی
5900000000,155,1404,3,5,5,1,1,1,الهیه
11700000000,155,1404,3,6,3,1,1,1,فرهنگ
13950000000,155,1404,3,6,6,1,1,1,کوثر
6400000000,155,1403,3,6,3,1,1,1,الهیه
6500000000,155,1403,3,5,4,1,1,1,الهیه
10500000000,155,1403,3,6,6,1,1,1,آزادشهر
11300000000,155,1403,3,6,2,1,1,1,فرهنگ
11700000000,155,1404,3,6,2,1,1,1,فرهنگ
12900000000,155,1404,3,6,3,1,1,1,فرهنگ
11200000000,155,1404,3,6,5,1,1,1,دانشجو
18600000000,155,1403,3,4,4,1,1,1,کوثر
14000000000,155,1393,3,3,3,1,1,1,کوثر
8700000000,155,1404,3,2,2,1,1,1,الهیه
13700000000,155,1391,3,3,3,1,1,1,کوثر
4850000000,155,1404,3,3,3,1,1,1,موسوی قوچانی
3850000000,155,1404,2,7,4,1,1,1,امیر
12000000000,155,1404,3,5,5,1,1,1,رضاشهر
7597000000,155,1404,3,1,1,1,1,1,شهرک لشکر (شهرک غرب)
5850000000,155,1403,3,5,5,1,1,1,الهیه
9900000000,155,1404,3,6,5,1,1,1,آزادشهر
11500000000,155,1404,3,4,4,1,1,1,هنرستان
9450000000,155,1404,3,6,4,1,1,1,دانشجو
9450000000,153,1404,3,6,3,1,1,1,سید رضی
9000000000,155,1398,3,5,5,1,1,1,الهیه
6200000000,155,1402,3,3,3,1,1,1,الهیه
7450000000,156,1403,3,2,2,1,1,1,جاهد شهر
4960000000,155,1394,3,4,4,1,1,0,الهیه
7700000000,155,1383,3,3,2,0,1,1,هنرستان
10990000000,155,1404,3,2,2,1,1,1,سید رضی
13300000000,155,1404,3,6,6,1,1,1,آزادشهر
10850000000,155,1404,3,5,4,1,1,1,هفت تیر (حافظ)
22000000000,155,1404,3,1,1,1,1,1,ملک‌آباد
10550000000,155,1404,1,12,4,1,1,1,شریف
10550000000,155,1404,3,6,4,1,1,1,شریف
11700000000,155,1404,3,6,4,1,1,1,آزادشهر
8500000000,155,1404,3,4,4,1,1,1,صیاد شیرازی
10190000000,155,1385,3,1,1,0,1,1,احمدآباد
13000000000,155,1403,3,2,2,1,1,1,شهید فرامرز عباسی
9630000000,155,1404,3,4,4,1,1,1,دانشجو
7440000000,155,1404,3,1,1,1,1,1,شهرک لشکر (شهرک غرب)
5390000000,155,1404,3,3,3,1,1,1,هنرور
9500000000,155,1404,3,6,1,1,1,1,دانشجو
7000000000,155,1403,3,5,0,1,1,1,الهیه
9300000000,155,1404,3,6,2,1,1,1,دانشجو
13100000000,155,1393,3,4,3,1,1,1,فلسطین
6500000000,155,1404,3,6,4,1,1,1,الهیه
9500000000,155,1402,3,6,2,1,1,1,سید رضی
12200000000,155,1403,3,5,5,1,1,1,هنرستان
8400000000,155,1404,3,5,5,1,1,1,سید رضی
11500000000,155,1396,3,4,0,1,1,1,هنرستان
8680000000,155,1404,3,6,3,1,1,1,آزادشهر
6900000000,155,1404,3,5,5,1,1,1,الهیه
10800000000,155,1404,3,3,3,1,1,1,اقبال
4880000000,155,1404,3,5,5,1,1,1,شهید مطهری
9000000000,155,1404,3,1,1,1,1,1,سید رضی
9350000000,156,1395,3,5,3,1,1,1,هنرستان
10200000000,156,1401,3,5,3,1,1,1,فارغ التحصیلان
7500000000,156,1404,3,5,2,1,1,1,الهیه
12990000000,156,1404,3,5,5,1,1,1,فرهنگ
10530000000,156,1404,3,6,4,1,1,1,سناباد
10920000000,156,1404,3,4,4,1,1,1,آزادشهر
6400000000,156,1404,3,6,3,1,1,1,امیریه
8736000000,156,1399,3,5,1,1,1,1,آزادشهر
11500000000,156,1395,3,4,0,1,1,1,هنرستان
6990000000,156,1402,3,6,5,1,1,1,شاهد (شهرک غرب)
9450000000,156,1404,3,6,4,1,1,1,آزادشهر
9700000000,156,1404,3,6,4,1,1,1,آزادشهر
11500000000,156,1397,3,5,0,1,1,1,هنرستان
8350000000,157,1404,3,6,6,1,1,1,زیبا شهر
10000000000,157,1403,3,6,6,1,1,1,آزادشهر
6700000000,157,1403,3,6,2,1,1,1,مشکینی (شهرک غرب)
8100000000,157,1402,3,6,4,1,1,1,زیبا شهر
10650000000,157,1404,3,2,2,1,1,1,رضاشهر
11700000000,157,1402,3,5,5,1,1,1,رضاشهر
8300000000,157,1396,3,6,6,1,1,1,سید رضی
10900000000,155,1404,3,2,2,1,1,1,آزادشهر
9800000000,157,1398,3,5,4,1,1,1,امام رضا (ع)
11850000000,157,1404,3,6,3,1,1,1,آزادشهر
6230000000,157,1402,3,3,3,1,1,1,الهیه
4970000000,157,1404,3,3,3,1,1,1,شهید مطهری
6950000000,157,1403,3,3,3,1,1,1,الهیه
6215000000,157,1401,3,3,3,1,1,1,الهیه
6800000000,157,1403,3,6,3,1,1,1,الهیه
9650000000,157,1404,3,6,1,1,1,1,آزادشهر
6350000000,157,1402,3,2,2,1,1,1,الهیه
7100000000,157,1399,3,4,4,1,1,1,الهیه
9250000000,157,1392,3,3,2,1,1,1,رضاشهر
7000000000,157,1404,3,5,3,1,1,1,الهیه
5400000000,157,1404,3,6,1,1,1,1,موسوی قوچانی
10900000000,157,1400,3,6,5,1,1,1,فرهنگ
14700000000,170,1398,3,3,3,1,1,1,کوثر
6100000000,158,1398,3,3,3,1,1,1,امامیه (شهرک غرب)
10200000000,158,1403,3,4,4,1,1,1,دانشجو
5950000000,158,1404,3,5,5,1,1,1,الهیه
9500000000,158,1404,3,6,5,1,1,1,سید رضی
9200000000,158,1404,3,5,5,1,1,1,آزادشهر
6800000000,158,1404,3,3,3,1,1,1,الهیه
9900000000,158,1400,3,3,3,1,1,1,کوثر
9800000000,158,1403,3,2,2,1,1,1,آزادشهر
10200000000,158,1403,3,6,3,1,1,1,فرهنگ
6320000000,158,1401,3,5,2,1,1,1,الهیه
6950000000,158,1404,3,6,4,1,1,1,الهیه
8268000000,159,1404,3,6,6,1,1,1,جاهد شهر
9120000000,159,1404,3,5,5,1,1,1,خرمشهر
38000000000,300,1404,0,4,4,1,1,0,آیت الله خامنه‌ای
10490000000,160,1393,3,2,2,1,1,1,فرهنگ
14400000000,160,1404,3,6,3,1,1,1,جانباز
11200000000,160,1404,3,3,3,1,1,1,آزادشهر
9850000000,160,1404,3,5,3,1,1,1,هفت تیر (حافظ)
9600000000,160,1404,3,6,1,1,1,1,آزادشهر
9200000000,160,1404,3,6,3,1,1,1,دانشجو
8500000000,160,1402,3,3,3,1,1,1,امام رضا (ع)
11500000000,160,1404,3,2,2,1,1,1,صیاد شیرازی
10100000000,160,1404,3,6,1,1,1,1,رضاشهر
18200000000,160,1404,3,3,3,1,1,1,کوثر
9900000000,160,1392,3,5,3,1,1,1,آزادشهر
9900000000,160,1404,3,6,2,1,1,1,شریف
7280000000,160,1404,3,6,4,1,1,1,الهیه
8500000000,160,1403,3,6,0,1,1,1,جاهد شهر
10500000000,160,1404,3,1,1,1,1,1,آزادشهر
13500000000,160,1390,3,3,3,1,1,1,سجاد شهر
13400000000,160,1404,3,6,6,1,1,1,فرهنگ
8320000000,160,1404,3,6,4,1,1,1,جاهد شهر
5950000000,160,1404,3,4,4,1,1,1,حجت
9750000000,160,1403,3,3,3,1,1,1,آزادشهر
16300000000,160,1404,3,6,3,1,1,1,آزادشهر
9000000000,160,1404,3,5,5,1,1,1,صیاد شیرازی
8000000000,160,1388,3,2,2,1,1,1,فردوسی
13600000000,160,1403,3,6,3,1,1,1,فرهنگ
9700000000,160,1403,3,5,1,1,1,1,شریف
11000000000,160,1404,3,5,4,1,1,1,هنرستان
8100000000,160,1403,3,6,1,1,1,1,کوشش
12100000000,160,1402,3,6,4,1,1,1,آزادشهر
6700000000,160,1401,3,2,2,1,1,1,جاهد شهر
8100000000,160,1402,3,5,3,1,1,1,هفت تیر (آب و برق)
7900000000,160,1399,3,6,6,1,1,1,شهید رضوی
8000000000,160,1404,3,6,3,1,1,1,حسابی جنوبی (شهرک غرب)
9000000000,160,1385,3,4,4,1,1,1,احمدآباد
12000000000,160,1404,3,3,3,1,1,1,فرهنگ
9280000000,160,1404,3,4,4,1,1,1,سید رضی
10240000000,160,1404,3,6,4,1,1,1,آزادشهر
6250000000,157,1402,3,4,4,1,1,1,شهرک رازی (شهرک غرب)
11100000000,158,1404,3,6,4,1,1,1,آزادشهر
8100000000,155,1394,3,5,5,1,1,1,آزادشهر
9300000000,160,1404,3,5,5,1,1,1,آزادشهر
8000000000,160,1404,3,6,2,1,1,1,آزادشهر
8160000000,160,1404,3,6,6,1,1,1,زیبا شهر
10000000000,160,1404,3,1,1,1,1,1,چهارچشمه
12000000000,160,1404,3,1,1,1,1,1,دانشجو
8700000000,160,1404,3,3,3,1,1,1,اقبال
11500000000,160,1404,3,6,6,1,1,1,شهید فرامرز عباسی
6250000000,160,1403,3,6,5,1,1,1,الهیه
6430000000,160,1404,3,2,2,1,1,1,الهیه
7480000000,95,1396,2,4,4,1,1,1,وکیل‌آباد
6500000000,160,1404,3,6,5,1,1,1,میعاد (شهرک غرب)
11000000000,160,1404,3,6,1,1,1,1,دانشجو
10670000000,160,1404,3,4,4,1,1,1,آزادشهر
6150000000,160,1404,3,5,3,1,1,1,الهیه
8800000000,160,1404,3,6,5,1,1,1,شهید رضوی
11800000000,160,1404,1,6,2,1,1,1,فرهنگ
10380000000,160,1395,3,6,3,1,1,1,رضاشهر
7500000000,160,1404,3,6,2,1,1,1,میعاد (شهرک غرب)
9200000000,160,1400,3,5,2,1,1,1,فرهنگ
12400000000,160,1404,3,5,5,1,1,1,رضاشهر
8750000000,163,1403,3,2,2,1,1,1,امام خمینی
7750000000,160,1398,3,6,1,1,1,1,آزادشهر
13000000000,160,1404,3,6,5,1,1,1,آزادشهر
12600000000,160,1404,3,5,2,1,1,1,هفت تیر (حافظ)
11500000000,160,1400,3,5,5,1,1,1,رضاشهر
6400000000,160,1404,3,1,1,1,1,1,الهیه
6950000000,160,1404,3,5,5,1,1,1,آزادشهر
8750000000,160,1397,3,5,1,1,1,1,سید رضی
6700000000,160,1402,3,6,6,1,1,1,الهیه
12500000000,160,1404,3,5,5,1,1,1,دانشجو
10300000000,160,1404,3,6,2,1,1,1,سید رضی
9700000000,160,1404,3,3,3,1,1,1,دانشجو
10800000000,160,1404,3,6,3,1,1,1,آزادشهر
14400000000,160,1404,3,6,2,1,1,1,دانشجو
7900000000,160,1404,3,5,3,1,1,1,جاهد شهر
21000000000,160,1403,3,3,3,1,1,1,ملک‌آباد
7200000000,160,1404,3,6,6,1,1,1,الهیه
2400000000,160,1401,2,4,1,1,0,1,نوید
15500000000,160,1403,3,6,2,1,1,1,آزادشهر
12320000000,160,1404,3,4,4,1,1,1,فرهنگ
14200000000,157,1394,3,3,3,1,1,1,ملک‌آباد
13900000000,160,1403,3,6,5,1,1,1,فرهنگ
6850000000,160,1403,3,6,5,1,1,1,امیریه
12300000000,160,1404,3,6,1,1,1,1,فرهنگ
16000000000,160,1404,3,5,5,1,1,1,فرهنگ
9750000000,1603,1404,3,1,1,1,1,1,آزادشهر
15900000000,160,1402,3,5,5,1,1,1,احمدآباد
9850000000,160,1404,3,6,5,1,1,1,آزادشهر
12800000000,160,1404,3,6,5,1,1,1,فرهنگ
14240000000,160,1404,3,5,5,1,1,1,فرهنگ
9400000000,160,1404,3,5,5,1,1,1,زیبا شهر
4420000000,160,1403,3,4,4,1,1,1,موسوی قوچانی
10000000000,160,1404,3,3,3,1,1,1,رضاشهر
7200000000,160,1403,3,6,1,1,1,1,نرگس (شهرک غرب)
6490000000,160,1387,3,4,2,0,1,1,رضاشهر
11300000000,160,1404,3,4,4,1,1,1,آیت الله کاشانی
9000000000,160,1402,3,5,5,1,1,1,فرهنگ
8800000000,160,1404,3,4,4,1,1,1,آزادشهر
9600000000,160,1403,3,6,6,1,1,1,زیبا شهر
10880000000,160,1404,3,6,5,1,1,1,سید رضی
11200000000,160,1404,3,6,1,1,1,1,سید رضی
11900000000,160,1404,3,5,2,1,1,1,شهید فرامرز عباسی
17000000000,160,1403,3,6,5,1,1,1,کوثر
7800000000,160,1404,3,4,4,1,1,1,الهیه
10080000000,160,1404,3,6,2,1,1,1,امام رضا (ع)
8800000000,160,1394,3,4,2,1,1,1,امام رضا (ع)
7250000000,163,1400,3,5,3,1,1,1,الهیه
9300000000,160,1404,3,6,6,1,1,1,امام رضا (ع)
6700000000,160,1402,3,6,6,1,1,1,الهیه
9250000000,160,1403,3,6,6,1,1,1,آزادشهر
11500000000,160,1404,3,6,2,1,1,1,فردوسی
7100000000,160,1404,3,6,6,1,1,1,الهیه
10400000000,165,1404,3,5,2,1,1,1,رضاشهر
8300000000,160,1401,3,6,3,1,1,1,آزادشهر
8800000000,160,1404,3,6,4,1,1,1,زیبا شهر
7680000000,160,1402,2,6,6,1,1,1,شهرک رازی (شهرک غرب)
5550000000,160,1404,3,5,5,1,1,1,شهید مطهری
7700000000,160,1403,3,5,3,1,1,1,جاهد شهر
14500000000,160,1404,3,6,1,1,1,1,فرهنگ
11000000000,160,1401,3,6,3,1,1,1,هنرستان
6100000000,160,1404,3,5,3,1,1,1,امیریه
24000000000,160,1404,3,2,2,1,1,1,هنرستان
12800000000,160,1398,3,5,3,1,1,1,هنرستان
9000000000,161,1404,3,6,1,1,1,1,آزادشهر
6450000000,160,1399,3,4,4,1,1,1,شهرک رازی (شهرک غرب)
5990000000,160,1403,3,6,2,1,1,1,الهیه
75000000000,1001,1404,3,6,4,1,1,1,آزادشهر
13200000000,160,1404,3,3,3,1,1,1,فرهنگ
11500000000,160,1404,3,2,1,1,1,1,گوهرشاد
10000000000,160,1404,3,6,4,1,1,1,آزادشهر
9500000000,160,1403,3,6,6,1,1,1,آزادشهر
8900000000,160,1401,3,2,2,1,1,1,آزادشهر
7150000000,160,1392,3,4,4,1,1,1,زیبا شهر
10000000000,160,1404,3,6,2,1,1,1,آزادشهر
7200000000,160,1404,3,5,1,1,1,1,الهیه
5760000000,160,1404,3,5,5,1,1,1,الهیه
10500000000,160,1404,3,5,5,1,1,1,شریف
6400000000,160,1400,3,5,4,1,1,1,الهیه
9550000000,160,1401,3,3,3,1,1,1,فارغ التحصیلان
9300000000,160,1392,3,6,3,1,1,1,هنرستان
20000000000,160,1402,3,2,2,1,1,1,سجاد شهر
9500000,160,1388,3,2,2,0,1,1,فرهنگ
8640000000,160,1404,3,6,3,1,1,1,الهیه
10600000000,160,1404,3,6,4,1,1,1,دانشجو
9300000000,160,1404,3,3,3,1,1,1,جاهد شهر
9164000000,160,1404,3,1,1,1,1,1,فرهنگ
14000000000,157,1390,3,4,4,1,1,1,سجاد شهر
7600000000,160,1400,3,3,3,1,1,1,الهیه
7680000000,160,1403,3,4,4,1,1,1,الهیه
10850000000,160,1404,3,6,6,1,1,1,سید رضی
7690000000,160,1403,3,6,4,1,1,1,ولیعصر (شهرک غرب)
9250000000,160,1404,3,2,2,1,1,1,شریف
10000000000,160,1404,3,2,2,1,1,1,رضاشهر
6880000000,160,1402,3,5,3,1,1,1,الهیه
8290000000,160,1402,3,4,4,1,1,1,نیروی هوایی
4350000000,160,1404,3,6,6,1,1,1,هنرور
11700000000,160,1403,3,6,4,1,1,1,آزادشهر
10400000000,160,1404,3,6,5,1,1,1,سید رضی
7900000000,160,1401,3,6,6,1,1,1,آزادشهر
6570000000,160,1404,3,6,6,1,1,1,شهرک رازی (شهرک غرب)
12300000000,160,1403,3,6,1,1,1,1,وکیل‌آباد
9600000000,160,1404,3,6,3,1,1,1,سید رضی
7200000000,160,1404,3,4,4,1,1,1,فرهنگیان (شهرک غرب)
11200000000,160,1404,3,6,5,1,1,1,رضاشهر
10550000000,160,1404,3,6,5,1,1,1,آزادشهر
8400000000,160,1392,3,3,3,1,1,1,امام رضا (ع)
11500000000,160,1404,3,5,5,1,1,1,دانشجو
14250000000,160,1404,3,6,5,1,1,1,فرهنگ
7600000000,160,1400,3,6,3,1,1,1,جاهد شهر
6130000000,160,1394,3,4,1,1,0,1,تربیت (صدف)
10100000000,160,1404,3,6,1,1,1,1,آزادشهر
1600000000,160,1404,2,4,3,0,0,0,نظام دوست
13000000000,160,1404,3,5,5,1,1,1,آزادشهر
13150000000,160,1403,3,6,1,1,1,1,وکیل‌آباد
12950000000,160,1404,3,6,6,1,1,1,فرهنگ
15500000000,160,1404,3,6,6,1,1,1,فرهنگ
3600000000,160,1392,3,0,0,1,1,1,زمرد
10350000000,160,1404,3,6,2,1,1,1,آزادشهر
12700000000,160,1404,3,2,2,1,1,1,فرهنگ
11200000000,160,1403,3,3,3,1,1,1,هفت تیر (حافظ)
9100000000,160,1404,3,2,2,1,1,1,هفت تیر (حافظ)
7500000000,160,1404,3,3,3,1,1,1,جاهد شهر
4900000000,160,1404,2,5,5,1,1,1,کوی سیدی
89500000000,160,1404,3,6,3,1,1,1,سید رضی
10200000000,160,1404,3,5,3,1,1,1,هفت تیر (حافظ)
10080000000,160,1404,3,6,2,1,1,1,خرمشهر
9400000000,160,1404,3,6,3,1,1,1,فرهنگ
9600000000,160,1404,3,6,1,1,1,1,سید رضی
16800000000,160,1404,3,3,3,1,1,1,سجاد شهر
10880000000,160,1404,3,5,5,1,1,1,آزادشهر
10400000000,160,1404,3,2,2,1,1,1,آزادشهر
11300000000,160,1404,3,2,2,1,1,1,دانشجو
12200000000,160,1404,3,6,3,1,1,1,سید رضی
9500000000,160,1404,3,6,5,1,1,1,سید رضی
9200000000,165,1404,3,4,4,1,1,1,آزادشهر
9200000000,165,1404,3,4,4,1,1,1,آزادشهر
4890000000,160,1404,3,7,3,1,1,1,فدک
7900000000,160,1385,3,2,2,0,1,1,شهید فرامرز عباسی
10430000000,160,1399,3,6,1,1,1,1,فرهنگ
8900000000,160,1394,3,6,2,1,1,1,زیبا شهر
12000000000,160,1404,3,4,4,1,1,1,فرهنگ
14400000000,160,1404,3,6,4,1,1,1,دانشجو
13550000000,160,1404,3,3,3,1,1,1,فرهنگ
15990000000,156,1402,3,4,4,1,1,1,احمدآباد
11700000000,160,1404,3,6,3,1,1,1,اقبال
5920000000,160,1404,3,3,3,1,1,1,الهیه
14400000000,160,1404,3,5,5,1,1,1,فرهنگ
9600000000,165,1403,3,6,3,1,1,1,هنرستان
17000000000,160,1401,3,3,3,1,1,1,سجاد شهر
9600000000,160,1404,3,5,1,1,1,1,چهارچشمه
9450000000,160,1398,3,2,3,1,1,1,هنرستان
16000000000,160,1404,3,3,3,1,1,1,هنرستان
11000000000,160,1404,3,3,3,1,1,1,هنرستان
8300000000,160,1404,3,4,4,1,1,1,الهیه
9650000000,160,1404,3,5,5,1,1,1,سید رضی
4800000000,160,1403,2,0,0,1,1,1,شهید مطهری
25600000000,160,1402,3,5,4,1,1,1,سجاد شهر
8000000000,160,1404,3,3,3,1,1,1,استاد یوسفی (شهرک غرب)
5150000000,160,1400,3,7,3,1,1,1,جانباز
12800000000,160,1404,3,6,5,1,1,1,امام رضا (ع)
10500000000,160,1404,3,6,5,1,1,1,حرم مطهر رضوی
6400000000,160,1402,3,4,4,1,1,1,الهیه
8800000000,160,1400,3,6,3,1,1,1,فارغ التحصیلان
5920000000,160,1403,3,4,4,1,1,1,امیریه
5000000000,160,1403,3,2,2,1,1,1,جانباز
9480000000,160,1393,3,6,3,1,1,1,هنرستان
4500000000,160,1403,3,4,4,1,1,1,امیر
10600000000,160,1404,3,3,3,1,1,1,آزادشهر
6250000000,160,1403,3,3,3,1,1,1,الهیه
5100000000,160,1403,3,8,4,1,1,1,جانباز
6200000000,161,1403,3,3,3,1,1,1,الهیه
16950000000,161,1404,3,5,3,1,1,1,سجاد شهر
10000000000,161,1404,3,6,3,1,1,1,آزادشهر
6750000000,161,1403,3,6,6,1,1,1,نرگس (شهرک غرب)
6750000000,161,1398,3,3,3,1,1,1,شهرک رازی (شهرک غرب)
8800000000,161,1395,3,4,4,1,1,1,دانشجو
6200000000,161,1400,3,2,2,1,1,1,الهیه
7300000000,161,1391,3,5,2,1,1,1,آزادشهر
8550000000,161,1403,3,3,3,1,1,1,جاهد شهر
8650000000,161,1403,3,12,3,1,1,1,جاهد شهر
10000000000,161,1404,3,6,6,1,1,1,سید رضی
6900000000,161,1392,3,4,4,1,1,1,تربیت (صدف)
8600000000,161,1402,3,3,3,1,1,1,زیبا شهر
7452000000,162,1403,3,5,5,1,1,1,فرهنگیان (شهرک غرب)
6500000000,162,1397,3,5,5,1,1,1,رضاشهر
8740000000,162,1403,3,3,3,1,1,1,صیاد شیرازی
10100000000,162,1399,3,1,1,1,1,1,آزادشهر
6450000000,162,1394,3,4,2,1,1,1,فرهنگیان (شهرک غرب)
10500000000,162,1404,3,2,2,1,1,1,آزادشهر
12100000000,162,1404,3,5,5,1,1,1,دانشجو
7300000000,162,1398,3,4,4,1,1,1,الهیه
9368000000,162,1404,3,5,5,1,1,1,زیبا شهر
9100000000,162,1394,3,5,5,1,1,1,سید رضی
11340000000,162,1403,3,6,6,1,1,1,آزادشهر
12960000000,162,1404,3,6,6,1,1,1,آزادشهر
13770000000,162,1404,3,4,4,1,1,1,آزادشهر
11000000000,162,1395,3,2,2,1,1,1,هنرستان
9000000000,162,1403,3,6,1,1,1,1,کوه سنگی
13790000000,163,1403,3,6,4,1,1,1,فرهنگ
6700000000,163,1404,3,6,3,1,1,1,الهیه
10300000000,163,1404,3,2,2,1,1,1,سید رضی
13800000000,163,1404,3,6,1,1,1,1,امام رضا (ع)
8950000000,163,1403,3,6,3,1,1,1,امام خمینی
11900000000,163,1403,3,6,6,1,1,1,امام رضا (ع)
9220000000,163,1403,3,6,6,1,1,1,سید رضی
10500000000,163,1404,3,6,3,1,1,1,آزادشهر
11000000000,163,1404,3,6,3,1,1,1,دانشجو
8800000000,163,1404,3,6,4,1,1,1,زیبا شهر
7200000000,163,1395,3,4,3,1,1,1,فرهنگیان (شهرک غرب)
6400000000,163,1404,3,4,4,1,1,1,الهیه
6650000000,163,1403,3,3,3,1,1,1,الهیه
16300000000,163,1404,3,1,1,1,1,1,آزادشهر
7500000000,163,1399,3,6,5,1,1,1,جاهد شهر
4400000000,163,1400,3,8,6,1,1,1,جانباز
10500000000,163,1391,3,5,4,1,1,1,کوثر
8900000000,163,1398,3,1,1,1,1,1,آزادشهر
8965000000,163,1398,3,6,1,1,1,1,آزادشهر
10200000000,163,1404,3,6,1,1,1,1,آزادشهر
7700000000,164,1403,3,5,3,1,1,1,الهیه
7199000000,163,1380,3,2,1,0,1,1,ارشاد
9150000000,164,1389,3,4,3,1,1,1,آزادشهر
7800000000,164,1393,3,5,4,1,1,1,آزادشهر
12260000000,164,1404,3,6,6,1,1,1,دانشجو
9500000000,164,1404,3,6,2,1,1,1,آزادشهر
9200000000,164,1394,3,6,1,1,1,1,فرهنگ
10800000000,165,1404,3,6,2,1,1,1,سید رضی
11000000000,165,1404,3,6,5,1,1,1,دانشجو
12400000000,165,1403,3,2,2,1,1,1,فرهنگ
11380000000,165,1404,3,5,2,1,1,1,رضاشهر
12900000000,165,1404,3,6,1,1,1,1,فرهنگ
12350000000,160,1404,3,1,1,1,1,1,آزادشهر
14800000000,165,1403,3,5,5,1,1,1,فرهنگ
11500000000,165,1403,3,6,1,1,1,1,امام رضا (ع)
11500000000,165,1404,3,6,1,1,1,1,هنرستان
12370000000,165,1404,3,6,4,1,1,1,سید رضی
14850000000,165,1404,3,6,5,1,1,1,چهارچشمه
11000000000,165,1402,3,6,2,1,1,1,چهارچشمه
7450000000,165,1404,3,5,5,1,1,1,الهیه
4400000000,165,1404,3,8,8,1,1,1,جانباز
11550000000,165,1404,3,6,4,1,1,1,آزادشهر
7200000000,165,1404,3,5,1,1,1,1,الهیه
12400000000,165,1404,3,5,5,1,1,1,رضاشهر
5960000000,165,1404,3,3,3,1,1,1,الهیه
24000000000,165,1404,3,3,3,1,1,1,سجاد شهر
12200000000,165,1403,3,2,2,1,1,1,هفت تیر (آب و برق)
14000000000,165,1404,3,5,1,1,1,1,هفت تیر (حافظ)
13200000000,165,1400,3,6,6,1,1,1,کوثر
14000000000,165,1404,3,6,6,1,1,1,شهید فرامرز عباسی
10450000000,165,1394,3,4,4,1,1,1,کوثر
11500000000,165,1404,3,6,5,1,1,1,دانشجو
8550000000,165,1380,3,3,3,0,1,1,سجاد شهر
11200000000,165,1403,3,4,4,1,1,1,شهید فرامرز عباسی
10000000000,165,1400,1,6,1,1,1,1,آزادشهر
7450000000,165,1404,3,2,2,1,1,1,الهیه
9400000000,165,1403,3,4,4,1,1,1,الهیه
6200000000,165,1403,3,5,4,1,1,1,الهیه
10700000000,165,1404,3,6,4,1,1,1,آزادشهر
10500000000,165,1404,3,6,6,1,1,1,آزادشهر
7950000000,165,1403,3,6,2,1,1,1,کوثر
11500000000,165,1403,3,6,3,1,1,1,آزادشهر
6198000000,168,1404,3,7,4,1,1,1,موسوی قوچانی
11300000000,165,1403,3,2,2,1,1,1,هنرستان
18200000000,165,1404,3,3,3,1,1,1,فرهنگ
9000000000,165,1404,3,5,2,1,1,1,الهیه
6200000000,165,1404,3,6,6,1,1,1,امیریه
6400000000,165,1404,3,4,4,1,1,1,الهیه
6700000000,170,1404,3,5,5,1,1,1,الهیه
10150000000,165,1388,3,2,2,1,1,1,هنرستان
17980000000,165,1403,3,6,3,1,1,1,وکیل‌آباد
12500000000,165,1404,3,6,3,1,1,1,دانشجو
15000000000,165,1404,3,6,3,1,1,1,رضاشهر
9200000000,165,1403,3,6,3,1,1,1,الهیه
13150000000,165,1401,3,6,6,1,1,1,کوثر
13200000000,165,1402,3,6,6,1,1,1,هنرستان
10750000000,165,1404,3,6,6,1,1,1,امام خمینی
6600000000,165,1404,3,6,2,1,1,1,الهیه
7400000000,165,1404,3,5,5,1,1,1,الهیه
7300000000,165,1403,3,4,4,1,1,1,الهیه
10300000000,165,1404,3,5,2,1,1,1,نیروی هوایی
7890000000,165,1404,3,3,3,1,1,1,شهرآرا
10300000000,165,1399,3,1,1,1,1,1,آزادشهر
11200000000,165,1403,3,6,1,1,1,1,آزادشهر
8750000000,165,1404,3,4,4,1,1,1,آزادشهر
12000000000,165,1403,3,5,5,1,1,1,دانشجو
13500000000,165,1403,3,5,5,1,1,1,سید رضی
12500000000,165,1404,3,6,2,1,1,1,آزادشهر
10500000000,165,1391,3,5,2,1,1,1,وکیل‌آباد
11750000000,165,1404,3,1,1,1,1,1,فرهنگ
12500000000,165,1404,3,6,3,1,1,1,آزادشهر
6000000000,165,1404,3,2,2,1,1,1,فرهنگ
23000000000,165,1404,3,5,2,1,1,1,سجاد شهر
11500000000,165,1403,3,1,1,1,1,1,نیروی هوایی
10800000000,165,1404,3,2,2,1,1,1,هنرستان
11300000000,165,1404,3,6,3,1,1,1,دانشجو
10600000000,165,1403,3,6,4,1,1,1,دانشجو
14900000000,165,1404,3,6,2,1,1,1,حرم مطهر رضوی
7590000000,165,1404,3,6,4,1,1,1,میعاد (شهرک غرب)
6540000000000,165,1404,3,6,4,1,1,1,الهیه
7760000000,165,1404,3,5,3,1,1,1,فرهنگیان (شهرک غرب)
6900000000,165,1404,3,5,5,1,1,1,الهیه
5500000000,165,1404,3,5,5,1,1,1,الهیه
9750000000,165,1404,3,6,2,1,1,1,آزادشهر
16500000000,165,1404,3,1,1,1,1,1,آزادشهر
22000000000,165,1404,3,4,4,1,1,1,کوثر
6950000000,165,1396,3,4,4,1,1,1,فرهنگیان (شهرک غرب)
10000000000,165,1404,3,6,1,1,1,1,دانشجو
7500000000,165,1401,3,3,3,1,1,1,الهیه
10900000000,165,1404,3,6,5,1,1,1,سید رضی
11500000000,165,1404,3,2,2,1,1,1,هنرستان
4950000000,165,1402,3,1,1,1,1,1,امیر
10700000000,165,1404,3,1,1,1,1,1,سید رضی
11220000000,165,1404,3,6,1,1,1,1,رضاشهر
18500000000,165,1404,3,1,1,1,1,1,آزادشهر
6900000000,165,1402,3,5,5,1,1,1,میعاد (شهرک غرب)
11300000000,165,1404,3,5,5,1,1,1,چهارچشمه
8950000000,165,1404,3,6,5,1,1,1,شهرک رازی (شهرک غرب)
12500000000,165,1402,3,4,4,1,1,1,کوثر
8050000000,165,1401,3,6,3,1,1,1,زیبا شهر
7755000000,165,1403,3,6,4,1,1,1,الهیه
9075000000,165,1404,3,6,2,1,1,1,زیبا شهر
12900000000,165,1404,3,3,3,1,1,1,دانشجو
8500000000,165,1385,3,4,1,1,1,1,شهید فرامرز عباسی
6100000000,165,1404,3,5,3,1,1,1,الهیه
7000000000,165,1403,3,6,4,1,1,1,الهیه
10200000000,165,1402,3,6,2,1,1,1,آزادشهر
19400000000,165,1404,3,4,4,1,1,1,کوثر
10950000000,165,1397,3,6,3,1,1,1,هنرستان
18800000000,165,1404,3,1,1,1,1,1,کوثر
10800000000,165,1404,3,6,2,1,1,1,دانشجو
11000000000,165,1404,3,6,2,1,1,1,رضاشهر
18500000000,166,1404,3,5,4,1,1,1,کوثر
10500000000,165,1397,3,3,3,1,1,1,فرهنگ
10000000000,165,1389,3,5,3,1,1,1,هنرستان
6250000000,165,1404,3,5,4,1,1,1,الهیه
5940000000,165,1404,3,5,2,1,1,1,الهیه
8350000000,165,1397,3,3,3,1,1,1,دانشجو
6195000000,165,1404,3,5,4,1,1,1,الهیه
6400000000,165,1403,3,3,3,1,1,1,جاهد شهر
9000000000,165,1404,3,6,6,1,1,1,الهیه
10700000000,165,1404,3,5,5,1,1,1,کوه سنگی
7750000000,165,1404,3,4,4,1,1,1,الهیه
5190000000,165,1404,3,5,5,1,1,1,شهید مطهری
10700000000,165,1403,3,6,5,1,1,1,سید رضی
9170000000,165,1395,3,6,1,1,1,1,سید رضی
10000000000,165,1403,3,5,5,1,1,1,هفت تیر (حافظ)
9200000000,165,1402,3,6,3,1,1,1,دانشجو
9150000000,165,1404,3,6,5,1,1,1,سید رضی
9450000000,165,1404,3,6,6,1,1,1,شریف
10000000000,165,1402,3,5,5,1,1,1,هفت تیر (حافظ)
8800000000,165,1394,3,5,2,1,1,1,رضاشهر
10800000000,165,1404,3,6,6,1,1,1,رضاشهر
6600000000,165,1402,3,2,2,1,1,1,جاهد شهر
5940000000,165,1403,3,3,3,1,1,1,حسین‌آباد
4430000000,165,1403,3,6,4,1,1,1,رستگار
9900000000,165,1404,3,6,6,1,1,1,آزادشهر
10900000000,165,1403,3,6,2,1,1,1,سید رضی
11000000000,165,1402,3,3,3,1,1,1,آزادشهر
16690000000,165,1404,3,6,4,1,1,1,کوثر
21500000,165,1404,3,6,5,1,1,1,سجاد شهر
11000000000,165,1404,3,2,2,1,1,1,کوثر
16150000000,170,1404,3,6,3,1,1,1,فرهنگ
16600000000,165,1404,3,6,1,1,1,1,فرهنگ
14000000000,165,1404,3,4,4,1,1,1,فرهنگ
15800000000,165,1404,3,6,2,1,1,1,آزادشهر
18200000000,165,1403,3,3,3,1,1,1,فلسطین
16000000000,165,1404,3,6,5,1,1,1,فرهنگ
6200000000,165,1404,3,4,4,1,1,1,موسوی قوچانی
11000000000,165,1402,3,3,3,1,1,1,کوثر
10600000000,165,1391,3,5,4,1,1,1,هنرستان
7400000000,165,1404,3,6,1,1,1,1,الهیه
22500000000,170,1402,3,1,1,1,1,1,کوثر
5040000000,165,1403,3,7,6,1,1,1,جانباز
14900000000,165,1404,3,6,2,1,1,1,امام رضا (ع)
11600000000,165,1404,3,2,2,1,1,1,دانشجو
13050000000,165,1401,3,6,6,1,1,1,کوثر
6150000000,165,1404,3,6,2,1,1,1,الهیه
7900000000,166,1403,3,5,2,1,1,1,چهارچشمه
6900000000,166,1404,3,3,3,1,1,1,الهیه
8900000000,160,1404,3,5,5,1,1,1,امام خمینی
7950000000,166,1392,3,1,1,0,1,1,نیروی هوایی
8500000000,166,1404,3,5,5,1,1,1,الهیه
7300000000,166,1402,3,5,3,1,1,1,فرهنگیان (شهرک غرب)
13400000000,166,1401,3,5,5,1,1,1,هنرستان
11450000000,166,1402,3,5,5,1,1,1,وکیل‌آباد
8050000000,166,1403,3,5,1,1,1,1,نیروی هوایی
6900000000,167,1402,3,3,3,1,1,1,الهیه
6680000000,167,1400,3,6,1,1,1,1,الهیه
9000000000,167,1402,1,3,3,1,1,1,صیاد شیرازی
6700000000,167,1399,3,6,1,1,1,1,جانباز
7200000000,167,1403,3,6,1,1,1,1,الهیه
7550000000,167,1404,3,6,5,1,1,1,آزادشهر
13300000000,167,1404,3,6,4,1,1,1,آزادشهر
10000000000,167,1392,3,2,2,1,1,1,هنرستان
6400000000,167,1404,3,5,1,1,1,1,امیریه
8350000000,165,1404,3,2,2,1,1,1,الهیه
11690000000,167,1402,3,5,3,1,1,1,شهید فرامرز عباسی
12400000000,167,1400,3,3,3,1,1,1,هنرستان
10300000000,167,1403,3,6,2,1,1,1,آزادشهر
10200000000,167,1402,3,6,4,1,1,1,آزادشهر
6990000000,167,1384,3,1,1,0,1,1,دانشجو
11400000000,167,1403,3,13,3,1,1,1,رضاشهر
8100000000,167,1394,3,4,2,1,1,1,نیروی هوایی
13600000000,168,1404,3,6,4,1,1,1,فرهنگ
8200000000,168,1395,3,2,2,1,1,1,کوثر
16500000000,168,1404,3,6,1,1,1,1,آزادشهر
12100000000,168,1401,3,6,4,1,1,1,هنرستان
5550000000,168,1404,3,3,3,1,1,1,موسوی قوچانی
6723000000,168,1403,3,3,3,1,1,1,الهیه
16500000000,168,1403,3,1,1,1,1,1,کوثر
8500000000,168,1404,3,4,4,1,1,1,الهیه
12600000000,168,1404,3,6,2,1,1,1,رضاشهر
14200000000,169,1398,3,1,1,1,1,1,سجاد شهر
6880000000,168,1399,3,1,1,1,1,1,الهیه
6580000000,169,1404,3,5,5,1,1,1,الهیه
9480000000,169,1398,3,5,4,1,1,1,شهید فرامرز عباسی
14900000000,169,1404,3,6,3,1,1,1,فرهنگ
11800000000,169,1402,3,6,1,1,1,1,آزادشهر
139800000000,1850,1403,2,4,4,1,1,1,الهیه
9280000000,170,1404,3,6,3,1,1,1,زیبا شهر
9300000000,170,1404,3,1,1,1,1,1,آزادشهر
11200000000,170,1403,3,5,2,1,1,1,رضاشهر
7950000000,170,1397,3,5,3,1,1,1,صیاد شیرازی
5990000000,170,1404,3,2,2,1,1,1,الهیه
13950000000,170,1404,3,6,4,1,1,1,آزادشهر
10100000000,170,1388,3,4,4,1,1,1,هنرستان
5850000000,170,1397,3,3,3,1,1,1,صیاد شیرازی
11300000000,170,1404,3,5,5,1,1,1,نیروی هوایی
11290000000,170,1404,3,5,5,1,1,1,چهارچشمه
10200000000,170,1402,3,6,3,1,1,1,امام خمینی
10200000000,170,1404,3,5,2,1,1,1,رضاشهر
11900000000,175,1403,3,5,5,1,1,1,هنرستان
13450000000,170,1404,3,6,2,1,1,1,هنرستان
6600000000,170,1404,3,5,5,1,1,1,الهیه
82000000000,170,1403,3,5,2,1,1,1,جاهد شهر
7600000000,170,1404,3,5,5,1,1,1,الهیه
11400000000,170,1404,3,6,1,1,1,1,رضاشهر
11500000000,170,1388,3,2,2,1,1,1,هنرستان
12000000000,170,1390,3,4,4,1,1,1,کوثر
13900000000,170,1400,3,6,5,1,1,1,آزادشهر
13600000000,170,1404,3,2,2,1,1,1,هنرستان
7500000000,170,1404,3,3,3,1,1,1,الهیه
14800000000,170,1404,3,5,2,1,1,1,رضاشهر
13600000000,170,1404,3,6,4,1,1,1,رضاشهر
13450000000,170,1404,3,6,2,1,1,1,هنرستان
9200000000,170,1401,3,3,3,1,1,1,صیاد شیرازی
7140000000,170,1404,3,3,3,1,1,1,الهیه
10800000000,170,1404,3,6,2,1,1,1,آزادشهر
9500000000,170,1398,3,3,3,1,1,1,شهید فرامرز عباسی
10500000000,167,1389,3,1,1,1,1,1,هنرستان
17000000000,170,1404,3,5,3,1,1,1,هنرستان
12850000000,170,1404,3,6,6,1,1,1,شهید فرامرز عباسی
9500000000,170,1402,3,3,3,1,1,1,شهید فرامرز عباسی
16150000000,170,1403,3,6,2,1,1,1,کوثر
17250000000,340,1404,3,5,0,1,1,1,رضاشهر
6800000000,170,1404,3,5,5,1,1,1,الهیه
6000000000,170,1404,3,5,2,1,1,1,الهیه
6500000000,170,1404,3,5,3,1,1,1,الهیه
8000000000,170,1397,3,3,3,1,1,1,صیاد شیرازی
10300000000,170,1404,3,4,4,1,1,1,آزادشهر
11000000000,170,1400,3,1,1,1,1,1,آزادشهر
9450000000,170,1404,3,4,4,1,1,1,آزادشهر
8790000000,170,1404,3,3,3,1,1,1,سید رضی
7800000000,170,1404,3,5,2,1,1,1,الهیه
10200000000,170,1404,3,5,3,1,1,1,رضاشهر
15500000000,172,1404,3,5,5,1,1,1,فرهنگ
14620000000,170,1404,3,6,2,1,1,1,فرهنگ
6400000000,170,1403,3,6,0,1,1,1,استاد یوسفی (شهرک غرب)
11800000000,173,1403,3,6,3,1,1,1,فارغ التحصیلان
10600000000,170,1404,3,2,2,1,1,1,شهید فرامرز عباسی
7990000000,170,1397,3,5,3,1,1,1,هفت تیر (آب و برق)
11900000000,170,1404,3,6,1,1,1,1,رضاشهر
8650000000,170,1397,3,5,5,1,1,1,رضاشهر
7900000000,170,1400,3,5,3,1,1,1,شهرک رازی (شهرک غرب)
17500000000,170,1403,3,6,6,1,1,1,فلسطین
11350000000,170,1404,3,5,5,1,1,1,رضاشهر
18200000000,165,1404,3,3,3,1,1,1,فرهنگ
26000000000,170,1404,3,2,2,1,1,1,هنرستان
14000000000,170,1404,3,6,3,1,1,1,هنرستان
24500000000,170,1404,3,6,4,1,1,1,ملک‌آباد
13800000000,170,1401,3,5,5,1,1,1,هنرستان
12200000000,170,1402,3,5,4,1,1,1,هنرستان
22000000000,170,1404,3,6,5,1,1,1,سجاد شهر
11300000000,170,1404,3,5,5,1,1,1,چهارچشمه
12500000000,165,1404,3,3,3,1,1,1,هنرستان
13600000000,170,1404,3,4,4,1,1,1,هنرستان
13450000000,170,1403,3,2,2,1,1,1,هنرستان
8500000000,170,1391,3,5,5,1,1,1,هنرستان
6500000000,170,1404,3,3,3,1,1,1,الهیه
9860000000,170,1403,3,4,4,1,1,1,هفت تیر (آب و برق)
5350000000,170,1404,3,7,6,1,1,1,امیر
4900000000,170,1399,3,7,3,1,1,1,جانباز
14000000000,170,1395,3,1,1,1,1,1,سجاد شهر
6950000000,170,1404,3,3,3,1,1,1,جاهد شهر
12500000000,170,1403,3,3,3,1,1,1,سناباد
9300000000,170,1403,3,6,1,1,1,1,آزادشهر
6500000000,170,1403,3,5,3,1,1,1,الهیه
7200000000,170,1404,3,5,5,1,1,1,الهیه
13500000000,170,1404,3,6,3,1,1,1,دانشجو
10700000000,170,1402,3,6,5,1,1,1,آزادشهر
4360000000,170,1404,3,7,7,1,1,1,امیر
6180000000,170,1395,3,2,2,1,1,1,ویلاشهر
10500000000,170,1404,3,6,6,1,1,1,فرهنگ
7990000000,170,1404,3,3,3,1,1,1,الهیه
4600000000,170,1398,2,7,6,1,1,1,جانباز
12400000000,170,1401,3,6,3,1,1,1,رضاشهر
11500000000,170,1404,3,6,4,1,1,1,آزادشهر
7140000000,170,1401,3,6,5,1,1,1,نرگس (شهرک غرب)
12800000000,170,1394,3,6,6,1,1,1,کوثر
12000000000,170,1404,3,3,3,1,1,1,هنرستان
12900000000,170,1399,3,6,6,1,1,1,آزادشهر
10800000000,170,1390,3,5,2,1,1,1,آزادشهر
30000000000,170,1403,3,6,1,1,1,1,کوثر
19500000000,170,1403,3,2,2,1,1,1,کوثر
7220000000,170,1404,3,6,3,1,1,1,الهیه
8700000000,170,1395,3,4,4,1,1,1,آزادشهر
8400000000,170,1396,3,2,2,1,1,1,دانشجو
6100000000,170,1404,3,5,3,1,1,1,الهیه
6850000000,170,1404,3,5,5,1,1,1,الهیه
6460000000,170,1404,3,5,5,1,1,1,جاهد شهر
5090000000,170,1401,3,6,2,1,1,1,شفا
12300000000,170,1402,3,6,6,1,1,1,وکیل‌آباد
23200000000,170,1404,3,4,4,1,1,1,سجاد شهر
7700000000,170,1390,3,2,2,0,1,1,راهنمایی
6300000000,170,1404,3,3,3,1,1,1,موسوی قوچانی
5610000000,170,1404,3,7,5,1,1,1,فتح المبین
12700000000,170,1400,3,5,0,1,1,1,احمدآباد
11000000000,170,1404,3,5,5,1,1,1,سید رضی
9000000000,165,1399,3,5,5,1,1,1,صیاد شیرازی
11000000000,170,1404,3,6,2,1,1,1,دانشجو
9200000000,170,1404,3,4,4,1,1,1,الهیه
9200000000,170,1404,3,1,1,1,1,1,هفت تیر (آب و برق)
13600000000,170,1404,3,7,1,1,1,1,دانشجو
15000000000,170,1404,3,1,1,1,1,1,تربیت (صدف)
14450000000,170,1404,3,3,3,1,1,1,امام رضا (ع)
8990000000,171,1402,3,6,3,1,1,1,صیاد شیرازی
8900000000,170,1402,3,6,4,1,1,1,امام خمینی
10200000000,170,1401,3,4,4,1,1,1,اقبال
14000000000,168,1404,3,6,4,1,1,1,رضاشهر
8900000000,170,1398,3,4,3,1,1,1,تربیت (صدف)
14790000000,170,1404,3,6,4,1,1,1,سید رضی
13200000000,170,1402,3,3,3,1,1,1,هنرستان
23000000000,165,1404,3,6,2,1,1,1,کوثر
29500000000,170,1404,3,4,4,1,1,1,ملک‌آباد
14000000000,170,1387,3,1,1,1,1,1,سجاد شهر
14400000000,170,1404,3,6,6,1,1,1,فرهنگ
12000000000,170,1402,3,5,1,1,1,1,هفت تیر (آب و برق)
14000000000,170,1404,3,4,4,1,1,1,هنرستان
13500000000,170,1403,3,3,3,1,1,1,هنرستان
11450000000,170,1404,3,5,2,1,1,1,رضاشهر
10850000000,170,1397,3,4,4,1,1,1,کوه سنگی
7650000000,170,1404,2,5,3,1,1,1,الهیه
10600000000,170,1393,3,4,4,1,1,1,هنرستان
9000000000,170,1401,3,6,3,1,1,1,صیاد شیرازی
10800000000,170,1388,3,5,5,1,1,1,احمدآباد
7500000000,170,1401,3,4,2,1,1,1,الهیه
6000000000,171,1404,3,5,5,1,1,1,الهیه
6500000000,171,1403,3,6,3,1,1,1,الهیه
11000000000,171,1401,3,6,1,1,1,1,فرهنگ
13950000000,171,1390,3,4,1,1,1,1,سجاد شهر
12450000000,171,1404,3,6,6,1,1,1,آزادشهر
8500000000,172,1402,3,6,1,1,1,1,الهیه
10700000000,172,1404,3,6,4,1,1,1,دانشجو
6880000000,172,1404,3,5,5,1,1,1,الهیه
10270000000,172,1402,3,6,6,1,1,1,آزادشهر
9400000000,172,1401,3,6,3,1,1,1,وکیل‌آباد
6730000000,172,1402,3,3,3,1,1,1,الهیه
8100000000,172,1398,3,3,3,1,1,1,هفت تیر (آب و برق)
6800000000,172,1404,3,5,5,1,1,1,الهیه
15200000000,172,1403,3,6,5,1,1,1,آزادشهر
20500000000,173,1402,3,3,3,1,1,1,کوثر
6500000000,173,1404,3,3,3,1,1,1,الهیه
11300000000,173,1403,3,6,6,1,1,1,امام خمینی
8000000000,173,1403,3,6,6,1,1,1,آزادشهر
14300000000,173,1404,3,6,2,1,1,1,آزادشهر
12500000000,173,1400,3,3,3,1,1,1,فرهنگ
12400000000,173,1402,3,6,3,1,1,1,فرهنگ
7700000000,173,1397,3,4,4,1,1,1,شاهد (شهرک غرب)
8990000000,173,1389,3,1,1,0,1,1,کوه سنگی
9500000000,173,1403,3,5,5,1,1,1,فارغ التحصیلان
7750000000,174,1404,3,5,4,1,1,1,الهیه
7150000000,174,1403,3,6,6,1,1,1,شهرک لشکر (شهرک غرب)
12700000000,174,1404,3,6,3,1,1,1,آزادشهر
14800000000,174,1404,3,6,5,1,1,1,آزادشهر
10700000000,174,1404,3,5,5,1,1,1,دانشجو
6200000000,174,1404,3,5,3,1,1,1,الهیه
7700000000,174,1396,3,4,4,1,1,1,شاهد (شهرک غرب)
10200000000,174,1397,3,5,1,1,1,1,دانشجو
7395000000,174,1404,3,6,3,1,1,1,الهیه
10400000000,175,1401,3,2,2,1,1,1,هنرستان
13000000000,175,1404,3,5,5,1,1,1,هنرستان
13000000000,175,1402,3,6,5,1,1,1,امام رضا (ع)
11900000000,175,1404,3,6,1,1,1,1,امام خمینی
12500000000,175,1403,3,6,2,1,1,1,امام رضا (ع)
8200000000,175,1404,3,2,2,1,1,1,شهرک رازی (شهرک غرب)
12700000000,175,1404,3,5,5,1,1,1,صیاد شیرازی
9450000000,172,1403,3,6,3,1,1,1,صیاد شیرازی
8200000000,175,1403,3,7,3,1,1,1,الهیه
7700000000,175,1403,3,1,1,1,1,1,شاهد (شهرک غرب)
5500000000,175,1403,3,7,7,1,1,1,جانباز
11100000000,175,1394,3,2,2,1,1,1,آزادشهر
7400000000,175,1404,3,3,3,1,1,1,الهیه
10000000000,175,1403,3,6,5,1,1,1,الهیه
9800000000,175,1402,3,2,2,1,1,1,آزادشهر
12480000000,175,1390,3,2,2,1,1,1,کوثر
9570000000,175,1404,3,2,2,1,1,1,جاهد شهر
8400000000,175,1404,3,4,4,1,1,1,الهیه
7200000000,175,1404,3,6,3,1,1,1,الهیه
5900000000,175,1404,3,3,3,1,1,1,جانباز
8000000000,175,1402,3,5,5,1,1,1,فرهنگیان (شهرک غرب)
9000000000,175,1404,3,6,6,1,1,1,الهیه
28800000000,175,1404,3,2,2,1,1,1,ملک‌آباد
8850000000,172,1404,3,2,2,1,1,1,فرهنگ
18500000000,175,1404,3,6,5,1,1,1,آزادشهر
14500000000,175,1404,3,6,3,1,1,1,هنرستان
9800000000,170,1404,3,4,4,1,1,1,صیاد شیرازی
14700000000,175,1404,3,5,5,1,1,1,هنرستان
4950000000,175,1404,3,6,1,1,1,1,یاس
14500000000,175,1403,3,4,1,1,1,1,ملک‌آباد
13800000000,175,1404,3,2,2,1,1,1,هنرستان
12000000000,175,1404,3,2,2,1,1,1,کلاهدوز
17500000000,175,1404,3,3,3,1,1,1,آزادشهر
10250000000,175,1404,3,6,6,1,1,1,الهیه
15000000000,175,1402,3,6,5,1,1,1,فرهنگ
13500000000,175,1397,3,6,5,1,1,1,فرهنگ
29000000000,175,1404,3,3,3,1,1,1,ملک‌آباد
13000000000,175,1404,3,3,3,1,1,1,هنرستان
9150000000,175,1403,3,6,4,1,1,1,آزادشهر
7900000000,175,1404,3,6,6,1,1,1,آزادشهر
15750000000,175,1404,3,6,1,1,1,1,هفت تیر (آب و برق)
12000000000,175,1404,3,6,2,1,1,1,سعد آباد
7350000000,175,1404,3,6,5,1,1,1,میعاد (شهرک غرب)
8600000000,175,1404,3,6,2,1,1,1,میعاد (شهرک غرب)
9150000000,175,1403,3,6,1,1,1,1,آزادشهر
8800000000,175,1404,3,3,3,1,1,1,سرافرازان
18600000000,175,1404,3,6,3,1,1,1,کوثر
7300000000,175,1403,3,5,3,1,1,1,الهیه
6500000000,175,1401,3,5,4,1,1,1,الهیه
11850000000,175,1404,3,1,1,1,1,1,کوه سنگی
7130000000,175,1402,3,4,4,1,1,1,الهیه
6980000000,175,1390,3,5,5,1,1,1,آزادشهر
9095000000,175,1404,3,6,3,1,1,1,الهیه
13500000000,175,1404,3,3,3,1,1,1,امام رضا (ع)
12500000000,175,1404,3,5,5,1,1,1,آزادشهر
19500000000,175,1404,3,6,3,1,1,1,آزادشهر
19500000000,175,1404,3,4,4,1,1,1,سجاد شهر
6550000000,175,1404,3,5,4,1,1,1,الهیه
16500000000,175,1404,3,3,3,1,1,1,هنرستان
6500000000,175,1404,3,5,3,1,1,1,الهیه
7400000000,175,1393,3,3,3,1,1,1,چهارچشمه
10500000000,175,1404,3,6,1,1,1,1,آزادشهر
16650000000,175,1404,3,6,2,1,1,1,هنرستان
8400000000,175,1404,3,3,3,1,1,1,الهیه
10750000000,175,1404,3,3,3,1,1,1,آزادشهر
4700000000,175,1404,3,1,1,1,1,1,کوی سیدی
8500000000,175,1404,3,5,3,1,1,1,جاهد شهر
11900000000,175,1404,3,1,1,1,1,1,دانشجو
18600000000,175,1404,3,4,4,1,1,1,کوثر
9000000000,175,1404,3,6,3,1,1,1,آزادشهر
23500000000,175,1404,3,4,4,1,1,1,سجاد شهر
21000000000,175,1404,3,2,2,1,1,1,احمدآباد
9550000000,175,1385,3,0,0,1,1,1,سجاد شهر
8500000000,175,1387,3,4,2,1,1,1,هنرستان
5300000000,175,1404,3,6,6,1,1,1,امیر
11300000000,175,1397,3,4,4,1,1,1,رضاشهر
7200000000,175,1404,3,6,3,1,1,1,الهیه
6910000000,175,1403,3,6,5,1,1,1,الهیه
8100000000,168,1394,3,5,5,1,1,1,شهرآرا
11000000000,176,1402,3,2,2,1,1,1,شهید فرامرز عباسی
9700000000,176,1396,3,4,3,1,1,1,شریف
5670000000,176,1404,3,7,6,1,1,1,رستگار
8550000000,177,1404,3,5,3,1,1,1,تربیت (صدف)
3500000000,177,1404,3,7,7,1,1,1,امیر
7950000000,177,1403,3,2,2,1,1,1,جاهد شهر
7250000000,177,1404,3,5,5,1,1,1,الهیه
12390000000,177,1403,3,6,3,1,1,1,حرم مطهر رضوی
11500000000,178,1404,3,4,4,1,1,1,امام رضا (ع)
7788000000,178,1404,3,5,5,1,1,1,شاهد (شهرک غرب)
12290000000,178,1404,3,12,4,1,1,1,الهیه
6500000000,178,1404,3,3,3,1,1,1,الهیه
16000000000,178,1404,3,6,6,1,1,1,فرهنگ
15150000000,178,1404,3,5,5,1,1,1,فرهنگ
7120000000,178,1396,3,1,1,1,1,1,فرهنگیان (شهرک غرب)
7250000000,178,1404,3,4,4,1,1,1,جاهد شهر
9250000000,178,1404,3,6,3,1,1,1,فارغ التحصیلان
8700000000,178,1391,3,3,3,1,1,1,گوهرشاد
8640000000,149,1402,3,3,3,1,1,1,هفده شهریور
7900000000,180,1404,3,5,3,1,1,1,الهیه
8900000000,180,1404,3,6,3,1,1,1,الهیه
27000000000,180,1401,3,20,12,1,1,1,هنرستان
13500000000,180,1403,2,4,1,1,1,1,عیدگاه
11850000000,186,1403,3,1,1,1,1,1,امام خمینی
10900000000,180,1402,3,6,1,1,1,1,امام خمینی
10200000000,180,1404,3,6,4,1,1,1,الهیه
7800000000,240,1404,3,5,0,1,1,1,جاهد شهر
7800000000,180,1404,3,6,3,1,1,1,الهیه
7600000000,185,1403,3,5,5,1,1,1,الهیه
9700000000,180,1404,3,6,4,1,1,1,دانشجو
7500000000,180,1404,3,6,3,1,1,1,الهیه
21600000000,180,1404,3,4,4,1,1,1,فرهنگ
6900000000,180,1403,3,5,5,1,1,1,الهیه
6550000000,183,1402,3,8,5,1,1,1,جاهد شهر
12000000000,180,1400,3,3,3,1,1,1,گوهرشاد
11500000000,180,1404,3,5,5,1,1,1,سناباد
6500000000,180,1404,3,7,4,1,1,1,نکاح
5950000000,180,1404,3,1,1,1,1,1,الهیه
14900000000,182,1404,3,6,6,1,1,1,رضاشهر
5000000000,180,1401,3,8,8,1,1,1,جانباز
8100000000,180,1404,3,5,5,1,1,1,شاهد (شهرک غرب)
8000000000,180,1398,3,4,4,1,1,1,حسابی جنوبی (شهرک غرب)
9300000000,180,1401,3,6,6,1,1,1,آیت الله کاشانی
8100000000,180,1404,3,3,3,1,1,1,الهیه
11700000000,180,1400,3,6,1,1,1,1,آزادشهر
11700000000,180,1404,3,5,3,1,1,1,هفت تیر (حافظ)
13320000000,180,1404,1,6,6,1,1,1,فرهنگ
7900000000,180,1404,3,7,6,1,1,1,الهیه
7660000000,180,1404,3,6,6,1,1,1,الهیه
18200000000,182,1403,3,7,3,1,1,1,کوثر
21600000000,180,1404,3,6,6,1,1,1,فرهنگ
12800000000,180,1404,3,6,2,1,1,1,رضاشهر
15840000000,180,1404,1,5,5,1,1,1,فرهنگ
6500000000,180,1404,3,5,5,1,1,1,جاهد شهر
6400000000,180,1402,3,3,3,1,1,1,الهیه
7150000000,180,1403,3,3,3,1,1,1,جاهد شهر
8640000000,180,1401,3,6,3,1,1,1,آزادشهر
78000000000,180,1403,3,5,5,1,1,1,عامل
10000000000,180,1404,3,4,4,1,1,1,صیاد شیرازی
12250000000,180,1404,3,4,4,1,1,1,اقبال
13500000000,180,1404,3,5,3,1,1,1,شریف
11000000000,180,1387,3,5,3,1,1,1,آزادشهر
18000000000,180,1404,2,6,5,1,1,1,فرهنگ
7380000000,180,1397,3,5,5,1,1,1,جاهد شهر
5700000000,180,1404,3,4,4,1,1,1,هنرور
13800000000,185,1404,3,5,5,1,1,1,هفت تیر (حافظ)
7500000000,180,1403,3,5,5,1,1,1,کوشش
5000000000,180,1402,3,8,8,1,1,1,جانباز
8800000000,180,1392,3,5,3,1,1,1,ارشاد
9000000000,180,1404,3,5,3,1,1,1,فرهنگیان (شهرک غرب)
6500000000,140,1398,3,4,4,1,1,1,جاهد شهر
10800000000,180,1404,3,5,3,1,1,1,الهیه
8400000000,180,1404,3,4,4,1,1,1,شهرک لشکر (شهرک غرب)
7800000000,180,1404,3,5,4,1,1,1,الهیه
7900000000,180,1404,3,4,4,1,1,1,الهیه
14400000000,182,1404,3,3,3,1,1,1,امام رضا (ع)
7998000000,180,1403,3,3,3,1,1,1,الهیه
6400000000,182,1403,3,6,6,1,1,1,حسین‌آباد
13500000000,180,1401,3,6,1,1,1,1,آزادشهر
7200000000,180,1404,3,6,6,1,1,1,الهیه
7800000000,185,1404,3,3,3,1,1,1,الهیه
7600000000,180,1404,3,6,6,1,1,1,الهیه
13800000000,180,1404,3,6,1,1,1,1,هفت تیر (حافظ)
12950000000,178,1400,3,5,1,1,1,1,فرهنگ
8600000000,180,1404,3,7,2,1,1,1,الهیه
16900000000,180,1404,3,6,6,1,1,1,فرهنگ
13500000000,180,1404,3,6,2,1,1,1,شهید فرامرز عباسی
28500000000,197,1404,3,0,0,1,1,1,سجاد شهر
9000000000,180,1402,3,3,3,1,1,1,الهیه
10800000000,180,1404,3,5,3,1,1,1,وکیل‌آباد
12900000000,180,1400,3,5,1,1,1,1,فرهنگ
25000000000,180,1404,3,1,1,1,1,1,سجاد شهر
5760000000,180,1404,3,6,5,1,1,1,حجت
6600000000,180,1403,3,5,5,1,1,1,الهیه
9000000000,180,1403,3,7,2,1,1,1,جاهد شهر
14400000000,180,1403,3,3,3,1,1,1,امام رضا (ع)
10800000000,180,1404,3,4,4,1,1,1,صیاد شیرازی
12600000000,180,1404,3,6,2,1,1,1,هفت تیر (آب و برق)
16500000000,180,1403,3,6,3,1,1,1,کوثر
11700000,180,1403,3,6,5,1,1,1,هفت تیر (حافظ)
7920000000,180,1403,3,4,4,1,1,1,فرهنگیان (شهرک غرب)
8000000000,180,1404,3,4,4,1,1,1,فرهنگیان (شهرک غرب)
13000000000,180,1404,3,6,3,1,1,1,امام رضا (ع)
4999000000,180,1401,3,4,4,1,0,0,توس (بلوار توس)
10620000000,180,1392,3,4,4,1,1,1,فردوسی
14900000000,180,1402,3,5,5,1,1,1,هنرستان
8000000000,180,1391,3,1,1,0,1,1,کوثر
8970000000,180,1404,3,5,3,1,1,1,فرهنگیان (شهرک غرب)
8100000000,180,1404,3,6,6,1,1,1,الهیه
6830000000,180,1404,3,5,3,1,1,1,جاهد شهر
7500000000,187,1404,3,5,5,1,1,1,الهیه
35000000000,180,1404,3,3,3,1,1,1,ملک‌آباد
12300000000,180,1403,3,6,4,1,1,1,هفت تیر (آب و برق)
11270000000,180,1404,3,4,4,1,1,1,هفت تیر (آب و برق)
10900000000,180,1385,3,3,3,1,1,1,فرهنگ
15300000000,180,1402,3,2,2,1,1,1,هنرستان
21600000000,180,1404,4,6,5,1,1,1,حرم مطهر رضوی
6200000000,180,1404,3,4,4,1,1,1,الهیه
8300000000,180,1404,3,6,5,1,1,1,شهرک رازی (شهرک غرب)
34000,180,1404,3,1,1,1,1,1,جاهد شهر
10800000000,181,1401,3,6,3,1,1,1,فارغ التحصیلان
11200000000,181,1394,3,4,4,1,1,1,کوه سنگی
10000000000,182,1392,3,6,2,1,1,1,دانشجو
18100000000,182,1402,3,6,3,1,1,1,هنرستان
13000000000,182,1404,3,5,5,1,1,1,هفت تیر (آب و برق)
13200000000,182,1404,3,6,4,1,1,1,شهید فرامرز عباسی
11400000000,183,1398,3,2,2,1,1,1,هنرستان
11000000000,183,1404,3,7,4,1,1,1,شهرآرا
13000000000,183,1403,3,2,2,1,1,1,رضاشهر
12000000000,184,1384,4,4,3,1,1,1,زمانه
11000000000,184,1403,3,3,3,1,1,1,امام خمینی
8095000000,184,1404,3,4,4,1,1,1,فرهنگیان (شهرک غرب)
11960000000,184,1404,3,5,5,1,1,1,اقبال
7500000000,185,1404,3,5,4,1,1,1,الهیه
16900000000,180,1404,3,7,2,1,1,1,حرم مطهر رضوی
7500000000,185,1403,3,6,3,1,1,1,الهیه
13900000000,185,1404,3,6,2,1,1,1,شهید فرامرز عباسی
14000000000,185,1404,3,5,1,1,1,1,هنرستان
13900000000,185,1403,3,6,2,1,1,1,رضاشهر
6660000000,185,1404,3,5,4,1,1,1,الهیه
10000000000,185,1394,3,1,1,1,1,1,دانشجو
6100000000,185,1404,3,7,2,1,1,1,جانباز
10000000000,185,1396,3,6,1,1,1,1,دانشجو
8300000000,185,1404,3,2,2,1,1,1,فرهنگیان (شهرک غرب)
6100000000,185,1404,3,7,2,1,1,1,جانباز
12500000000,185,1403,3,3,3,1,1,1,کوثر
7030000000,185,1401,3,5,5,1,1,1,الهیه
16650000000,185,1404,3,5,5,1,1,1,شهید فرامرز عباسی
10000000000,185,1394,3,6,1,1,1,1,دانشجو
10000000000,185,1394,3,6,1,1,1,1,دانشجو
10500000000,185,1403,3,6,5,1,1,1,آزادشهر
18000000000,185,1402,3,6,3,1,1,1,کوثر
5000000000,185,1403,3,4,4,1,1,1,امیر
15750000000,185,1404,3,6,1,1,1,1,رضاشهر
9250000000,185,1404,3,2,2,1,1,1,الهیه
9100000000,185,1404,3,5,3,1,1,1,جاهد شهر
22850000000,185,1404,3,4,4,1,1,1,ملک‌آباد
7300000000,185,1403,3,5,5,1,1,1,الهیه
24500000000,185,1404,3,5,5,1,1,1,سجاد شهر
5550000000,185,1404,3,7,2,1,1,1,جانباز
8000000000,185,1404,3,3,3,1,1,1,الهیه
9500000000,185,1389,3,6,3,1,1,1,جانباز
9690000000,185,1404,3,5,5,1,1,1,جاهد شهر
6500000000,185,1404,3,5,4,1,1,1,الهیه
6300000000,185,1404,3,5,5,1,1,1,امیریه
11300000000,185,1402,3,5,1,1,1,1,فردوسی
11800000000,185,1399,3,5,2,1,1,1,هنرستان
6000000000,185,1404,3,4,4,1,1,1,امیریه
8140000000,185,1403,3,4,4,1,1,1,فرهنگیان (شهرک غرب)
8325000000,185,1403,3,5,5,1,1,1,شهرک لشکر (شهرک غرب)
8000000000,185,1404,3,5,4,1,1,1,الهیه
26000000000,185,1403,3,2,2,1,1,1,کوثر
8300000000,185,1403,3,5,4,1,1,1,الهیه
16650000000,185,1404,3,6,3,1,1,1,رضاشهر
7000000000,185,1403,3,6,5,1,1,1,الهیه
6400000000,185,1404,3,5,5,1,1,1,جاهد شهر
9650000000,185,1404,3,6,2,1,1,1,رضاشهر
16200000000,185,1404,3,3,3,1,1,1,فرهنگ
12100000000,185,1394,3,5,2,1,1,1,هنرستان
7995000000,185,1404,3,6,5,1,1,1,شهرک لشکر (شهرک غرب)
7000000000,185,1404,3,6,3,1,1,1,الهیه
12100000000,185,1402,3,3,3,1,1,1,آزادشهر
8800000000,185,1390,3,5,5,1,1,1,شهید فرامرز عباسی
17000000000,185,1404,3,6,4,1,1,1,شهید فرامرز عباسی
11900000000,185,1404,3,5,5,1,1,1,هفت تیر (حافظ)
13900000000,185,1404,3,5,1,1,1,1,کوثر
10980000000,183,1404,3,6,3,1,1,1,هفت تیر (حافظ)
9800000000,185,1403,3,5,5,1,1,1,سید رضی
10500000000,185,1404,3,6,4,1,1,1,شهرآرا
13300000000,185,1404,3,6,5,1,1,1,رضاشهر
10000000000,185,1403,3,3,3,1,1,1,شهید فرامرز عباسی
10010000000,185,1393,3,4,2,1,1,1,دانشجو
14000000000,185,1400,3,5,5,1,1,1,رضاشهر
14200000000,185,1404,2,2,2,1,1,1,شهید فرامرز عباسی
7220000000,190,1404,3,6,3,1,1,1,زمرد
7320000000,183,1404,4,5,5,1,1,1,شهرک لشکر (شهرک غرب)
8300000000,185,1404,3,5,4,1,1,1,شهرک لشکر (شهرک غرب)
12830000000,186,1404,3,6,2,1,1,1,امام رضا (ع)
10000000000,186,1393,3,1,1,1,1,1,دانشجو
9700000000,187,1404,3,5,1,1,1,1,الهیه
9190000000,187,1404,2,5,4,1,1,1,الهیه
10600000000,187,1403,3,6,2,1,1,1,هفت تیر (آب و برق)
15000000000,187,1403,3,5,0,1,1,1,احمدآباد
8400000000,187,1403,3,6,6,1,1,1,شهرک رازی (شهرک غرب)
7500000000,187,1402,3,3,3,1,1,1,شهرک لشکر (شهرک غرب)
7400000000,187,1402,3,3,3,1,1,1,شهرک لشکر (شهرک غرب)
10100000000,187,1394,3,3,3,1,1,1,دانشجو
7800000000,188,1403,3,3,3,1,1,1,شهرک لشکر (شهرک غرب)
16000000000,180,1404,3,6,4,1,1,1,فرهنگ
11500000000,188,1404,3,6,6,1,1,1,هفت تیر (آب و برق)
6600000000000,188,1404,3,3,3,1,1,1,الهیه
12800000000,188,1403,3,3,3,1,1,1,کوثر
6900000000,188,1404,3,6,3,1,1,1,الهیه
7350000000,188,1402,3,3,3,1,1,1,شهرک لشکر (شهرک غرب)
8210000000,188,1404,3,5,3,1,1,1,الهیه
9900000,189,1404,3,6,2,1,1,1,امام رضا (ع)
12500000000,189,1404,3,6,3,1,1,1,کوشش
7400000000,190,1404,3,3,3,1,1,1,الهیه
10900000000,190,1392,3,4,4,1,1,1,هنرستان
5590000000,190,1401,3,6,2,1,1,1,گلبرگ شمالی
11000000000,188,1402,3,6,3,1,1,1,امام خمینی
16150000000,190,1404,3,6,3,1,1,1,امام رضا (ع)
13200000000,190,1404,3,6,1,1,1,1,شهید فرامرز عباسی
8550000000,190,1404,3,8,6,1,1,1,شهرک رازی (شهرک غرب)
7500000000,190,1404,3,6,6,1,1,1,الهیه
11990000000,190,1386,3,3,3,1,1,1,هنرستان
10490000000,190,1403,3,1,1,1,1,1,رضاشهر
11700000000,190,1402,3,2,2,1,1,1,اقبال
7200000000,190,1404,3,3,3,1,1,1,الهیه
8200000000,190,1403,3,4,4,1,1,1,الهیه
8600000000,190,1404,3,5,5,1,1,1,الهیه
7000000000,200,1404,3,5,5,1,1,1,الهیه
13300000000,190,1402,3,7,5,1,1,1,امام خمینی
13000000000,190,1404,3,6,4,1,1,1,هفت تیر (حافظ)
9350000000,195,1404,3,4,4,1,1,1,الهیه
19800000000,190,1404,3,6,4,1,1,1,ملک‌آباد
15800000000,190,1404,3,1,1,1,1,1,شهید فرامرز عباسی
11800000000,190,1402,3,5,5,1,1,1,شهید فرامرز عباسی
11500000000,190,1401,3,5,3,1,1,1,هنرستان
6850000000,190,1402,4,5,5,1,1,1,الهیه
7780000000,190,1404,3,6,1,1,1,1,فرهنگیان (شهرک غرب)
7270000000,190,1404,4,6,4,1,1,1,الهیه
9000000000,190,1404,3,5,5,1,1,1,الهیه
10600000000,190,1403,3,2,2,1,1,1,هفت تیر (آب و برق)
8700000000,190,1404,3,4,4,1,1,1,الهیه
7300000000,190,1404,3,5,5,1,1,1,امیریه
7600000000,190,1402,3,5,5,1,1,1,شهرک لشکر (شهرک غرب)
7220000000,190,1403,3,4,4,1,1,1,شهرک لشکر (شهرک غرب)
15200000000,190,1404,3,6,4,1,1,1,رضاشهر
6270000000,190,1404,3,8,7,1,1,1,جانباز
8140000000,190,1404,3,5,4,1,1,1,الهیه
7000000000,190,1404,3,8,4,1,1,1,الهیه
11200000000,190,1404,3,3,3,1,1,1,وکیل‌آباد
9700000000,190,1404,3,1,1,1,1,1,حسابی جنوبی (شهرک غرب)
9000000000,190,1404,3,6,6,1,1,1,الهیه
22000000000,190,1403,3,5,5,1,1,1,احمدآباد
8500000000,190,1404,3,5,3,1,1,1,الهیه
13850000000,190,1402,3,5,4,1,1,1,هنرستان
7899000000,190,1402,3,6,3,1,1,1,شهرک لشکر (شهرک غرب)
9500000000,190,1404,3,4,4,1,1,1,جاهد شهر
6700000000,190,1404,3,4,4,1,1,1,الهیه
7950000000,190,1404,3,5,3,1,1,1,الهیه
9500000000,190,1393,3,5,1,1,1,1,شهید فرامرز عباسی
10300000000,190,1390,3,5,5,1,1,1,هنرستان
8500000000,190,1403,4,5,3,1,1,1,الهیه
18000000000,190,1404,3,3,3,1,1,1,آزادشهر
12500000000,190,1404,3,6,2,1,1,1,رضاشهر
9500000000,190,1396,3,3,3,1,1,1,شریف
13000000000,190,1403,3,5,5,1,1,1,هفت تیر (حافظ)
17990000000,190,1404,3,6,1,1,1,1,آزادشهر
6100000000,190,1404,3,5,4,1,1,1,امیریه
9690000000,190,1404,3,5,5,1,1,1,الهیه
19000000000,190,1397,3,5,4,1,1,1,احمدآباد
7200000000,190,1404,3,8,5,1,1,1,الهیه
7010000000,190,1404,3,5,5,1,1,1,الهیه
15100000000,190,1404,3,4,4,1,1,1,هنرستان
7220000000,190,1404,3,5,5,1,1,1,الهیه
7300000000,190,1395,3,4,2,1,1,1,حسابی جنوبی (شهرک غرب)
14500000000,190,1404,3,6,6,1,1,1,سناباد
14800000000,190,1403,3,6,4,1,1,1,آزادشهر
8500000000,190,1403,3,6,1,1,1,1,شاهد (شهرک غرب)
6850000000000,190,1402,4,5,5,1,1,1,الهیه
8100000000,190,1404,3,3,3,1,1,1,الهیه
8000000000,191,1403,3,3,3,1,1,1,الهیه
7680000000,192,1402,3,6,4,1,1,1,هفت تیر (نه دره)
13200000000,192,1396,3,5,5,1,1,1,شهید فرامرز عباسی
7620000000,192,1404,3,6,5,1,1,1,الهیه
15200000000,194,1403,3,6,3,1,1,1,امام رضا (ع)
11800000000,193,1398,3,6,2,1,1,1,فارغ التحصیلان
10600000000,193,1403,3,5,4,1,1,1,آزادشهر
11500000000,193,1398,3,6,2,1,1,1,وکیل‌آباد
11300000000,194,1382,3,4,4,1,1,1,هنرستان
7900000000,195,1404,3,4,4,1,1,1,الهیه
13800000000,194,1404,3,4,4,1,1,1,زمانه
11640000000,194,1404,3,6,6,1,1,1,امام رضا (ع)
7520000000,193,1404,3,6,4,1,1,1,الهیه
112000,195,1402,3,6,6,1,1,1,امام خمینی
10700000000,195,1404,3,6,6,1,1,1,امام خمینی
11200000000,195,1404,3,6,4,1,1,1,شهید فرامرز عباسی
7600000000,195,1404,3,6,5,1,1,1,جاهد شهر
6630000000,195,1404,3,4,4,1,1,1,امیریه
17500000000,195,1403,3,5,5,1,1,1,آزادشهر
9750000000,195,1403,3,6,4,1,1,1,آزادشهر
14000000000,195,1404,3,5,3,1,1,1,رضاشهر
11700000000,190,1404,3,4,4,1,1,1,وکیل‌آباد
14000000000,196,1404,3,2,2,1,1,1,اقبال
23500000000,195,1404,3,3,3,1,1,1,سجاد شهر
6240000000,195,1404,3,5,5,1,1,1,الهیه
16200000000,195,1404,3,8,4,1,1,1,رضاشهر
8850000000,195,1403,3,5,2,1,1,1,الهیه
7750000000,195,1404,2,5,3,1,1,1,الهیه
6800000000,195,1404,3,6,4,1,1,1,الهیه
12000000000,195,1403,3,6,2,1,1,1,فارغ التحصیلان
8400000000,196,1404,3,5,4,1,1,1,الهیه
11100000000,196,1403,3,2,2,1,1,1,رضاشهر
8428000000,196,1404,3,6,5,1,1,1,پروین اعتصامی
6800000000,196,1402,3,6,5,1,1,1,الهیه
17800000000,197,1396,3,3,3,1,1,1,سجاد شهر
8470000000,197,1404,3,5,5,1,1,1,الهیه
6800000000,197,1403,3,5,5,1,1,1,جاهد شهر
6500000000,197,1404,3,5,3,1,1,1,جاهد شهر
15800000000,198,1404,3,6,4,1,1,1,رضاشهر
24850000000,198,1404,3,6,2,1,1,1,سجاد شهر
6950000000,198,1403,3,3,3,1,1,1,الهیه
8260000000,198,1404,3,6,4,1,1,1,الهیه
1800000000,100,1404,2,0,0,0,1,1,کشف
7500000000,125,1404,2,6,6,1,1,1,کلاهدوز
4900000000,115,1404,2,5,2,1,1,1,الهیه
2750000000,95,1404,2,1,1,1,0,1,شهید مطهری
3650000000,110,1388,2,4,1,1,1,1,هفت تیر (نه دره)
3550000000,94,1402,2,0,0,1,1,1,امیریه
1700000000,150,1400,4,2,1,0,0,1,کشف
16400000000,226,1400,4,2,2,1,1,1,امام رضا (ع)
10800000000,200,1404,2,5,5,1,1,1,الهیه
15900000000,265,1404,3,2,2,1,1,1,سرافرازان
8600000000,155,1404,3,3,3,1,1,1,زیبا شهر
4000000000,48,1385,2,1,1,0,1,1,عیدگاه
1000000000,80,1385,2,2,1,0,0,1,صیاد شیرازی
8600000000,200,1404,3,6,5,1,1,1,الهیه
16400000000,200,1403,3,6,6,1,1,1,آزادشهر
10800000000,200,1404,4,6,6,1,1,1,الهیه
7587000000,200,1402,3,6,6,1,1,1,شهرک لشکر (شهرک غرب)
11700000000,200,1402,3,6,4,1,1,1,امام خمینی
12400000000000,200,1403,3,1,1,1,1,1,امام رضا (ع)
8100000000,200,1404,3,6,6,1,1,1,الهیه
8400000000,200,1404,3,5,5,1,1,1,الهیه
10000000000,200,1404,3,6,6,1,1,1,الهیه
6740000000,198,1403,3,5,5,1,1,1,الهیه
8000000000,200,1404,3,6,6,1,1,1,الهیه
9200000000,200,1404,3,2,2,1,1,1,الهیه
8000000000,200,1403,3,5,5,1,1,1,الهیه
13900000000,200,1403,3,6,6,1,1,1,وکیل‌آباد
9000000000,200,1404,3,6,6,1,1,1,شهرک لشکر (شهرک غرب)
10000000000,190,1396,3,5,5,1,1,1,شهید فرامرز عباسی
7800000000,200,1402,3,6,6,1,1,1,الهیه
12000000000,200,1403,3,2,2,1,1,1,فارغ التحصیلان
8150000000,200,1404,4,5,5,1,1,1,الهیه
9850000000,200,1404,3,6,4,1,1,1,الهیه
15000000000,200,1404,4,2,2,1,1,1,شهید فرامرز عباسی
13000000000,200,1404,3,6,1,1,1,1,فارغ التحصیلان
9300000000,200,1403,3,5,5,1,1,1,الهیه
8100000000,200,1404,3,3,3,1,1,1,الهیه
23000000000,212,1404,3,2,2,1,1,1,کوثر
7400000000,200,1404,3,6,5,1,1,1,الهیه
8300000000,200,1402,3,6,2,1,1,1,فرهنگیان (شهرک غرب)
6500000000,200,1403,3,5,5,1,1,1,طلاب
6600000000,200,1402,3,5,4,1,1,1,الهیه
22500000000,200,1404,3,2,2,1,1,1,سجاد شهر
38000000000,200,1404,3,0,0,1,1,1,سجاد شهر
14500000000,200,1401,3,6,3,1,1,1,فارغ التحصیلان
11000000000,200,1394,4,5,4,1,1,1,شریف
6380000000,200,1400,3,5,5,1,1,1,الهیه
23000000000,200,1404,3,6,2,1,1,1,سجاد شهر
16000000000,200,1404,3,3,3,1,1,1,هنرستان
26000000000,200,1404,3,5,5,1,1,1,ملک‌آباد
11500000000,200,1404,3,6,1,1,1,1,هفت تیر (آب و برق)
6790000000,200,1404,3,4,4,1,1,1,الهیه
8600000000,200,1404,4,5,5,1,1,1,الهیه
11200000000,200,1404,3,4,4,1,1,1,فرهنگ
14000000000,200,1404,3,5,5,1,1,1,فارغ التحصیلان
14500000000,200,1404,3,6,5,1,1,1,رضاشهر
9000000000,200,1404,3,4,4,1,1,1,الهیه
12500000000,200,1404,4,5,0,1,1,1,رضاشهر
6500000000,200,1404,3,5,4,1,1,1,امیریه
9600000000,200,1404,3,6,6,1,1,1,شهرک لشکر (شهرک غرب)
10800000000,200,1404,3,6,5,1,1,1,الهیه
7300000000,200,1404,3,5,3,1,1,1,الهیه
10000000000,200,1403,3,5,5,1,1,1,جاهد شهر
9000000000,200,1402,3,5,5,1,1,1,جاهد شهر
9200000000,200,1404,3,5,5,1,1,1,شهرک لشکر (شهرک غرب)
8000000000,200,1402,3,6,6,1,1,1,شهرک لشکر (شهرک غرب)
20000000000,200,1404,3,4,4,1,1,1,فرهنگ
9000000000,200,1404,3,6,6,1,1,1,الهیه
8000000000,200,1403,3,6,6,1,1,1,شهرک لشکر (شهرک غرب)
8300000000,200,1404,3,6,6,1,1,1,الهیه
24000000000,200,1404,3,4,4,1,1,1,آیت الله خامنه‌ای
12000000000,200,1404,3,6,3,1,1,1,آبکوه
11500000000,200,1402,3,6,6,1,1,1,خرمشهر
21500000000,200,1403,3,3,3,1,1,1,احمدآباد
10000000000,200,1403,3,4,4,1,1,1,جاهد شهر
17100000000,200,1392,3,2,2,1,1,1,سجاد شهر
10000000000,200,1402,3,4,4,1,1,1,امام رضا (ع)
15800000000,200,1404,3,4,3,1,1,1,رضاشهر
6400000000,200,1404,3,5,5,1,1,1,الهیه
7400000000,200,1404,3,5,5,1,1,1,الهیه
10000000000,200,1404,4,6,6,1,1,1,الهیه
9000000000,200,1404,4,4,4,1,1,1,الهیه
13250000000,200,1385,3,1,1,1,1,1,کوه سنگی
2580000000,200,1399,3,4,4,1,0,0,نظام دوست
3370000000,200,1375,0,0,0,0,1,1,شهید مطهری
8400000000,200,1403,3,6,2,1,1,1,الهیه
5050000000,200,1396,3,5,5,1,0,1,هنرور
20000000000,200,1403,3,6,6,1,1,1,فرهنگ
6500000000,200,1404,3,5,5,1,1,1,الهیه
8500000000,199,1404,4,3,3,1,1,1,الهیه
14000000000,195,1403,1,5,5,1,1,0,رضاشهر
23000000000,200,1403,3,6,4,1,1,1,کوثر
7000000000,200,1401,3,15,5,1,1,1,الهیه
18500000000,200,1404,3,2,2,1,1,1,هنرستان
12400000000,200,1403,3,3,3,1,1,1,هنرستان
10200000000,200,1398,4,5,1,1,1,1,شهید فرامرز عباسی
11600000000,200,1404,3,5,5,1,1,1,حرم مطهر رضوی
11600000000,200,1404,3,5,5,1,1,1,آیت الله خامنه‌ای
24000000000,200,1404,3,4,4,1,1,1,حرم مطهر رضوی
8950000000,200,1403,4,5,1,1,1,1,الهیه
9000000000,200,1402,4,5,5,1,1,1,الهیه
9200000000,200,1404,4,6,6,1,1,1,الهیه
11000000000,200,1404,4,6,3,1,1,1,هفت تیر (آب و برق)
8000000000,201,1404,3,6,5,1,1,1,الهیه
7500000000,201,1404,3,5,5,1,1,1,الهیه
9000000000,201,1404,4,6,6,1,1,1,جاهد شهر
7900000000,202,1404,3,6,4,1,1,1,الهیه
13200000000,202,1403,3,6,2,1,1,1,فارغ التحصیلان
7100000000,202,1402,3,5,5,1,1,1,الهیه
7800000000,202,1402,3,5,1,1,1,1,الهیه
7800000000,204,1404,3,5,3,1,1,1,الهیه
7250000000,204,1404,3,6,2,1,1,1,الهیه
12200000000,204,1402,3,6,6,1,1,1,امام رضا (ع)
8000000000,204,1403,3,0,0,1,1,1,حسابی جنوبی (شهرک غرب)
7800000000,205,1404,3,6,5,1,1,1,الهیه
19600000000,205,1404,3,6,6,1,1,1,آزادشهر
10100000000,205,1394,3,3,3,1,1,1,هفت تیر (حافظ)
9900000000,205,1404,3,1,1,1,1,1,هنرور
7700000000,205,1404,3,5,5,1,1,1,الهیه
13000000000,200,1404,3,3,3,1,1,1,هنرستان
11500000000,205,1403,3,6,5,1,1,1,هفت تیر (آب و برق)
9600000000,205,1404,3,5,4,1,1,1,الهیه
10800000000,205,1404,4,6,1,1,1,1,صیاد شیرازی
7500000000,205,1403,3,6,1,1,1,1,الهیه
11600000000,205,1402,3,6,5,1,1,1,صیاد شیرازی
20500000000,230,1399,3,6,4,1,1,1,کوثر
11300000000,205,1403,3,6,4,1,1,1,جاهد شهر
7380000000,205,1404,3,2,2,1,1,1,الهیه
8000000000,207,1404,4,5,5,1,1,1,الهیه
12800000000,207,1404,3,6,3,1,1,1,شهرآرا
8450000000,207,1404,3,6,5,1,1,1,الهیه
8850000000,208,1404,4,5,5,1,1,1,الهیه
8200000000,208,1404,3,6,5,1,1,1,الهیه
17000000000,208,1399,3,6,6,1,1,1,هنرستان
10000000000,208,1404,3,3,3,1,1,1,الهیه
10500000000,210,1401,3,6,4,1,1,1,هنرستان
11500000000,210,1402,3,6,5,1,1,1,شهرآرا
11000000000,210,1390,3,4,3,1,1,1,ارشاد
8900000000,210,1395,4,5,1,1,1,1,اقبال
8000000000,210,1404,3,5,4,1,1,1,الهیه
13000000000,210,1402,3,6,5,1,1,1,آزادشهر
13400000000,210,1403,3,6,5,1,1,1,آزادشهر
11000000000,210,1404,3,6,5,1,1,1,الهیه
12650000000,210,1404,3,6,5,1,1,1,آزادشهر
14000000000,210,1401,3,6,2,1,1,1,کوثر
28500000000,210,1403,3,4,4,1,1,1,سجاد شهر
10500000000,210,1401,3,6,5,1,1,1,نیروی هوایی
8500000000,210,1404,4,5,5,1,1,1,الهیه
13800000000,210,1401,3,1,1,1,1,1,هفت تیر (حافظ)
14700000000,210,1404,3,6,3,1,1,1,گوهرشاد
15000000000,210,1404,3,2,2,1,1,1,ویلاشهر
11500000000,210,1403,3,5,5,1,1,1,وکیل‌آباد
22000000000,210,1403,3,5,5,1,1,1,احمدآباد
8100000000,210,1404,3,6,5,1,1,1,الهیه
21000000000,210,1404,3,3,3,1,1,1,نیروی هوایی
9900000000,210,1404,3,5,2,1,1,1,الهیه
10000000000,210,1393,3,3,3,1,1,1,هفت تیر (حافظ)
13600000000,210,1400,3,4,1,1,1,1,هفت تیر (حافظ)
21000000000,210,1403,3,3,3,1,1,1,کوه سنگی
9240000000,210,1404,3,6,6,1,1,1,الهیه
11500000000,210,1397,3,5,2,1,1,1,نیروی هوایی
5800000000,210,1397,3,4,2,1,1,1,جانباز
24900000000,210,1404,3,3,3,1,1,1,کوثر
18800000000,210,1404,3,6,2,1,1,1,هفت تیر (حافظ)
12000000000,210,1404,3,6,6,1,1,1,چهارچشمه
13650000000,210,1404,4,1,1,1,1,1,آبکوه
9500000000,210,1404,3,6,4,1,1,1,شاهد (شهرک غرب)
28000000000,210,1404,3,3,3,1,1,1,سجاد شهر
5920000000,210,1390,2,3,0,0,1,1,اقبال
10000000000,210,1404,4,5,5,1,1,1,شهرک لشکر (شهرک غرب)
16500000000,210,1396,3,4,4,1,1,1,کوه سنگی
14500000000,210,1396,3,4,3,1,1,1,کوه سنگی
8000000000,210,1403,3,5,4,1,1,1,الهیه
11900000000,211,1404,3,4,4,1,1,1,جانباز
25000000000,212,1404,3,5,5,1,1,1,سجاد شهر
8200000000,215,1404,4,6,6,1,1,1,الهیه
24500000000,215,1404,3,6,5,1,1,1,سجاد شهر
8730000000,215,1404,3,5,5,1,1,1,الهیه
14000000000,215,1404,3,5,4,1,1,1,رضاشهر
13000000000,205,1403,4,3,3,1,1,1,هنرستان
9200000000,215,1403,3,4,4,1,1,1,جاهد شهر
13850000000,215,1404,3,3,3,1,1,1,فارغ التحصیلان
17000000000,215,1401,3,5,5,1,1,1,هنرستان
10300000000,218,1404,3,6,5,1,1,1,الهیه
11500000000,218,1395,3,5,5,1,1,1,شهید فرامرز عباسی
10400000000,218,1404,3,6,6,1,1,1,الهیه
9198000000,219,1404,3,6,4,1,1,1,الهیه
16800000000,220,1404,3,6,3,1,1,1,کوثر
15600000000,240,1404,3,0,0,1,1,1,نیروی هوایی
8800000000,220,1404,3,3,3,1,1,1,الهیه
8300000000,220,1404,3,3,3,1,1,1,الهیه
14300000000,220,1404,3,6,5,1,1,1,آزادشهر
11500000000,220,1404,3,4,4,1,1,1,جاهد شهر
15500000000,220,1388,3,5,2,1,1,1,کوثر
16500000000,220,1404,3,1,1,1,1,1,هنرستان
14300000000,220,1404,3,6,1,1,1,1,شریف
21500000000,220,1404,3,3,3,1,1,1,هنرستان
8800000000,220,1404,4,6,4,1,1,1,الهیه
9500000000,220,1404,3,6,3,1,1,1,الهیه
18500000000,220,1404,3,6,5,1,1,1,فارغ التحصیلان
7400000000,220,1401,3,4,4,1,1,1,الهیه
21000000000,220,1403,3,6,6,1,1,1,هنرستان
10340000000,220,1404,3,4,4,1,1,1,شهرک لشکر (شهرک غرب)
17600000000,220,1404,3,1,1,1,1,1,کلاهدوز
8000000000,220,1404,3,6,3,1,1,1,عبادی
27000000000,220,1404,3,6,3,1,1,1,کوثر
9500000000,220,1404,3,4,4,1,1,1,الهیه
12500000000,220,1404,4,3,3,1,1,1,فردوسی
17000000000,220,1399,3,4,4,1,1,1,هنرستان
13200000000,220,1387,3,2,2,1,1,1,کوثر
7500000000,220,1404,4,6,6,1,1,1,الهیه
12400000000,220,1403,4,6,3,1,1,1,شهید فرامرز عباسی
13420000000,220,1404,4,5,5,1,1,1,شهید رضوی
18900000000,222,1401,3,5,4,1,1,1,احمدآباد
17550000000,222,1398,3,2,6,1,1,1,هنرستان
13000000000,225,1404,3,3,3,1,1,1,الهیه
7200000000,225,1403,3,7,6,1,1,1,جانباز
17000000000,220,1402,4,6,5,1,1,1,رضاشهر
11250000000,225,1404,3,5,5,1,1,1,فرهنگیان (شهرک غرب)
9936000000,225,1401,3,5,5,1,1,1,الهیه
17200000000,225,1403,3,6,2,1,1,1,هنرستان
9850000000,245,1404,3,5,5,1,1,1,الهیه
14500000000,225,1402,3,6,2,1,1,1,شریف
6900000000,260,1404,3,8,6,1,1,1,جانباز
10000000000,225,1404,3,6,6,1,1,1,جاهد شهر
13500000000,225,1403,3,0,0,1,1,1,نیروی هوایی
17550000000,225,1398,3,4,4,1,1,1,احمدآباد
18000000000,229,1404,3,6,6,1,1,1,راهنمایی
6900000000,230,1404,1,7,6,1,1,1,جانباز
20700000000,230,1404,3,6,5,1,1,1,هفت تیر (حافظ)
9000000000,230,1404,3,6,4,1,1,1,الهیه
9600000000,230,1404,3,3,3,1,1,1,الهیه
14900000000,230,1403,4,6,5,1,1,1,آزادشهر
16300000000,230,1401,3,4,4,1,1,1,فارغ التحصیلان
23000000000,230,1404,3,3,3,1,1,1,کوثر
24500000000,230,1404,3,3,3,1,1,1,کوثر
6900000000,230,1400,3,4,4,1,1,1,جانباز
22000000000,230,1404,3,3,3,1,1,1,شهید فرامرز عباسی
9000000000,230,1404,3,5,5,1,1,1,الهیه
17250000000,230,1404,3,2,2,1,1,1,هنرستان
15600000000,230,1403,3,6,6,1,1,1,نیروی هوایی
20000000000,230,1404,4,6,4,1,1,1,هنرستان
30000000000,230,1404,4,2,2,1,1,1,کوثر
9300000000,230,1404,4,6,6,1,1,1,الهیه
22000000000,230,1404,3,6,2,1,1,1,رضاشهر
27000000000,230,1404,3,5,5,1,1,1,فلسطین
27600000000,230,1404,3,2,2,1,1,1,کوثر
15000000000,230,1404,4,4,4,1,1,1,فارغ التحصیلان
18400000000,230,1404,4,4,4,1,1,1,آزادشهر
9850000000,231,1404,3,5,3,1,1,1,الهیه
18600000000,232,1403,3,6,5,1,1,1,هنرستان
18000000000,232,1404,3,5,1,1,1,1,فارغ التحصیلان
23500000000,235,1404,3,6,1,1,1,1,هنرستان
17000000000,235,1404,4,6,3,1,1,1,شهید فرامرز عباسی
16300000000,235,1403,3,4,4,1,1,1,نیروی هوایی
19600000000,235,1404,3,6,3,1,1,1,هنرستان
24800000000,235,1403,4,2,2,1,1,1,هنرستان
17000000000,235,1398,3,5,2,1,1,1,هنرستان
7700000000,235,1404,3,6,6,1,1,1,الهیه
8600000000,235,1396,4,1,1,1,1,1,ویلاشهر
6950000000,235,1404,3,6,1,1,1,1,جاهد شهر
15300000000,237,1402,3,6,4,1,1,1,اقبال
9200000000,240,1380,3,3,2,0,1,1,احمدآباد
21000000000,240,1404,3,6,6,1,1,1,احمدآباد
17700000000,240,1404,3,6,6,1,1,1,کوثر
10200000000,240,1404,3,5,4,1,1,1,الهیه
6000000000,240,1403,3,7,7,1,1,1,امیر
14900000000,240,1400,3,4,4,1,1,1,دانشجو
14900000000,240,1400,3,4,4,1,1,1,دانشجو
19200000000,240,1404,3,7,1,1,1,1,رضاشهر
13700000000,240,1392,3,4,4,1,1,1,هنرستان
16800000000,240,1399,4,11,0,1,1,1,صیاد شیرازی
8500000000,240,1404,3,6,6,1,1,1,نرگس (شهرک غرب)
9500000000,240,1403,3,6,5,1,1,1,شهرک لشکر (شهرک غرب)
9500000000,240,1403,3,6,5,1,1,1,شهرک لشکر (شهرک غرب)
21990000000,239,1403,3,5,5,1,1,1,احمدآباد
17000000000,240,1389,3,5,1,1,1,1,احمدآباد
9800000000,240,1404,3,6,4,1,1,1,الهیه
22500000000,240,1403,3,6,6,1,1,1,کوثر
14500000000,240,1403,3,6,6,1,1,1,هنرستان
16500000000,240,1403,3,5,5,1,1,1,فارغ التحصیلان
7200000000,242,1404,3,8,7,1,1,1,جانباز
8500000000,243,1404,3,6,6,1,1,1,الهیه
22000000000,245,1390,3,1,1,1,1,1,سجاد شهر
7800000000,245,1404,2,1,1,1,1,1,الهیه
15000000000,245,1399,3,6,6,1,1,1,کوثر
28000000000,245,1404,3,6,4,1,1,1,سجاد شهر
16000000000,245,1402,3,6,6,1,1,1,دانشجو
10200000000,248,1404,3,5,2,1,1,1,الهیه
24000000000,260,1404,3,3,3,1,1,1,هفت تیر (حافظ)
16250000000,250,1404,3,2,2,1,1,1,هنرستان
15000000000,250,1393,3,5,4,1,1,1,کوثر
10900000000,260,1404,3,6,3,1,1,1,الهیه
14500000000,250,1402,3,6,6,1,1,1,دانشجو
16800000000,250,1404,4,3,3,1,1,1,صیاد شیرازی
30000000000,250,1403,3,5,5,1,1,1,ملک‌آباد
37000000000,250,1373,3,3,1,0,1,1,فرهنگ
16250000000,250,1404,4,6,6,1,1,1,کلاهدوز
13500000000,250,1388,3,1,1,1,1,1,شهید فرامرز عباسی
24000000000,250,1403,4,6,0,1,1,1,احمدآباد
22000000000,250,1404,4,6,4,1,1,1,راهنمایی
26250000000,250,1401,3,6,1,1,1,1,آزادشهر
9800000000,250,1404,4,5,5,1,1,1,الهیه
9000000000,255,1403,3,6,4,1,1,1,الهیه
14300000000,260,1404,4,6,6,1,1,1,الهیه
11500000000,260,1404,4,6,6,1,1,1,الهیه
22950000000,260,1404,3,6,2,1,1,1,بهشت
15700000000,260,1404,3,6,6,1,1,1,هفت تیر (آب و برق)
21000000000,270,1404,4,2,2,1,1,1,هنرستان
12000000000,260,1404,3,5,5,1,1,1,الهیه
18200000000,260,1404,3,6,3,1,1,1,کلاهدوز
44500000000,260,1404,3,5,5,1,1,1,کوثر
35000000000,260,1404,3,4,4,1,1,1,ملک‌آباد
18200000000,260,1404,4,5,5,1,1,1,الهیه
10500000000,265,1404,3,6,6,1,1,1,الهیه
26950000000,270,1400,4,6,1,1,1,1,کوثر
29000000000,270,1404,4,4,4,1,1,1,سجاد شهر
28000000000,270,1402,4,5,5,1,1,1,سجاد شهر
18900000000,270,1404,4,6,6,1,1,1,الهیه
32500000000,270,1404,4,6,4,1,1,1,سجاد شهر
32480000000,280,1403,4,5,2,1,1,1,احمدآباد
19700000000,280,1404,4,6,3,1,1,1,وکیل‌آباد
15950000000,280,1398,4,4,4,1,1,1,کوثر
11200000000,280,1404,4,6,6,1,1,1,الهیه
27800000000,280,1404,4,6,2,1,1,1,کوه سنگی
28000000000,280,1403,3,2,2,1,1,1,احمدآباد
21000000000,280,1404,3,0,0,1,1,1,رضاشهر
28200000000,280,1400,4,5,5,1,1,1,سجاد شهر
30000000000,280,1404,4,5,3,1,1,1,سجاد شهر
15600000000,280,1404,4,6,6,1,1,1,الهیه
35600000000,285,1399,3,1,1,1,1,1,سجاد شهر
9500000000,288,1401,3,5,1,1,1,1,الهیه
18000000000,290,1395,4,5,3,1,1,1,هنرستان
11600000000,290,1404,4,7,7,1,1,1,الهیه
20000000000,295,1404,4,5,2,1,1,1,فارغ التحصیلان
40000000000,298,1404,4,6,4,1,1,1,سجاد شهر
12950000000,108,1403,2,3,3,1,1,1,آبکوه
6800000000,125,1380,2,8,8,1,1,1,ارشاد
2450000000,65,1390,2,4,3,0,1,1,فرهنگیان (شهرک غرب)
10000000000,420,1404,4,6,6,1,1,1,رضاشهر
5055000000,107,1403,2,3,3,1,1,1,الهیه
6000000000,120,1403,2,3,3,1,1,1,الهیه
6250000000,135,1404,3,4,4,1,1,1,شاهد (شهرک غرب)
7500000000,177,1392,3,3,3,1,0,1,کلاهدوز
3200000000,135,1385,3,3,3,0,1,1,حجاب (شهرک غرب)
10900000000,166,1403,3,4,4,1,1,1,رضاشهر
4750000000,150,1403,3,6,2,1,1,1,امیر
79000000,153,1403,3,3,3,1,1,1,فرهنگیان (شهرک غرب)
4500000000000,116,1395,3,4,1,1,1,1,هدایت
12000000000,192,1402,3,6,6,1,1,1,خرمشهر
7600000000,148,1390,3,3,3,1,1,1,شهید فرامرز عباسی
5500000000,129,1397,3,4,1,1,1,1,شهرک رازی (شهرک غرب)
5100000000,130,1399,3,4,4,1,1,1,فرهنگیان (شهرک غرب)
4150000000,130,1397,3,5,4,1,1,1,شهید مطهری
9690000000,171,1404,3,1,1,1,1,1,رضاشهر
14000000000,200,1404,3,4,4,1,1,1,آزادشهر
6075000000,135,1403,3,5,5,1,1,1,الهیه
4600000000,120,1385,3,3,0,1,1,1,شاهد (شهرک غرب)
5960000000,138,1399,3,4,4,1,1,1,جاهد شهر
6600000000,152,1404,3,3,3,1,1,1,نرگس (شهرک غرب)
6000000000,240,1390,3,3,1,1,0,1,گلبرگ
4750000000,112,1404,2,3,3,1,1,1,الهیه
7250000000,145,1404,3,4,4,1,1,1,شهرآرا
12000000000,340,1392,4,1,1,1,1,1,الهیه
4000000000,100,1403,2,5,1,1,1,1,الهیه
8280000000,186,1404,3,6,3,1,1,1,فرهنگیان (شهرک غرب)
18000000000,300,1404,4,7,7,1,1,1,تربیت (صدف)
26000000000,300,1390,4,3,3,1,1,1,سجاد شهر
45000000000,300,1404,3,6,2,1,1,1,سجاد شهر
35000000000,300,1400,4,2,2,1,1,1,سجاد شهر
31000000000,310,1404,4,6,3,1,1,1,رضاشهر
24900000000,300,1404,4,7,5,1,1,1,کوه سنگی
33500000000,300,1404,3,3,3,1,1,1,سجاد شهر
19300000000,300,1404,4,6,6,1,1,1,هنرستان
30000000000,300,1404,3,3,3,1,1,1,سجاد شهر
25500000000,300,1404,3,0,0,1,1,1,کوثر
33000000000,300,1404,4,4,4,1,1,1,سجاد شهر
46000000000,300,1404,3,3,3,1,1,1,سجاد شهر
17500000000,300,1404,4,6,6,1,1,1,فرهنگ
30000000000,300,1404,3,6,4,1,1,1,سجاد شهر
36000000000,300,1402,4,4,4,1,1,1,ملک‌آباد
33000000000,300,1402,4,6,6,1,1,1,سجاد شهر
30000000000,300,1402,4,6,6,1,1,1,ملک‌آباد
36000000000,300,1402,4,6,6,1,1,1,سجاد شهر
34700000000,311,1404,4,4,4,1,1,1,سجاد شهر
31000000000,300,1404,4,6,1,1,1,1,احمدآباد
27000000000,300,1404,4,3,3,1,1,1,آزادشهر
39000000000,300,1404,4,6,6,1,1,1,سجاد شهر
26900000000,305,1394,4,4,4,1,1,1,ملک‌آباد
39000000000,305,1404,4,6,6,1,1,1,سجاد شهر
21500000000,305,1390,3,5,1,1,1,1,کوه سنگی
22000000000,305,1393,4,4,1,1,1,1,احمدآباد
30500000000,305,1399,4,4,4,1,1,1,سجاد شهر
38000000000,305,1404,4,6,5,1,1,1,کوه سنگی
45700000000,305,1404,4,3,3,1,1,1,سجاد شهر
24500000000,306,1400,4,6,4,1,1,1,کوه سنگی
19500000000,310,1382,4,5,2,1,1,1,سجاد شهر
17000000000,310,1404,4,7,7,1,1,1,الهیه
28500000000,310,1397,4,3,3,1,1,1,کوثر
38700000000,310,1404,3,6,2,1,1,1,سجاد شهر
40000000000,310,1403,4,6,5,1,1,1,سجاد شهر
40000000000,313,1404,4,6,5,1,1,1,سجاد شهر
31500000000,315,1404,4,5,3,1,1,1,رضاشهر
36000000000,315,1404,4,6,1,1,1,1,احمدآباد
45000000000,315,1402,4,5,5,1,1,1,سجاد شهر
36500000000,316,1404,4,4,4,1,1,1,سجاد شهر
26000000000,317,1398,4,6,6,1,1,1,هنرستان
37500000000,318,1404,4,3,2,1,1,1,احمدآباد
30000000000,320,1404,4,6,4,1,1,1,کوه سنگی
41900000000,320,1404,4,4,4,1,1,1,سجاد شهر
34000000000,320,1404,4,3,3,1,1,1,کوثر
35200000000,320,1396,4,2,2,1,1,1,ملک‌آباد
35000000000,320,1404,4,4,4,1,1,1,کوثر
32000000000,320,1402,4,5,4,1,1,1,کوثر
39000000000,320,1404,3,6,6,1,1,1,سجاد شهر
27000000000,320,1404,4,5,5,1,1,1,رضاشهر
33000000000,320,1403,4,6,6,1,1,1,سجاد شهر
41600000000,320,1404,4,2,2,1,1,1,سجاد شهر
39000000000,320,1404,4,6,1,1,1,1,احمدآباد
32200000000,322,1404,4,4,4,1,1,1,سجاد شهر
41000000000,325,1404,4,5,5,1,1,1,احمدآباد
35520000000,327,1403,4,4,4,1,1,1,احمدآباد
35000000000,330,1400,4,3,3,1,1,1,سجاد شهر
31190000000,330,1403,4,2,2,1,1,1,کوه سنگی
28500000000,330,1395,4,5,5,1,1,1,سجاد شهر
38000000000,330,1404,3,5,5,1,1,1,سجاد شهر
21000000000,330,1390,4,4,0,0,1,1,احمدآباد
38000000000,330,1404,4,6,2,1,1,1,احمدآباد
42000000000,330,1403,4,6,6,1,1,1,احمدآباد
48000000000,330,1404,4,5,5,1,1,1,سجاد شهر
33000000000,333,1400,4,7,5,1,1,1,فرهنگ
25000000000,335,1394,4,5,5,1,1,1,هفت تیر (حافظ)
18900000000,336,1404,3,6,3,1,1,1,الهیه
30600000000,340,1400,4,6,6,1,1,1,رضاشهر
17000000000,340,0,4,3,0,0,1,1,احمدآباد
43000000000,340,1402,4,5,5,1,1,1,سجاد شهر
69000000000,350,1404,4,2,2,1,1,1,سجاد شهر
39000000000,350,1404,4,2,2,1,1,1,فرهنگ
25900000000,350,1404,4,5,5,1,1,1,رضاشهر
25500000000,350,1404,4,5,5,1,1,1,رضاشهر
22000000000,350,1400,4,7,7,1,1,1,سید رضی
35000000000,355,1403,4,5,5,1,1,1,سجاد شهر
41400000000,360,1402,4,4,4,1,1,1,سجاد شهر
48000000000,360,1404,4,6,5,1,1,1,سجاد شهر
43000000000,365,1400,4,7,7,1,1,1,فلسطین
60000000000,370,1404,4,6,3,1,1,1,احمدآباد
39500000000,370,1404,4,6,4,1,1,1,سجاد شهر
53000000000,370,1404,4,6,4,1,1,1,کوثر
27000000000,380,1400,4,6,6,1,1,1,وکیل‌آباد
38300000000,390,1404,4,10,5,1,1,1,آزادشهر
9500000000,165,1404,3,3,3,1,1,1,سید رضی
8000000000,156,1403,3,5,5,1,1,1,حرم مطهر رضوی
7140000000,140,1394,3,5,3,1,1,1,هنرستان
5160000000,140,1404,3,6,6,1,1,1,الهیه
6450000000,150,1404,3,5,1,1,1,1,نرگس (شهرک غرب)
6600000000,155,1399,3,5,5,1,1,1,الهیه
6450000000,145,1404,3,6,2,1,1,1,الهیه
4520000000,117,1388,3,6,2,0,1,1,صیاد شیرازی
8500000000,140,1404,3,4,4,1,1,1,الهیه
4480000000,140,1403,3,6,4,1,1,1,امیر
3650000000,125,1403,3,6,3,1,1,1,امیر
4800000000,115,1395,3,1,1,1,1,1,فرهنگیان (شهرک غرب)
4520000000,115,1388,3,3,2,0,1,1,صیاد شیرازی
8100000000,135,1404,3,6,2,1,1,1,سید رضی
4400000000,140,1402,3,6,6,1,1,1,رستگار
6600000000,117,1404,3,4,4,1,1,1,جاهد شهر
4500000000,140,1404,3,2,2,1,1,1,شهید مطهری
6500000000,165,1404,3,4,4,1,1,1,جاهد شهر
12600000000,183,1399,3,2,2,1,1,1,هنرستان
2380000000,128,1404,3,5,0,1,0,0,خواجه ربیع
1500000000,95,1404,2,3,3,0,1,1,صیدآباد
18000000000,190,1404,3,6,5,1,1,1,هنرستان
37000000000,358,1404,4,6,6,1,1,1,کوثر
19000000000,300,1395,4,3,3,1,1,1,هنرستان
6650000000,157,1401,3,3,3,1,1,1,فرهنگیان (شهرک غرب)
34000000000,460,1400,4,3,3,1,1,1,امام رضا (ع)
640000000,40,1400,1,4,0,0,0,1,سپاد
55000000000,400,1404,4,3,3,1,1,1,ملک‌آباد
18000000000,400,1404,4,8,6,1,1,1,الهیه
53500000000,400,1403,4,6,6,1,1,1,سجاد شهر
44000000000,400,1402,4,6,6,1,1,1,سجاد شهر
47800000000000,400,1404,4,5,5,1,1,1,کوثر
46000000000,400,1403,4,5,5,1,1,1,سجاد شهر
56000000000,400,1403,4,2,2,1,1,1,سجاد شهر
980000000,40,1395,0,0,0,0,0,0,هدایت
55000000000,415,1403,4,3,3,1,1,1,سجاد شهر
48000000000,438,1404,4,4,4,1,1,1,سجاد شهر
47000000000,435,1404,4,5,5,1,1,1,سجاد شهر
65000000000,440,1404,4,7,4,1,1,1,سجاد شهر
55000000000,440,1403,4,6,6,1,1,1,سجاد شهر
48000000000,440,1402,4,6,6,1,1,1,ملک‌آباد
950000000,45,1397,1,3,1,0,0,1,حسین‌آباد
2000000000,45,1380,0,1,1,0,0,1,مشکینی (شهرک غرب)
900000000,45,1403,1,3,3,0,0,1,نظام دوست
49500000000,450,1403,4,6,6,1,1,1,سجاد شهر
55000000000,450,1403,4,6,6,1,1,1,سجاد شهر
112500000000,450,1404,4,4,4,1,1,1,سجاد شهر
1130000000,45,1400,1,0,0,0,0,0,هنرور
22000000000,460,1391,2,4,3,0,1,1,کوثر
23800000000,300,1401,4,3,3,1,1,1,هنرستان
24000000000,295,1404,4,6,6,1,1,1,شهید فرامرز عباسی
12300000000,210,1403,4,6,6,1,1,1,الهیه
41000000000,680,1397,4,4,4,1,1,1,وکیل‌آباد
8900000000,164,1400,3,5,5,1,1,1,آزادشهر
7440000000,120,1404,2,4,1,1,1,1,چهارچشمه
40000000000,80,1404,2,4,4,1,1,0,بالا خیابان
23000000000,110,1404,3,4,4,1,1,1,استاد یوسفی (شهرک غرب)
13800000000,165,1404,3,6,3,1,1,1,آزادشهر
899000000,49,1396,1,0,0,0,1,1,یوسفیه (شهرک غرب)
9000000,50,1398,1,3,0,0,0,0,یوسفیه (شهرک غرب)
1130000000,50,1401,1,3,3,0,0,1,یوسفیه (شهرک غرب)
1890000000,50,1385,1,3,3,0,1,1,الهیه
1000000000,50,1389,1,0,0,0,1,1,ایثارگران
2100000000,50,1380,1,2,1,0,0,0,هفده شهریور
1800000000,50,1388,1,0,0,0,1,1,الهیه
4500000000,90,1404,0,0,0,1,1,0,سناباد
1800000000,50,1390,1,1,1,0,1,1,الهیه
1280000000,50,1395,1,0,0,0,1,1,یوسفیه (شهرک غرب)
1850000000,50,1385,1,3,2,0,1,1,شهرک لشکر (شهرک غرب)
1680000000,45,1385,1,2,2,0,1,0,الهیه
820000000,50,1396,1,4,2,0,0,0,یوسفیه (شهرک غرب)
890000000,50,1396,1,0,0,0,0,0,یوسفیه (شهرک غرب)
16000000000,50,1390,1,3,1,0,0,0,عامل
1300000000,50,1390,1,3,3,0,0,0,شهید مطهری
22000000000,175,1404,3,3,3,1,1,1,احمدآباد
1700000000,50,1404,1,3,3,1,1,1,عیدگاه
1550000000,50,1385,1,0,0,0,0,0,جاهد شهر
1600000000,50,1383,1,4,3,0,0,0,الهیه
1200000000,50,1404,1,6,0,1,0,1,کوی ولیعصر
680000000,50,1391,1,2,0,0,0,0,نوید
1500000000,50,0,1,1,1,0,0,0,حجاب (شهرک غرب)
1620000000,50,1377,1,0,0,0,0,0,حجاب (شهرک غرب)
1615000000,50,1384,1,0,0,0,0,0,ادیب نیشابوری (شهرک غرب)
1350000000,50,1402,2,1,1,1,0,0,یوسفیه (شهرک غرب)
2550000000,50,1395,1,2,2,0,0,0,رضاییه
1270000000,50,1387,1,1,1,0,1,0,حجاب (شهرک غرب)
1400000000,50,1385,1,0,0,0,1,0,حجاب (شهرک غرب)
1950000000,50,1387,1,1,1,0,1,0,الهیه
1670000000,50,1384,1,2,2,0,1,0,الهیه
900000000,50,1398,1,0,0,0,0,0,توس (بلوار توس)
1300000000,50,1378,1,3,3,0,1,1,حجاب (شهرک غرب)
1800000000,50,1386,1,3,0,1,1,0,الهیه
1330000000,50,1396,1,2,2,0,0,1,موسوی قوچانی
590000000,50,1380,1,2,0,0,0,0,بهمن
650000000,50,1390,1,4,0,0,0,0,حضرت حجت
900000000,50,1400,1,0,0,0,0,1,نظام دوست
1430000000,50,1378,1,3,2,0,0,0,امامیه (شهرک غرب)
680000000,50,1385,1,0,0,0,0,0,کوی ولیعصر
1050000000,50,1404,1,4,4,0,0,1,ایثارگران
1900000000,50,1384,1,0,0,0,1,1,جاهد شهر
1900000000,51,1379,1,4,4,0,1,1,امیریه
4000000000,51,1397,1,7,7,1,1,1,هفده شهریور
3050000000,51,1385,1,2,0,0,1,1,نیروی هوایی
4100000000,53,1397,1,5,5,1,1,1,هفده شهریور
1195000000,53,1393,1,3,0,0,0,1,ایثارگران
24500000000,540,1401,3,2,2,1,1,1,شهرک رازی (شهرک غرب)
1710000000,54,1388,1,4,0,0,0,1,الهیه
1000000000,50,1398,1,1,1,0,0,0,رستگار
720000000,55,1398,1,3,3,0,0,1,نوید
1350000000,55,1393,1,0,0,0,0,0,نکاح
1150000000,55,1396,1,4,2,0,0,1,شاهد (شهرک غرب)
780000000,55,1402,1,2,2,0,0,1,حضرت حجت
920000000,55,1397,1,2,2,0,0,1,شهرک ابوذر
970000000,55,1403,1,4,0,1,0,0,یوسفیه (شهرک غرب)
3900000000,55,1397,1,3,3,1,1,1,هفده شهریور
1350000000,57,1390,1,5,2,0,0,0,نکاح
1495000000,55,1401,1,1,1,0,0,0,نکاح
2200000000,55,1388,1,16,2,0,1,0,الهیه
1650000000,55,1395,1,0,0,1,0,0,شهید مطهری
1900000000,55,1390,1,3,3,0,1,1,امیریه
1070000000,55,1402,1,2,2,0,0,1,نظام دوست
920000000,55,1404,1,1,1,0,0,1,نظام دوست
1000000000,55,1400,1,3,0,0,0,1,نظام دوست
800000000,55,1401,1,2,2,0,0,1,کشف
540000000,55,1394,1,2,0,0,0,1,کشف
2100000000,55,1400,1,1,1,0,0,1,نکاح
1100000000,55,1403,1,4,2,0,0,0,شهرک بهارستان
4350000000,55,1400,1,2,2,1,1,1,بالا خیابان
850000000,55,1394,1,2,0,0,0,0,هفت تیر (نه دره)
700000000,55,1400,1,2,2,0,0,0,چاهشک
2393000000,56,1389,1,3,3,1,1,0,جاهد شهر
1150000000,55,1395,1,3,0,0,0,1,هفت تیر (نه دره)
1800000000,50,1380,1,3,0,0,0,1,الهیه
1720000000,55,1385,1,0,0,0,1,0,الهیه
890000000,55,1398,1,3,3,0,0,0,یوسفیه (شهرک غرب)
1200000000,55,1395,1,4,2,0,0,1,شفا
3980000000,55,1391,1,0,0,0,1,1,هفت تیر (حافظ)
2500000000,55,1388,1,0,0,0,1,1,هفت تیر (آب و برق)
1900000000,55,1388,1,3,3,0,1,1,الهیه
1180000000,55,1392,1,3,3,0,0,1,ایثارگران
2750000000,56,1387,1,0,0,0,0,1,نیروی هوایی
3800000000,57,1398,1,7,7,1,1,1,حرم مطهر رضوی
7000000000,57,1404,2,3,2,1,1,1,آیت الله خامنه‌ای
2350000000,58,1383,2,1,1,0,1,1,هفت تیر (آب و برق)
2390000000,58,1394,1,2,1,0,1,0,مشکینی (شهرک غرب)
7375000000,59,1397,1,8,8,1,1,0,حرم مطهر رضوی
5300000000,59,1400,1,5,5,1,1,0,عیدگاه
3800000000,80,1390,2,4,2,1,1,1,امام رضا (ع)
70000000000,500,1402,2,5,5,1,1,1,آیت الله خامنه‌ای
75000000000,160,1404,3,5,5,1,1,1,راهنمایی
2750000000,75,1393,2,1,1,1,1,1,جاهد شهر
35000000000,600,1392,4,6,6,1,1,1,شریف
22000000000,260,1404,3,6,6,1,1,1,سجاد شهر
1450000000,60,1395,1,4,2,0,0,1,گلبرگ
1450000000,60,1389,1,3,3,0,1,0,حجاب (شهرک غرب)
1220000000,60,1397,1,4,2,0,0,1,کوی سیدی
1170000000,60,1394,1,2,2,0,0,1,کوی سیدی
1180000000,60,1394,1,2,2,0,0,1,کوی سیدی
1470000000,60,1399,1,3,3,0,0,1,شهید مطهری
1370000000,60,1401,1,3,3,0,0,1,شهید مطهری
3000000000,60,1385,2,4,3,0,1,0,گوهرشاد
2220000000,60,1395,2,3,0,0,1,1,شهرک لشکر (شهرک غرب)
1960000000,60,1388,1,4,4,0,1,1,هفت تیر (آب و برق)
880000000,60,1400,1,0,0,0,0,1,نظام دوست
1400000000,60,1404,1,3,3,1,0,1,یوسفیه (شهرک غرب)
1990000000,60,1388,1,3,1,0,0,0,هنرستان
1510000000,60,1397,1,3,3,0,0,1,حجاب (شهرک غرب)
910000000,60,1393,1,4,3,0,0,0,منزل آباد
4500000000,60,1396,1,6,6,1,1,1,حرم مطهر رضوی
1500000000,60,1401,2,4,0,0,0,0,موسوی قوچانی
2550000000,60,1385,1,0,0,0,1,1,هفت تیر (آب و برق)
2200000000,60,1397,2,3,0,0,1,0,حسابی جنوبی (شهرک غرب)
1150000000,60,1403,1,0,0,0,0,0,طبرسی شمالی
1400000000,60,1390,1,3,0,0,0,0,شهید مطهری
3010000000,60,1388,1,3,3,1,1,1,شهرک رازی (شهرک غرب)
1550000000,60,1390,1,4,3,0,0,0,سرافرازان
1420000000,60,1404,1,1,1,0,0,0,ایثار
2200000000,60,1385,1,1,1,0,1,1,مشکینی (شهرک غرب)
3350000000,60,1387,1,2,1,0,0,1,فردوسی
4450000000,60,1400,1,5,5,1,1,1,کوی راد
2000000000,60,1395,1,0,0,0,0,0,سرافرازان
4200000000,60,1399,1,3,3,1,1,1,کوی راد
3700000000,60,1381,1,1,1,0,1,1,کوثر
1600000000,65,1390,1,3,3,0,0,0,شهرک لشکر (شهرک غرب)
970000000,60,1393,1,2,2,0,0,0,توس (بلوار توس)
2100000000,60,1387,1,3,1,0,1,1,الهیه
2150000000,60,1379,2,2,2,0,1,0,جاهد شهر
2200000000,60,1397,2,3,2,0,0,0,شهرک بهارستان
1480000000,60,1375,2,3,3,0,0,0,امامیه (شهرک غرب)
1750000000,60,1394,2,3,0,0,0,1,شهرک رازی (شهرک غرب)
1270000000,60,1402,1,2,1,0,0,1,وحید
539000000,60,1404,1,2,2,0,0,0,مهدی آباد (بلوار توس)
1200000000,60,1397,1,2,0,0,0,1,حجت
8100000000,60,1404,1,3,3,1,1,1,آیت الله خامنه‌ای
6700000000,60,1402,1,2,2,1,1,1,سراب
6900000000,60,1402,1,2,2,1,1,1,بالا خیابان
1410000000,60,1385,1,4,3,0,1,1,الهیه
2690000000,61,1387,2,3,2,0,1,0,شاهد (شهرک غرب)
2700000000,61,1385,2,2,2,0,1,1,ادیب نیشابوری (شهرک غرب)
2580000000,62,1388,2,4,1,0,1,1,شهرک رازی (شهرک غرب)
2580000000,62,1387,2,1,1,0,1,0,شهرک رازی (شهرک غرب)
1100000000,62,1398,1,1,1,0,0,0,هنرور
2050000000,62,1389,2,4,4,0,1,0,شهرک رازی (شهرک غرب)
3300000000,62,1393,1,3,1,1,1,1,حسابی جنوبی (شهرک غرب)
2350000000,62,1391,1,3,3,1,1,1,موسوی قوچانی
2700000000,62,1387,2,4,2,0,1,1,شاهد (شهرک غرب)
2960000000,63,1392,1,3,1,1,1,1,فرهنگیان (شهرک غرب)
2050000000,63,1390,2,4,4,0,1,0,فرهنگیان (شهرک غرب)
4350000000,63,1398,1,6,6,1,1,1,کوی راد
2500000000,63,1385,2,4,2,0,1,1,ولیعصر (شهرک غرب)
12200000000,64,1403,1,2,2,1,1,0,حرم مطهر رضوی
7600000000,64,1397,1,2,2,1,1,0,حرم مطهر رضوی
2290000000,64,1384,2,3,3,0,1,0,شاهد (شهرک غرب)
3070000000,65,1390,1,3,0,0,1,1,صیاد شیرازی
2699000000,65,1389,2,4,1,0,1,1,ولیعصر (شهرک غرب)
2659000000,65,1390,2,2,2,0,1,1,شاهد (شهرک غرب)
2565000000,65,1385,2,2,2,0,1,1,شهرک رازی (شهرک غرب)
1950000000,65,1385,1,1,1,0,1,0,الهیه
2380000000,65,1390,2,4,3,0,1,1,امامیه (شهرک غرب)
2369000000,65,1388,2,2,3,0,1,1,ولیعصر (شهرک غرب)
7800000000,65,1399,1,9,9,1,1,0,کوی راد
1710000000,65,1390,1,4,2,0,0,0,امامیه (شهرک غرب)
1630000000,65,1397,1,2,2,0,1,1,کوی سیدی
1550000000,65,1395,2,1,1,0,1,1,یوسفیه (شهرک غرب)
2600000000,65,1392,1,3,3,0,1,1,سرافرازان
2100000000,65,1395,2,4,3,0,0,1,سرافرازان
1250000000,65,1401,1,3,3,0,0,1,طلاب
3950000000,65,1385,1,1,1,0,1,1,کوثر
2699000000,65,1388,2,4,2,0,1,1,ولیعصر (شهرک غرب)
2750000000,65,1387,2,2,2,0,1,1,ولیعصر (شهرک غرب)
2500000000,65,1380,1,1,1,0,1,1,سرافرازان
1500000000,65,1394,2,4,4,1,0,1,میعاد (شهرک غرب)
2670000000,65,1390,2,3,2,0,1,1,شاهد (شهرک غرب)
760000000,65,1403,1,2,0,0,0,0,کشف
700000000,65,1400,1,2,0,0,0,0,نوید
2150000000,65,1392,1,4,3,0,1,1,حجاب (شهرک غرب)
1680000000,65,1400,1,2,2,1,0,1,ایثار
2490000000,65,1385,2,4,4,0,1,0,صیاد شیرازی
1820000000,65,1390,2,4,4,1,0,0,امامیه (شهرک غرب)
2470000000,65,1390,2,3,3,0,1,1,شاهد (شهرک غرب)
930000000,65,1396,1,1,1,0,0,0,رباط طرق
5500000000,65,1399,1,2,2,1,1,1,بالا خیابان
1500000000,65,1404,2,3,3,1,0,1,یوسفیه (شهرک غرب)
2680000000,65,1388,2,4,2,0,1,1,ولیعصر (شهرک غرب)
1280000000,65,1398,2,2,2,0,1,0,یوسفیه (شهرک غرب)
1450000000,65,1404,1,4,3,0,0,1,نظام دوست
3400000000,65,1385,1,4,3,0,1,1,کوثر
2200000000,65,1394,1,4,2,0,1,1,سرافرازان
4300000000,65,1398,1,3,3,1,1,1,جوادیه
3500000000,65,1390,1,2,2,0,1,0,آیت الله کاشانی
1800000000,65,1392,1,4,4,1,0,0,طلاب
1950000000,65,1389,1,3,3,0,0,1,مشکینی (شهرک غرب)
4350000000,65,1400,1,3,3,1,1,1,حرم مطهر رضوی
2150000000,65,1386,2,4,4,0,1,0,حسابی جنوبی (شهرک غرب)
2950000000,65,1385,1,4,4,1,1,1,صیاد شیرازی
2150000000,65,1390,1,3,3,0,1,1,حجاب (شهرک غرب)
850000000,65,1404,2,5,3,0,0,0,طبرسی شمالی
2650000000,65,1387,2,3,2,0,1,1,فرهنگیان (شهرک غرب)
2250000000,63,1387,2,4,3,0,1,1,حسابی جنوبی (شهرک غرب)
930000000,65,1398,2,3,3,0,0,0,یوسفیه (شهرک غرب)
1190000000,65,1395,2,1,1,0,0,0,توس (بلوار توس)
3300000000,65,1386,2,2,2,0,1,1,نیروی هوایی
1170000000,65,1396,1,0,0,0,0,1,وحید
2950000000,66,1391,1,3,2,1,1,1,حسابی جنوبی (شهرک غرب)
4050000000,206,1390,1,0,0,0,1,1,رضاشهر
2000000000,66,1385,2,2,1,0,1,0,الهیه
2670000000,66,1390,2,3,2,0,1,1,فرهنگیان (شهرک غرب)
2800000000,67,1385,2,4,1,0,1,1,ولیعصر (شهرک غرب)
4087000000,67,1404,1,2,2,1,1,1,جنت
3150000000,67,1395,2,3,1,1,1,1,شاهد (شهرک غرب)
2600000000,67,1385,2,2,1,0,1,1,مشکینی (شهرک غرب)
2950000000,67,1392,1,3,2,1,1,1,حسابی جنوبی (شهرک غرب)
2200000000,67,1384,2,3,3,0,1,1,وکیل‌آباد
12390000000,67,1402,1,3,3,1,1,0,آیت الله خامنه‌ای
2950000000,67,1391,1,3,2,1,1,1,حسابی جنوبی (شهرک غرب)
1648000000,66,1404,2,4,3,1,0,0,ایثارگران
2950000000,68,1387,1,4,4,1,1,0,هنرستان
1250000000,68,1398,1,0,0,0,0,1,تلگرد
1420000000,68,1399,1,4,2,0,0,1,شهرک بهارستان
6800000000,68,1378,1,1,1,1,0,1,سناباد
2680000000,68,1395,1,2,2,0,1,1,حرم مطهر رضوی
1980000000,68,1394,1,3,3,0,0,0,میعاد (شهرک غرب)
2890000000,68,1385,2,4,1,0,1,1,ولیعصر (شهرک غرب)
2880000000,68,1388,2,4,1,0,1,1,ولیعصر (شهرک غرب)
96600000000,183,1400,3,6,4,1,1,1,آزادشهر
110000000000,990,1404,4,6,6,1,1,1,سجاد شهر
4100000000,70,1389,2,4,4,1,1,1,صیاد شیرازی
2890000000,150,1390,1,4,0,0,1,1,صیاد شیرازی
1390000000,75,1396,1,3,2,0,0,1,حضرت حجت
1830000000,70,1387,2,3,3,0,1,0,الهیه
1700000000,73,1396,2,3,3,1,0,1,یوسفیه (شهرک غرب)
2700000000,70,1389,2,3,3,0,1,1,ولیعصر (شهرک غرب)
890000000,70,1397,1,4,2,0,0,0,هفت تیر (نه دره)
4000000000,70,1386,2,4,4,1,1,1,هفت تیر (آب و برق)
5500000000,70,1402,1,4,4,1,1,1,عیدگاه
1550000000,70,1401,1,4,4,1,0,0,گلشور
3070000000,70,1390,1,3,0,0,1,1,هفت تیر (نه دره)
3080000000,70,1390,1,4,0,1,1,1,صیاد شیرازی
4200000000,70,1387,2,4,1,0,1,1,کوثر
1350000000,70,1396,2,0,0,1,1,1,یوسفیه (شهرک غرب)
1530000000,70,1400,1,5,5,1,0,1,طلاب
2650000000,70,1387,2,4,4,0,1,1,صیاد شیرازی
2250000000,70,1384,2,0,0,0,0,0,جاهد شهر
1840000000,70,1394,2,3,2,0,0,0,امامیه (شهرک غرب)
4100000000,70,1388,2,4,4,1,1,1,صیاد شیرازی
3000000000,90,1390,2,4,1,0,1,1,ولیعصر (شهرک غرب)
3100000000,70,1392,1,9,9,1,1,1,جاهد شهر
760000000,70,1402,1,3,0,0,0,0,کشف
3050000000,75,1389,2,4,4,1,1,1,الهیه
1390000000,70,1400,1,2,2,0,0,1,نوید
1300000000,70,1392,2,0,0,0,0,0,توس (بلوار توس)
2000000000,70,1404,2,3,3,0,0,1,نکاح
1700000000,70,1395,2,3,0,0,0,1,گلشور
510000000,70,1404,1,4,3,0,0,1,طبرسی شمالی
2200000000,70,1387,2,4,4,0,1,1,ولیعصر (شهرک غرب)
5000000000,70,1385,2,2,2,1,1,1,هنرستان
1900000000,70,1385,1,3,3,0,1,0,الهیه
770000000,70,1389,1,4,4,0,1,1,حجاب (شهرک غرب)
2800000000,70,1404,1,0,0,1,1,0,جاهد شهر
1150000000,70,1401,1,3,3,0,0,1,نظام دوست
4100000000,71,1383,2,4,2,1,1,1,دانشجو
3050000000,70,1389,2,4,4,0,1,1,آزادشهر
800000000,70,1400,1,3,0,0,0,1,کشف
850000000,65,1403,1,2,0,0,0,1,نوید
1350000000,70,1389,1,4,4,0,0,0,هفت تیر (نه دره)
2750000000,70,1389,2,3,3,0,1,1,ولیعصر (شهرک غرب)
1500000000,70,1393,1,3,3,0,0,1,نکاح
2280000000,70,1397,1,4,2,1,1,1,الهیه
4200000000,70,1385,2,4,1,0,1,1,کوثر
1550000000,70,1398,2,4,2,1,0,1,یوسفیه (شهرک غرب)
1410000000,70,1395,2,5,0,1,0,0,مشکینی (شهرک غرب)
75000000000,700,1404,4,0,0,1,1,1,رضاشهر
2750000000,70,1392,1,2,2,1,1,1,امیریه
1750000000,70,1399,1,2,2,1,1,0,نظام دوست
1230000000,70,1398,1,3,2,0,0,0,طبرسی شمالی
3050000000,70,1387,1,2,2,0,1,1,کوه سنگی
1540000000,70,1394,2,2,2,0,0,0,انقلاب
1750000000,70,1402,2,2,2,0,0,1,هنرور
1750000000,70,1403,2,4,4,0,0,1,ایثارگران
1300000000,70,1396,1,3,3,0,0,1,شهرک امام هادی (شهرک غرب)
915000000,70,1397,1,1,1,0,0,0,طبرسی شمالی
3280000000,70,1388,1,3,3,1,1,1,هفت تیر (آب و برق)
2550000000,70,1389,2,3,3,1,1,1,شهرک لشکر (شهرک غرب)
1500000000,65,1401,2,5,1,1,1,0,یوسفیه (شهرک غرب)
4500000000,70,1396,1,1,1,1,1,0,پایین خیابان
890000000,70,1398,1,0,0,0,0,1,نوده
2050000000,75,1392,2,0,0,0,0,0,سرافرازان
5250000000,70,1385,2,2,2,1,1,1,آیت الله خامنه‌ای
1700000000,70,1404,2,6,6,1,0,0,تلگرد
900000000,70,1400,1,3,3,0,0,1,فدک
4900000000,70,1394,1,3,0,1,0,1,دانشجو
760000000,70,1390,1,2,1,0,0,0,شهید جنگی
1100000000,70,1403,1,0,0,0,0,1,کشف
1250000000,70,1395,1,3,3,0,0,0,توس (بلوار توس)
2300000000,70,1388,2,3,2,0,1,1,حجاب (شهرک غرب)
950000000,70,1403,2,2,0,0,0,1,همت آباد
2300000000,70,1390,2,3,3,1,1,1,پنجتن
2950000000,70,1393,2,2,2,1,1,1,الهیه
9800000000,170,1403,1,3,3,1,1,1,آیت الله خامنه‌ای
1900000000,70,1404,1,5,5,1,1,0,هنرور
3500000000,70,1397,2,2,2,1,1,1,تربیت (صدف)
3300000000,70,1393,1,5,3,1,1,1,هفت تیر (آب و برق)
9300000000,70,1403,2,1,1,1,1,1,احمدآباد
1700000000,70,1394,1,1,1,0,0,0,شفا
1800000000,70,1404,1,5,1,1,1,1,شهید مطهری
6300000000,70,1404,2,2,2,1,1,1,حرم مطهر رضوی
6300000000,70,1404,2,5,2,1,1,1,آیت الله خامنه‌ای
2500000000,71,1391,2,6,3,1,1,0,امیریه
4275000000,71,1388,2,2,2,1,1,1,دانشجو
3300000000,71,1390,1,4,1,1,1,1,هفت تیر (آب و برق)
3800000000,71,1388,2,3,1,0,1,1,کوثر
2700000000,71,1389,2,4,0,0,1,1,نیروی هوایی
2100000000,72,1388,2,3,3,0,1,0,شهرک رازی (شهرک غرب)
1880000000,72,1388,2,3,3,0,1,0,الهیه
3290000000,72,1404,2,1,1,1,1,1,الهیه
2800000000,72,1387,2,4,4,0,1,1,دانشجو
1550000000,72,1401,2,4,0,1,0,1,موسوی قوچانی
1800000000,72,1390,1,3,3,0,1,1,الهیه
1830000000,72,1389,2,3,3,0,1,0,جاهد شهر
2900000000,72,1385,2,2,2,0,1,1,صیاد شیرازی
4350000000,72,1380,1,3,0,0,0,0,سید رضی
4500000000,72,1386,2,4,1,0,1,1,هنرستان
2900000000,72,1386,2,2,2,0,0,1,صیاد شیرازی
3290000000,72,1404,2,1,1,1,1,1,امیریه
4650000000,73,1404,2,2,2,1,1,1,حرم مطهر رضوی
3000000000,74,1394,2,0,0,0,1,1,بهارستان
2799000000,73,1390,2,2,2,0,1,1,فرهنگیان (شهرک غرب)
4100000000,73,1388,2,4,4,1,1,1,تربیت (صدف)
2430000000,73,1383,2,3,3,0,1,1,جاهد شهر
5000000000,73,1404,2,2,2,1,1,1,سلام
2450000000,73,1390,2,4,4,0,1,0,الهیه
1680000000,73,1397,2,5,4,1,0,0,مشکینی (شهرک غرب)
2900000000,75,1394,2,1,1,1,1,1,جاهد شهر
3250000000,73,1387,2,4,4,1,1,1,شهرآرا
2590000000,73,1387,2,4,3,0,1,1,شهرک رازی (شهرک غرب)
2800000000,73,1392,2,1,1,1,1,0,الهیه
2260000000,73,1390,2,4,4,1,1,1,جاهد شهر
2750000000,73,1393,2,3,3,0,1,1,شهرک لشکر (شهرک غرب)
2550000000,73,1391,2,4,2,1,1,1,هنرور
215000000,74,1404,2,0,0,0,0,1,نوده
4100000000,74,1391,2,2,2,1,1,1,دانشجو
2820000000,75,1388,2,4,4,0,1,1,آزادشهر
2300000000,74,1385,2,4,4,0,1,1,حجاب (شهرک غرب)
2950000000,74,1390,2,1,1,0,1,1,هنرور
4200000000,74,1392,2,2,2,1,1,1,دانشجو
4200000000,74,1392,2,2,2,1,1,1,دانشجو
3250000000,74,1385,2,1,1,0,1,1,حسابی جنوبی (شهرک غرب)
1860000000,74,1394,2,1,1,0,1,0,مشکینی (شهرک غرب)
4700000000,74,1386,2,1,1,0,1,1,آزادشهر
1745000000,75,1396,2,5,1,0,0,0,شهید مطهری
3250000000,75,1394,2,6,1,0,1,1,الهیه
3700000000,75,1386,2,2,2,0,1,1,کوه سنگی
2400000000,75,1385,2,3,3,0,1,1,حجاب (شهرک غرب)
4350000000,75,1385,2,4,1,0,1,1,فرهنگ
2850000000,75,1390,2,3,2,0,1,1,صیاد شیرازی
1030000000,60,1394,1,4,4,0,0,0,گلبرگ شمالی
4100000000,75,1390,2,1,1,0,1,1,صیاد شیرازی
3300000000,75,1403,2,3,1,0,1,1,الهیه
780000000,75,1398,1,0,0,0,0,1,خواجه ربیع
2950000000,75,1395,2,3,3,1,1,1,الهیه
2850000000,75,1398,2,3,3,1,1,1,میعاد (شهرک غرب)
4200000000,75,1388,2,2,2,1,1,1,دانشجو
1775000000,75,1389,1,3,0,0,0,0,حجاب (شهرک غرب)
2980000000,75,1385,2,4,1,0,1,1,حسابی جنوبی (شهرک غرب)
3150000000,75,1387,2,4,2,0,1,1,فرهنگیان (شهرک غرب)
1500000000,75,1400,1,4,1,0,0,0,نوده
1350000000,75,1403,1,3,3,0,1,1,شهرک بهارستان
4600000000,75,1385,2,4,1,1,1,1,دانشجو
2350000000,75,1389,2,4,4,0,1,1,شهرک رازی (شهرک غرب)
2300000000,75,1389,2,4,4,0,1,1,شهرک رازی (شهرک غرب)
3198000000,75,1384,2,2,2,0,1,0,صیاد شیرازی
3150000000,75,1394,2,1,1,1,1,1,شهرک رازی (شهرک غرب)
1550000000,75,1380,1,2,2,0,0,0,رسالت
3250000000,75,1386,2,4,2,0,1,1,اقبال
2120000000,75,1391,2,1,1,1,1,0,ادیب نیشابوری (شهرک غرب)
1830000000,75,1404,2,2,2,0,0,0,ایثارگران
3195000000,75,1387,2,1,1,0,1,1,شهرک رازی (شهرک غرب)
4500000000,75,1389,2,4,4,1,1,1,آزادشهر
2650000000,75,1389,2,3,3,0,1,1,شهرک رازی (شهرک غرب)
3370000000,75,1404,2,9,3,1,1,1,مشکینی (شهرک غرب)
2300000000,75,1391,2,4,3,1,1,1,جاهد شهر
4150000000,75,1394,2,4,4,1,1,1,هفده شهریور
1125000000,75,1400,1,2,1,0,0,0,کشف
3700000000,75,1404,2,3,3,1,1,1,شهرک رازی (شهرک غرب)
3700000000,75,1388,2,5,5,1,1,1,هفت تیر (آب و برق)
2300000000,75,1388,2,4,4,0,1,1,فرهنگیان (شهرک غرب)
3120000000,75,1390,2,1,1,0,1,1,نرگس (شهرک غرب)
1280000000,75,1402,1,1,1,0,0,1,نظام دوست
1250000000,75,1391,1,1,1,0,0,1,نوید
2500000000,75,1388,2,4,2,0,1,1,حجاب (شهرک غرب)
3390000000,75,1390,2,4,2,1,1,1,فرهنگیان (شهرک غرب)
3450000000,75,1386,2,3,3,1,1,1,هفت تیر (آب و برق)
5100000000,75,1383,2,2,2,1,1,1,کوثر
3300000000,75,1387,2,0,0,0,1,1,تربیت (صدف)
2020000000,75,1393,1,5,0,0,0,0,مشکینی (شهرک غرب)
2400000000,75,1390,2,2,2,0,1,1,شهرک لشکر (شهرک غرب)
1700000000,75,1389,2,5,4,0,0,1,شهید مطهری
1600000000,75,1390,1,2,2,0,0,0,شفا
3150000000,75,1390,2,0,0,0,1,1,فرهنگیان (شهرک غرب)
850000000,75,1400,2,3,0,0,0,0,نوید
3160000000,75,1398,2,4,4,1,1,1,الهیه
2200000000,75,1396,1,4,2,1,1,1,فدک
1570000000,75,1400,1,3,3,0,0,1,شهید مطهری
3500000000,75,1393,2,4,1,1,1,1,اقبال
3300000000,75,1392,2,3,2,0,1,1,سرافرازان
1590000000,75,1397,2,4,3,0,0,1,ایثارگران
3400000000,75,1388,2,3,3,1,1,1,هفت تیر (آب و برق)
4280000000,72,1381,2,2,2,1,1,1,دانشجو
4900000000,75,1387,2,1,1,0,1,0,فرهنگ
2450000000,75,1396,2,2,2,0,1,1,الهیه
3400000000,75,1387,2,4,3,0,1,1,صیاد شیرازی
1800000000,75,1397,2,4,4,0,0,1,شهرآرا
3550000000,75,1388,2,0,0,0,1,1,آزادشهر
3000000000,75,1384,2,3,3,0,1,1,صیاد شیرازی
2000000000,75,1394,2,3,2,0,0,0,مشکینی (شهرک غرب)
2300000000,75,1388,2,4,4,0,1,1,شهرک رازی (شهرک غرب)
3050000000,75,1388,2,4,2,0,1,1,فرهنگیان (شهرک غرب)
2500000000,75,1383,2,4,4,0,1,1,شهرآرا
1840000000,75,1391,1,1,1,0,0,1,شهید مطهری
4000000000,75,1389,2,4,2,1,1,1,سید رضی
2800000000,75,1389,2,2,2,0,1,1,فرهنگیان (شهرک غرب)
4600000000,75,1386,2,1,1,1,1,1,دانشجو
3480000000,75,1391,2,2,2,0,1,1,هفت تیر (حافظ)
2400000000,75,1382,2,3,3,0,1,1,ادیب نیشابوری (شهرک غرب)
2250000000,75,1394,2,4,3,0,1,1,حجاب (شهرک غرب)
2290000000,75,1389,2,4,4,0,1,1,فرهنگیان (شهرک غرب)
3600000000,75,1386,2,3,2,0,1,1,رضاشهر
1200000000,75,1396,2,4,2,0,0,1,توس (بلوار توس)
2200000000,75,1394,2,4,2,1,0,0,ادیب نیشابوری (شهرک غرب)
2580000000,75,1389,2,3,3,0,1,1,میعاد (شهرک غرب)
2830000000,75,1395,2,6,4,1,1,0,الهیه
3500000000,75,1395,2,3,3,1,1,1,فرهنگیان (شهرک غرب)
2400000000,75,1393,2,6,3,1,1,1,الهیه
1480000000,75,1403,2,3,3,1,1,0,یوسفیه (شهرک غرب)
1950000000,75,1403,1,2,2,0,0,1,هفت تیر (نه دره)
3000000000,75,1403,2,3,3,0,0,1,خرمشهر
2250000000,75,1391,2,0,0,1,0,0,سرافرازان
1300000000,75,1404,2,3,3,1,0,0,شفا
2070000000,75,1403,2,1,1,1,1,0,امیر
2850000000,75,1385,2,3,0,0,1,1,حجاب (شهرک غرب)
